id,title,content,category,score,comments,date,author,year,subreddit,scraped_at,clean_title,clean_content,full_text,text_length
1siu00k,Best washing machines in algeria,as the title indicated im planning on buying a new washing machine and im aiming for longévité and endurance something i will buy now and forget about it you guys tell me what's the best brands and model the price doesn't really matter,food,1,0,2026-04-11 21:28:16,Slight_Paramedic8751,2026,algeriarates,2026-04-11 22:23:13.797676,best washing machines algeria,title indicated im planning buying new washing machine im aiming long vit endurance something i now forget about guys tell me what best brands model doesn really matter,best washing machines algeria title indicated im planning buying new washing machine im aiming long vit endurance something i now forget about guys tell me what best brands model doesn really matter,168
1shqczy,Emmanuelle Jane parfum,girls summer is coming and i really recommend this perfume it’s fresh sweet and gives total summer vibes ✨ 10/10,cosmetics,30,38,2026-04-10 16:48:20,SherryCipher,2026,algeriarates,2026-04-11 22:23:13.801906,emmanuelle jane parfum,girls summer coming i really recommend perfume fresh sweet gives total summer vibes 10 10,emmanuelle jane parfum girls summer coming i really recommend perfume fresh sweet gives total summer vibes 10 10,89
1shiseg,Ur opinion about this router?,Does anyone have experience or knowledge of these products. please share your insights,electronics,2,3,2026-04-10 11:34:14,bread8hope,2026,algeriarates,2026-04-11 22:23:13.801996,ur opinion about router,anyone experience knowledge products please share your insights,ur opinion about router anyone experience knowledge products please share your insights,63
1shikf6,stove recommendation,any good stove (cuisinière) brands recommendations? ours is broken and i want to buy a new one and all i can find are local brands and i don't know if they're any good ,appliances,1,1,2026-04-10 11:22:24,Individual_Run_3896,2026,algeriarates,2026-04-11 22:23:13.802047,stove recommendation,stove cuisini re brands recommendations ours broken i want new one i can find local brands i don know if re,stove recommendation stove cuisini re brands recommendations ours broken i want new one i can find local brands i don know if re,107
1shh0h7,Help me choose,"I’m looking for the best cleanser gel, my skin tends to get oily, especially with summer coming and the hot, humid weather. I need a gel cleanser that really deep-cleans and controls shine without over-drying. can you suggest me some.",food,3,33,2026-04-10 09:52:15,CommercialHealth1634,2026,algeriarates,2026-04-11 22:23:13.802094,help me choose,i looking best cleanser gel my skin tends get oily especially summer coming hot humid weather i need gel cleanser really deep cleans controls shine drying can suggest me,help me choose i looking best cleanser gel my skin tends get oily especially summer coming hot humid weather i need gel cleanser really deep cleans controls shine drying can suggest me,169
1sgxmkd,Best phone for a budget of 35k ?,"what is the best phone for a budget of 35 000 DA, prioritizing camera quality?",electronics,1,16,2026-04-09 19:16:21,Ill_Television_2620,2026,algeriarates,2026-04-11 22:23:13.802113,best phone budget 35k,what best phone budget 35 000 da prioritizing camera,best phone budget 35k what best phone budget 35 000 da prioritizing camera,52
1sgrkiu,Cheap sunblock for handssss,"hi algerian girliess, please recommend a cheap sunblock for me to use it for my hands, thank you byebyeee",appliances,2,1,2026-04-09 15:41:58,maybeitsmemaybenot_,2026,algeriarates,2026-04-11 22:23:13.802180,cheap sunblock handssss,hi algerian girliess please recommend cheap sunblock me use my hands thank byebyeee,cheap sunblock handssss hi algerian girliess please recommend cheap sunblock me use my hands thank byebyeee,83
1sgc3ke,Rate this coffee,I give it 7/10 not very strong for my taste but It’s a healthier alternative since it contains 0 sugar ,food,7,3,2026-04-09 02:43:30,awtee,2026,algeriarates,2026-04-11 22:23:13.802210,rate coffee,i give 7 10 strong my taste healthier alternative since contains 0 sugar,rate coffee i give 7 10 strong my taste healthier alternative since contains 0 sugar,72
1sfqy4g,Bifa bonito cookies,"I've just tried them, really delicious and soft, they melt in your mouth and the taste of the peanuts is strong, they're generous with the cream filling. 
10/10",cosmetics,15,16,2026-04-08 13:07:44,Spirited-Ice9930,2026,algeriarates,2026-04-11 22:23:13.802277,bifa bonito cookies,i ve tried really delicious soft melt your mouth taste peanuts strong re generous cream filling 10 10,bifa bonito cookies i ve tried really delicious soft melt your mouth taste peanuts strong re generous cream filling 10 10,101
1sfefhy,Tod and ooredoo,"can someone please guide me to activate my Tod subscription via ooredoo?

I already paid but I'm completely clueless on what to do next",electronics,1,0,2026-04-08 02:00:45,Competitive-Sink-212,2026,algeriarates,2026-04-11 22:23:13.802310,tod ooredoo,can someone please guide me activate my tod subscription via ooredoo i already paid i completely clueless what next,tod ooredoo can someone please guide me activate my tod subscription via ooredoo i already paid i completely clueless what next,115
1se2xb3,Could you help me find an Algerian sunscreen (SPF 50+) that doesn't leave a white cast ?,"I currently use the Venus one, but it leaves such a heavy white cast that it looks like I've applied paint. It stays that way for a long time and is very hard to blend, which makes it quite embarrassing to reapply when I'm out Please help",electronics,3,6,2026-04-06 16:58:28,kagura_kagura,2026,algeriarates,2026-04-11 22:23:13.803100,help me find algerian sunscreen spf 50 doesn leave white cast,i currently use venus one leaves heavy white cast looks i ve applied paint stays way long time hard blend which makes quite embarrassing reapply when i please help,help me find algerian sunscreen spf 50 doesn leave white cast i currently use venus one leaves heavy white cast looks i ve applied paint stays way long time hard blend which makes quite embarrassing reapply when i please help,163
1sct2hs,1000/10 my favorite parfume,"MFK Amyris Homme by maisonfranciskurkdjian

seductive fresh scent,

The fragrance starts with an acidic note of mandarin with an aromatic touch of rosemary, some of that is followed by the smell of amyris, but with a light touch after about minutes. A pure and beautiful mixture of iris enters with the sweetness of tonka bean and a touch of coffee and coconut with a beautiful milky character with light notes of chocolate",food,20,6,2026-04-05 04:29:51,Bitter_Cow4817,2026,algeriarates,2026-04-11 22:23:13.804097,1000 10 my favorite parfume,mfk amyris homme maisonfranciskurkdjian seductive fresh scent fragrance starts acidic note mandarin aromatic touch rosemary followed smell amyris light touch after about minutes pure beautiful mixture iris enters sweetness tonka bean touch coffee coconut beautiful milky character light notes chocolate,1000 10 my favorite parfume mfk amyris homme maisonfranciskurkdjian seductive fresh scent fragrance starts acidic note mandarin aromatic touch rosemary followed smell amyris light touch after about minutes pure beautiful mixture iris enters sweetness tonka bean touch coffee coconut beautiful milky character light notes chocolate,302
1sbvl2j,6\10 Algerian service tbh,"I am a person who uses yassir a lot because of my job and studies and recently the last 3 months i  have been facing repetitive problems where drivers are not using the maps AT ALL and relying on me 100% to guide them and even complain abt my diractions ( twlti tri9 aooff , machi mnaa , ooof jbtina mn tri9 mghlo9a ) and that’s completely makes yassir no difference then public regular taxis , also the maps itself is completely wrong doesn’t give ur correct current location plus a lot of places or buldings or simply locations are not in thier app  . 

 Number two is the prices,  ISTG i did noticed that it’s getting wild like a road of 7 minutes will cost you 300DA and you can’t do anything abt it  but quite the opposite , i noticed ( happened to me a loot) that drivers do not give u change when you pay them they assume that they don’t have cash and ask you to forget abt it and just give it to them ( out of embarrassment i say yes everytime, but sometimes i really needed that change so as anyone else) . A 6/10 was for the few or lets say 70% of the remaining drivers mashallah elihom are so kind and nice , polite , trust worthy and reliable, but i still can’t see my self using it any longer , was thinking of switching to in drive but i don’t have any experience is it better or not ",food,11,31,2026-04-04 02:10:28,SL_rania,2026,algeriarates,2026-04-11 22:23:13.804459,6 10 algerian service tbh,i am person who uses yassir lot because my job studies recently last 3 months i facing repetitive problems where drivers using maps relying me 100 guide even complain abt my diractions twlti tri9 aooff machi mnaa ooof jbtina mn tri9 mghlo9a completely makes yassir difference public regular taxis also maps itself completely wrong doesn give ur correct current location plus lot places buldings simply locations thier app number two prices istg i noticed getting wild road 7 minutes cost 300da can anything abt quite opposite i noticed happened me loot drivers give u change when pay assume don cash ask forget abt give embarrassment i say yes everytime sometimes i really needed change anyone else 6 10 lets say 70 remaining drivers mashallah elihom kind polite trust worthy reliable i still can see my self using longer thinking switching drive i don experience better,6 10 algerian service tbh i am person who uses yassir lot because my job studies recently last 3 months i facing repetitive problems where drivers using maps relying me 100 guide even complain abt my diractions twlti tri9 aooff machi mnaa ooof jbtina mn tri9 mghlo9a completely makes yassir difference public regular taxis also maps itself completely wrong doesn give ur correct current location plus lot places buldings simply locations thier app number two prices istg i noticed getting wild road 7 minutes cost 300da can anything abt quite opposite i noticed happened me loot drivers give u change when pay assume don cash ask forget abt give embarrassment i say yes everytime sometimes i really needed change anyone else 6 10 lets say 70 remaining drivers mashallah elihom kind polite trust worthy reliable i still can see my self using longer thinking switching drive i don experience better,870
1sbmpv1,Healthy juices on the market,"As someone who can't go a meal without a drink, I'd like recommendations for a healthy beverage available in the Algerian market that might be less harmful than sugary drinks. I know nothing is 100% healthy, but at least something to minimize the negative effects.",food,2,10,2026-04-03 20:08:32,[deleted],2026,algeriarates,2026-04-11 22:23:13.804505,healthy juices market,someone who can go meal drink i d recommendations healthy beverage available algerian market might less harmful sugary drinks i know nothing 100 healthy least something minimize negative effects,healthy juices market someone who can go meal drink i d recommendations healthy beverage available algerian market might less harmful sugary drinks i know nothing 100 healthy least something minimize negative effects,194
1sbkoq2,I bring 100% authentic skincare products anywhere in Algeria!!,"Hey everyone, hope you’re all doing well !

•If anyone is looking for someone to get them original skincare products — I’m here  !

I know how hard it is to find authentic skincare in Algeria without stressing about fakes or not knowing who to trust, so I just wanted to put myself out there

I personally take orders for 100% authentic products :

The Ordinary, CeraVe, La Roche-Posay, Korean skincare and more !

✅ Real products, no fakes

✅ Delivery anywhere in Algeria 📦

✅ Skincare advice included 🌿

I use my personal account so you know there’s a real girl behind this — not just some random page 😊

Just DM me what you’re looking for, nd see if it’s available !

مرحبا بيكم 🤍",appliances,11,4,2026-04-03 18:54:05,urwishx,2026,algeriarates,2026-04-11 22:23:13.853038,i bring 100 authentic skincare products anywhere algeria,hey everyone hope re if anyone looking someone get original skincare products i i know how hard find authentic skincare algeria stressing about fakes knowing who trust i wanted put myself i personally take orders 100 authentic products ordinary cerave roche posay korean skincare real products fakes delivery anywhere algeria skincare advice included i use my personal account know real girl behind random page dm me what re looking nd see if available,i bring 100 authentic skincare products anywhere algeria hey everyone hope re if anyone looking someone get original skincare products i i know how hard find authentic skincare algeria stressing about fakes knowing who trust i wanted put myself i personally take orders 100 authentic products ordinary cerave roche posay korean skincare real products fakes delivery anywhere algeria skincare advice included i use my personal account know real girl behind random page dm me what re looking nd see if available,452
1sbfedw,Best Restaurants in Algeria,"Best restaurants places to eat in Algiers or Tipaza , 

Hit me with your recommendations !",appliances,1,7,2026-04-03 15:38:40,Hublotx,2026,algeriarates,2026-04-11 22:23:13.853174,best restaurants algeria,best restaurants places eat algiers tipaza hit me your recommendations,best restaurants algeria best restaurants places eat algiers tipaza hit me your recommendations,70
1sbbh44,Hheelpp,Does anyone know where I can find a palette like this in Algeria? ,appliances,10,9,2026-04-03 12:53:45,razannn_n,2026,algeriarates,2026-04-11 22:23:13.853194,hheelpp,anyone know where i can find palette algeria,hheelpp anyone know where i can find palette algeria,44
1sb11pm,Best indomei brand in Algeria?,"شفت بوست تع واحد على الاندومي جعت 
So what do yall think is the best indoomei thats ""reasonably"" priced in Algeria?

",food,6,16,2026-04-03 03:18:44,Ambitious_Dog8996,2026,algeriarates,2026-04-11 22:23:13.853212,best indomei brand algeria,what yall think best indoomei thats reasonably priced algeria,best indomei brand algeria what yall think best indoomei thats reasonably priced algeria,61
1sasb3b,wise / redotpay cards questins,"for context ; i want to buy Minecraft java , the one one official sites costs A LOT , i found random post of Algerian guy asking same question on Minecraft subreddit , turns out he bought it from website called CDkeys for 13 euros (it sells u the key). i do have wise card ,but i dont have redotpay card and if it takes i may make an acc.

i have couple questions now :

1.  any1 got any experience with this website or on buying MC java in general ?
2. if i have 13£ exactly in my wise account , is it enough? is there r some fees i should worry about?
3. where can i get 13£ to my wise account?
4. can i use redotpay ? i have no experience with it so idk tbh.

any1 can help me with any info pls , as i never bought outside algeria before.",appliances,1,9,2026-04-02 21:11:22,Escanor-__-Sama,2026,algeriarates,2026-04-11 22:23:13.853352,wise redotpay cards questins,context i want minecraft java one one official sites costs lot i found random post algerian guy asking question minecraft subreddit turns bought website called cdkeys 13 euros sells u key i wise card i dont redotpay card if takes i may make acc i couple questions now 1 any1 got experience website buying mc java general 2 if i 13 exactly my wise account enough r fees i worry about 3 where can i get 13 my wise account 4 can i use redotpay i experience idk tbh any1 can help me info pls i never bought outside algeria before,wise redotpay cards questins context i want minecraft java one one official sites costs lot i found random post algerian guy asking question minecraft subreddit turns bought website called cdkeys 13 euros sells u key i wise card i dont redotpay card if takes i may make acc i couple questions now 1 any1 got experience website buying mc java general 2 if i 13 exactly my wise account enough r fees i worry about 3 where can i get 13 my wise account 4 can i use redotpay i experience idk tbh any1 can help me info pls i never bought outside algeria before,525
1saoji0,Finding trusted cosmetics sellers with delivery in Algiers, I'm looking for the best and most reliable sellers of cosmetics in Algeria who offer delivery services please ..,appliances,3,5,2026-04-02 18:52:26,zoola_9865,2026,algeriarates,2026-04-11 22:23:13.853384,finding trusted cosmetics sellers delivery algiers,i looking best reliable sellers cosmetics algeria who offer delivery services please,finding trusted cosmetics sellers delivery algiers i looking best reliable sellers cosmetics algeria who offer delivery services please,84
1sal2dx,Affordable Algerian Skincare,"I just saw the prices of skincare from international brands and I’m so depressed they’re so expensive

Doesn’t anyone know a good Algerian brand that you’ve actually tried? I’m looking for

Niacinamide 

Vitamin C 

BHA/AHA 

Retinol 

Hyaluronic acid 

Basically any affordable Algerian skincare that contains these ingredients and other",food,7,30,2026-04-02 16:47:07,kagura_kagura,2026,algeriarates,2026-04-11 22:23:17.217174,affordable algerian skincare,i saw prices skincare international brands i depressed re expensive doesn anyone know algerian brand ve actually tried i looking niacinamide vitamin c bha aha retinol hyaluronic acid basically affordable algerian skincare contains ingredients,affordable algerian skincare i saw prices skincare international brands i depressed re expensive doesn anyone know algerian brand ve actually tried i looking niacinamide vitamin c bha aha retinol hyaluronic acid basically affordable algerian skincare contains ingredients,242
1s9tjf1,qashta_wqashtota,"chocolate 7/10 

pistachio 8.5/10",food,14,14,2026-04-01 19:47:20,lx_356,2026,algeriarates,2026-04-11 22:23:17.217421,qashta wqashtota,chocolate 7 10 pistachio 8 5 10,qashta wqashtota chocolate 7 10 pistachio 8 5 10,31
1s9mwv4,11/10 Centre ophtalmologique NOUVEAU REGARD in Boufarik,"they have all the equipment and they are super friendly with a smily face and answer all your questions and do a full checkup 3 specialist depending on your case, they charges 2000da-3000da depending on what you do

they do answer on the phone",electronics,7,5,2026-04-01 15:56:59,Neat_Count666,2026,algeriarates,2026-04-11 22:23:17.217463,11 10 centre ophtalmologique nouveau regard boufarik,equipment super friendly smily face answer your questions full checkup 3 specialist depending your case charges 2000da 3000da depending what answer phone,11 10 centre ophtalmologique nouveau regard boufarik equipment super friendly smily face answer your questions full checkup 3 specialist depending your case charges 2000da 3000da depending what answer phone,153
1s8q99i,DZD CURRENCY,"Hi everyone, 

Can someone please explain to me how the Algeria currency works I try to convert it to GBP and it seems incorrect. I convert £10 and it says 1755.95- is this right ? 

Also I wanted to ask, what is the normal pricing for a three bed apartments in Algiers ? I’m asking because my partner is Algerian and he keeps telling me he’s going to buy one there but I can’t find anything online and I don’t understand the currency so how much are they roughly. ",appliances,2,12,2026-03-31 16:13:50,PossessionHealthy408,2026,algeriarates,2026-04-11 22:23:17.217654,dzd currency,hi everyone can someone please explain me how algeria currency works i try convert gbp seems incorrect i convert 10 says 1755 95 right also i wanted ask what normal pricing three bed apartments algiers i asking because my partner algerian keeps telling me going one i can find anything online i don understand currency how much roughly,dzd currency hi everyone can someone please explain me how algeria currency works i try convert gbp seems incorrect i convert 10 says 1755 95 right also i wanted ask what normal pricing three bed apartments algiers i asking because my partner algerian keeps telling me going one i can find anything online i don understand currency how much roughly,335
1s8627i,Ooredoo Nyooz to Gold,"Hello everyone,
I hope you are doing well! I would like to know if it's possible to keep my current Ooredoo number (Nyooz plan) and switch to ""La Gold"" plan with this number still.

Thanks",electronics,2,0,2026-03-30 23:52:21,freshfrx,2026,algeriarates,2026-04-11 22:23:17.217717,ooredoo nyooz gold,hello everyone i hope i know if possible keep my current ooredoo number nyooz plan switch gold plan number still thanks,ooredoo nyooz gold hello everyone i hope i know if possible keep my current ooredoo number nyooz plan switch gold plan number still thanks,119
1s86040,Need help choosing between two laptops,"Hey guys I've posted here before asking for recs and after taking them into consideration I've chosen an HP elitebook however I need help choosing between two of them with the same specs but different generations both HP elitebooks 645 one is g9 and one is g10 

First one is : HP EliteBook 640 G10

i5-1345U/16 Go DDR4 /

512Go SSD

/ 14"" FHD

Price: 90,000 DA

Specifications:

Screen: 14"" FHD (1920×1080), IPS panel, anti-glare

Processor: Intel Core i5-1345U (13th generation

10 cores: 2 Performance + 8 Efficient / 12 threads, frequency up to 4.7 GHz)

Graphics Card: Integrated Intel Iris Xe Graphics

RAM: 16Go DDR4 3200 MHz

Storage: 512GB NVMe SSD

System: Windows 11

Clavier: AZERTY

Color / Chassis: Professional Design


Second:
HP ELITEBOOK 645 G9

Cpu: Processeur RYZEN 5 PRO 5675U UP TO 4,3GHz (equiv i5 13eme)

Ram: 16GB DDR4 3200MHz

Graphics Card: AMD Radeon Graphics UP to 8GB

Storage: 512GB SSD NVME

ECRAN: 14.1"" FHD

Original Charger, 6-Month Warranty

ETAT: 10/10

Price : 78 500 Da 

Both laptops have the specs that I'm looking for (16go ram and 512 go) and a suitable screen size that's not too big nor too small,  both are used +++I looked for their release dates and the g9 is older by one year (so it's been used for 1 year longer) 

My MAIN question is : is it worth it to drop 11k more on the g10? 
I'd appreciate any help I can get!",food,1,23,2026-03-30 23:49:58,bluemoonhyeon,2026,algeriarates,2026-04-11 22:23:17.217787,need help choosing between two laptops,hey guys i ve posted before asking recs after taking into consideration i ve chosen hp elitebook however i need help choosing between two specs different generations hp elitebooks 645 one g9 one g10 first one hp elitebook 640 g10 i5 1345u 16 go ddr4 512go ssd 14 fhd 90 000 da specifications screen 14 fhd 1920 1080 ips panel anti glare processor intel core i5 1345u 13th generation 10 cores 2 performance 8 efficient 12 threads frequency 4 7 ghz graphics card integrated intel iris xe graphics ram 16go ddr4 3200 mhz storage 512gb nvme ssd system windows 11 clavier azerty color chassis professional design second hp elitebook 645 g9 cpu processeur ryzen 5 pro 5675u 4 3ghz equiv i5 13eme ram 16gb ddr4 3200mhz graphics card amd radeon graphics 8gb storage 512gb ssd nvme ecran 14 1 fhd original charger 6 month warranty etat 10 10 78 500 da laptops specs i looking 16go ram 512 go suitable screen size big small used i looked their release dates g9 older one year used 1 year longer my main question worth drop 11k g10 i d appreciate help i can get,need help choosing between two laptops hey guys i ve posted before asking recs after taking into consideration i ve chosen hp elitebook however i need help choosing between two specs different generations hp elitebooks 645 one g9 one g10 first one hp elitebook 640 g10 i5 1345u 16 go ddr4 512go ssd 14 fhd 90 000 da specifications screen 14 fhd 1920 1080 ips panel anti glare processor intel core i5 1345u 13th generation 10 cores 2 performance 8 efficient 12 threads frequency 4 7 ghz graphics card integrated intel iris xe graphics ram 16go ddr4 3200 mhz storage 512gb nvme ssd system windows 11 clavier azerty color chassis professional design second hp elitebook 645 g9 cpu processeur ryzen 5 pro 5675u 4 3ghz equiv i5 13eme ram 16gb ddr4 3200mhz graphics card amd radeon graphics 8gb storage 512gb ssd nvme ecran 14 1 fhd original charger 6 month warranty etat 10 10 78 500 da laptops specs i looking 16go ram 512 go suitable screen size big small used i looked their release dates g9 older one year used 1 year longer my main question worth drop 11k g10 i d appreciate help i can get,1050
1s7p8ob,Great flour for some healthier kisra,It's 200da a pop,food,52,18,2026-03-30 13:32:26,NieR_____,2026,algeriarates,2026-04-11 22:23:17.217932,flour healthier kisra,200da pop,flour healthier kisra 200da pop,9
1s715yb,Suggestions to fix my Samsung QLED 65'',"hello Les Dz, hope everyone is good, my tv got broken and I am confused if it would fix or no , if so please share with me a good store to fix it.

thank you ",electronics,17,28,2026-03-29 18:25:09,Horror_Example_6700,2026,algeriarates,2026-04-11 22:23:17.218162,suggestions fix my samsung qled 65,hello dz hope everyone my tv got broken i am confused if fix if please share me store fix thank,suggestions fix my samsung qled 65 hello dz hope everyone my tv got broken i am confused if fix if please share me store fix thank,95
1s6wnlz,Is it legit.,"So I came across this product and it is available for purchase, it's called white to Black shampoo for helping with white hair and strengthening the hair as well.

I didn't come across many reviews from people outside just advertising this product.

So is anyone here familiar with this product and does it work.",cosmetics,1,1,2026-03-29 15:32:36,Flashy-Tension-7613,2026,algeriarates,2026-04-11 22:23:17.218272,legit,i came across available purchase called white black shampoo helping white hair strengthening hair i didn come across many reviews people outside advertising anyone familiar work,legit i came across available purchase called white black shampoo helping white hair strengthening hair i didn come across many reviews people outside advertising anyone familiar work,177
1s6bd7c,recommend the best Algerian Facebook groups to join,"3labali bli ida 7tit had post f hadak groupe ta3 

"" algerian "" supprimiwholi , so I'm posting this here.. what are the most active and interesting algerian facebook groups right now ? ,rani jdida f Facebook..so ",appliances,4,17,2026-03-28 21:39:31,zoola_9865,2026,algeriarates,2026-04-11 22:23:17.218498,recommend best algerian facebook groups join,3labali bli ida 7tit post f hadak groupe ta3 algerian supprimiwholi i posting what active interesting algerian facebook groups right now rani jdida f facebook,recommend best algerian facebook groups join 3labali bli ida 7tit post f hadak groupe ta3 algerian supprimiwholi i posting what active interesting algerian facebook groups right now rani jdida f facebook,158
1s63tes,Best library in algeria,I found this library in constantine was built in 1930 it contains much old books from 1860 its nice and good if u needed a nice quiet place .,appliances,282,70,2026-03-28 16:46:01,thebbcguy9009,2026,algeriarates,2026-04-11 22:23:17.218673,best library algeria,i found library constantine built 1930 contains much old books 1860 its if u needed quiet place,best library algeria i found library constantine built 1930 contains much old books 1860 its if u needed quiet place,95
1s5xysq,I built a site that searches multiple Algerian e-commerce websites at once,"So basically I got tired of doing the same thing over and over every time I wanted to buy something online here (opening 5–10 tabs like Ouedkniss, Informatics, etc. and repeating the same search). It just felt messy and time consuming.

So I ended up building a small site called sahel search: [https://sahelsearch.com/](https://sahelsearch.com/)

The idea is simple: instead of going to each store separately, you just search once and it shows you results from different Algerian e-commerce sites in one place.

I’m still adding more stores but there's a decent amount of store in it, and I'm always working to improving the results and searching, but it already works to a decent extent for most general stuff.

I’d really like to get some feedback from you guys:

* does it actually save you time?
* What website you couldn't find that we should add
* are the results useful/relevant? and how can they be improved
* what would you improve or add or are you facing any issues/bugs.

Also there’s an Android app if you prefer that.

If you try it, let me know what you think (even if it’s negative). It’ll help me and the team improve it

https://preview.redd.it/mpobwv25qrrg1.png?width=1163&amp;format=png&amp;auto=webp&amp;s=36b0e826fdc5e4acb3d279f76aad4be6ee0e50d5

https://preview.redd.it/l71e9y4aqrrg1.png?width=1534&amp;format=png&amp;auto=webp&amp;s=653ac5a406a7952e60d7b1d0150c4eb49327296e

https://preview.redd.it/hs2jdtilqrrg1.png?width=1541&amp;format=png&amp;auto=webp&amp;s=e583ab6e3df32c188711684dbad0ca9f49bd7e8b

https://preview.redd.it/asxgs9zrqrrg1.png?width=1539&amp;format=png&amp;auto=webp&amp;s=9c2abc5dcc5917f49ca5d4629fe179f340d22d5b

",appliances,6,11,2026-03-28 12:34:30,SahelSearch,2026,algeriarates,2026-04-11 22:23:17.218978,i built site searches multiple algerian e commerce websites,basically i got tired thing every time i wanted something online opening 5 10 tabs ouedkniss informatics etc repeating search felt messy time consuming i ended building small site called sahel search idea simple instead going store separately search shows results different algerian e commerce sites one place i still adding stores decent amount store i always working improving results searching already works decent extent general stuff i d really get feedback guys actually save time what website couldn find add results useful relevant how can improved what improve add facing issues bugs also android app if prefer if try let me know what think even if negative ll help me team improve,i built site searches multiple algerian e commerce websites basically i got tired thing every time i wanted something online opening 5 10 tabs ouedkniss informatics etc repeating search felt messy time consuming i ended building small site called sahel search idea simple instead going store separately search shows results different algerian e commerce sites one place i still adding stores decent amount store i always working improving results searching already works decent extent general stuff i d really get feedback guys actually save time what website couldn find add results useful relevant how can improved what improve add facing issues bugs also android app if prefer if try let me know what think even if negative ll help me team improve,690
1s5f0sc,Proma instant coffee,"i just went for the cheapest instant coffee (i payed 330da for 45g) and honestly it's nice 8/10

do you think 330da for 45g is a reasonable price? ",food,15,22,2026-03-27 21:04:21,Feeling-Sign-9146,2026,algeriarates,2026-04-11 22:23:17.219047,proma instant coffee,i went cheapest instant coffee i payed 330da 45g honestly 8 10 think 330da 45g reasonable,proma instant coffee i went cheapest instant coffee i payed 330da 45g honestly 8 10 think 330da 45g reasonable,89
1s42l0p,Kool Maxy break à la crème au lait + caramel 5/10,"Disappointed with this one. I usually get the chocolate one which isn't bad
This, the milk creme was too sweet, the caramel layer too thin and spread unevenly, there's almost none in the middle and too little on the sides.
Would've been better maybe if it was chocolate/caramel 
Price: 80 DA
Wouldn't buy again ",food,7,2,2026-03-26 10:21:36,Most--Ardently--,2026,algeriarates,2026-04-11 22:23:17.219255,kool maxy break cr me au lait caramel 5 10,disappointed one i usually get chocolate one which isn milk creme sweet caramel layer thin spread unevenly almost none middle little sides ve better maybe if chocolate caramel 80 da wouldn again,kool maxy break cr me au lait caramel 5 10 disappointed one i usually get chocolate one which isn milk creme sweet caramel layer thin spread unevenly almost none middle little sides ve better maybe if chocolate caramel 80 da wouldn again,194
1s42aig,Best restaurants in Alger centre?,"Hi everyone , 

I'm planning to go on a walk this weekend and i’m trying to pick a place to eat in Algiers and I came across **El Marssem** and **La Calabraise**. ( i tried el merssem before but it was for a quick lunch break )

For those who’ve tried them — which one would you recommend? Is the food actually good or is one of them more about the vibe than the quality?

Also, if you have better restaurant suggestions **in Alger centre**, I’m open

MERCI ",appliances,3,2,2026-03-26 10:03:20,Lopsided-Chef-2252,2026,algeriarates,2026-04-11 22:23:17.219325,best restaurants alger centre,hi everyone i planning go walk weekend i trying pick place eat algiers i came across el marssem calabraise i tried el merssem before quick lunch break who ve tried which one recommend food actually one about vibe also if better restaurant suggestions alger centre i open merci,best restaurants alger centre hi everyone i planning go walk weekend i trying pick place eat algiers i came across el marssem calabraise i tried el merssem before quick lunch break who ve tried which one recommend food actually one about vibe also if better restaurant suggestions alger centre i open merci,276
1s37825,Affordable skincare/body care gift ideas? Need help,"Hi everyone!

I’m looking for an affordable gift idea for my fiancée’s mom and sister. I was thinking either a skincare set or a body care set (like shower gel + body lotion + body mist).

The thing is, I’m pretty picky with scents/products for myself, and I’m not sure they’d like what I personally use 😅 so I’d rather go with something more “safe” and generally liked.

Do you have any recommendations for good, affordable products or sets that are easy to find (drugstore or widely available brands)?

I’d really appreciate any suggestions",cosmetics,2,5,2026-03-25 11:44:02,Lopsided-Chef-2252,2026,algeriarates,2026-04-11 22:23:25.394044,affordable skincare body care gift ideas need help,hi everyone i looking affordable gift idea my fianc e mom sister i thinking either skincare set body care set shower gel body lotion body mist thing i pretty picky scents products myself i sure d what i personally use i d rather go something safe generally liked recommendations affordable products sets easy find drugstore widely available brands i d really appreciate suggestions,affordable skincare body care gift ideas need help hi everyone i looking affordable gift idea my fianc e mom sister i thinking either skincare set body care set shower gel body lotion body mist thing i pretty picky scents products myself i sure d what i personally use i d rather go something safe generally liked recommendations affordable products sets easy find drugstore widely available brands i d really appreciate suggestions,381
1s2spvq,Votes results !,"the overwhelming majority choose the first option "" going back to how the sub used to be"" 

as a result, that's how moderation is gonna be from now on:

\- rating algerian products, 

\- rating algerian places 

\- rating algerian services,

all in Algeria, or algerian only, all with the genuine objective of benefiting others , 

what doesn't fit that will be considered as off topic,

what do you think about the change?",appliances,47,23,2026-03-24 23:31:33,ZookeepergameFit2918,2026,algeriarates,2026-04-11 22:23:25.398634,votes results,overwhelming majority choose first option going back how sub used result how moderation gonna now rating algerian products rating algerian places rating algerian services algeria algerian genuine objective benefiting others what doesn fit considered topic what think about change,votes results overwhelming majority choose first option going back how sub used result how moderation gonna now rating algerian products rating algerian places rating algerian services algeria algerian genuine objective benefiting others what doesn fit considered topic what think about change,279
1s1mkyg,"(23/F) Want to start hiking /camping in Algeria, but I don't know where or who to go with.","Hello everyone! I hope you had a wonderful Eid 

I’m looking for a trustworthy, professional and respectful travel agency that organizes hiking / camping trips starting from Algiers. 

I’m a complete beginner and honestly don’t know at all where to start, so I would really appreciate any recommendations, advice, or even tips on how to choose a good agency and to avoid any type of trouble. 

Thank you in advance ❤️ ",appliances,2,6,2026-03-23 17:59:39,Dense_Button836,2026,algeriarates,2026-04-11 22:23:25.400104,23 f want start hiking camping algeria i don know where who go,hello everyone i hope wonderful eid i looking trustworthy professional respectful travel agency organizes hiking camping trips starting algiers i complete beginner honestly don know where start i really appreciate recommendations advice even tips how choose agency avoid type trouble thank advance,23 f want start hiking camping algeria i don know where who go hello everyone i hope wonderful eid i looking trustworthy professional respectful travel agency organizes hiking camping trips starting algiers i complete beginner honestly don know where start i really appreciate recommendations advice even tips how choose agency avoid type trouble thank advance,297
1s1ijfi,Rate Algeria's world cup kit 🇩🇿,"It deserves a good 8/10 according to me, with the Algerian flag instead of the FAF's logo as we used to see in the previous kits, as well as the trefoil Adidas Logo which replaces the 3 strips one.",food,17,39,2026-03-23 15:33:16,kamel_benhadja,2026,algeriarates,2026-04-11 22:23:25.400282,rate algeria world cup kit,deserves 8 10 according me algerian flag instead faf logo used see previous kits trefoil adidas logo which replaces 3 strips one,rate algeria world cup kit deserves 8 10 according me algerian flag instead faf logo used see previous kits trefoil adidas logo which replaces 3 strips one,128
1s0pnfy,Vote for a better sub,"what do you choose?

1- going back to serious ratings only of algerian places to visit, Algerian products and algerian services to try .

2-keeping the sub as it's.

3- doing something new by keeping fun posts and moderate better, ( in this case, what does it look like specifically to you )

[View Poll](https://www.reddit.com/poll/1s0pnfy)",appliances,15,8,2026-03-22 17:11:10,ZookeepergameFit2918,2026,algeriarates,2026-04-11 22:23:25.400658,vote better sub,what choose 1 going back serious ratings algerian places visit algerian products algerian services try 2 keeping sub 3 something new keeping fun posts moderate better case what look specifically view poll,vote better sub what choose 1 going back serious ratings algerian places visit algerian products algerian services try 2 keeping sub 3 something new keeping fun posts moderate better case what look specifically view poll,204
1s0ijev,What Algerian products would be best for a high protrein-low calorie meal,"I'm looking for products that are affordable and also healthy for muscle growth and fat loss, as a skinny fat individual i am trying to do a body recomposition but i can't afford expensive stuff since i need money for other stuff",appliances,2,9,2026-03-22 11:47:56,Lemo1467,2026,algeriarates,2026-04-11 22:23:25.400955,what algerian products best high protrein low calorie meal,i looking products affordable also healthy muscle growth fat loss skinny fat individual i am trying body recomposition i can afford expensive stuff since i need money stuff,what algerian products best high protrein low calorie meal i looking products affordable also healthy muscle growth fat loss skinny fat individual i am trying body recomposition i can afford expensive stuff since i need money stuff,172
1s049xz,"Reminder: this is a sub for rating products/services, pictures and food can be posted elsewhere","r/AlgeriaPics

r/AlgeriaFood",appliances,23,5,2026-03-21 23:09:22,Ill_Television_2620,2026,algeriarates,2026-04-11 22:23:25.401080,reminder sub rating products services pictures food can posted elsewhere,r algeriapics r algeriafood,reminder sub rating products services pictures food can posted elsewhere r algeriapics r algeriafood,27
1s02y21,FACE WASH AND FACE CREAM RECOMMENDATIONS.,"Hey everyone! I'm on the hunt for some new skincare goodies for combination skin. My t-zone can get a bit oily, but my cheeks tend to be on the drier side. Does anyone have any favorite face washes or moisturizers that work well for this skin type? I'm open to suggestions, so let me know what's been a game-changer for you! 
Thanks in advance for your help! ",food,1,1,2026-03-21 22:12:52,IvoryLynx0,2026,algeriarates,2026-04-11 22:23:25.401095,face wash face cream recommendations,hey everyone i hunt new skincare goodies combination skin my zone can get bit oily my cheeks tend drier side anyone favorite face washes moisturizers work skin type i open suggestions let me know what game changer thanks advance your help,face wash face cream recommendations hey everyone i hunt new skincare goodies combination skin my zone can get bit oily my cheeks tend drier side anyone favorite face washes moisturizers work skin type i open suggestions let me know what game changer thanks advance your help,238
1rzoj8f,Be careful (djezzy),"I tried this offer from the djezzy app shake feature, that 3gb is only valid for FACEBOOK,  so what will the other unspecified offers provide?

after calling client service, first conversation ghosted me out midcall , second didn't even pickup .

so guys be careful ",electronics,39,18,2026-03-21 11:55:02,silly___bird,2026,algeriarates,2026-04-11 22:23:25.401273,careful djezzy,i tried offer djezzy app shake feature 3gb valid facebook what unspecified offers provide after calling client service first conversation ghosted me midcall second didn even pickup guys careful,careful djezzy i tried offer djezzy app shake feature 3gb valid facebook what unspecified offers provide after calling client service first conversation ghosted me midcall second didn even pickup guys careful,193
1rzlxl8,the Algerian traditional outfit( men ),"Qst -for men—do you find the Algerian traditional outfit unattractive, which is why it’s being replaced by the emirati or the yamani traditional outfit during Eïd ,Or is it because it’s kinda expensive? What is the main reason?
Ps( i give all of my algerian clothes a 10/10).",appliances,251,93,2026-03-21 09:08:09,[deleted],2026,algeriarates,2026-04-11 22:23:25.401350,algerian traditional outfit men,qst men find algerian traditional outfit unattractive which why replaced emirati yamani traditional outfit during e d because kinda expensive what main reason ps i give my algerian clothes 10 10,algerian traditional outfit men qst men find algerian traditional outfit unattractive which why replaced emirati yamani traditional outfit during e d because kinda expensive what main reason ps i give my algerian clothes 10 10,194
1rz0js2,"The new formula of ""doctor"" and ""best smile"" Algerian mouthwashes is bad 2/10","عيدكم مبارك

Those products used to be near 10 out of 10 for me good price only 350da and work great almost like ""Listerine"".. but recently I noticed the taste and the effect gotten worse soon I realized they change the formula for example they no longer have medical alcohol ingredient that remove bad bacteria from mouth. Quite the disappointment especially when you account the very high price of foreign mouthwashes",food,5,1,2026-03-20 17:12:04,Shoumas,2026,algeriarates,2026-04-11 22:23:25.401602,new formula doctor best smile algerian mouthwashes 2 10,products used near 10 10 me 350da work almost listerine recently i noticed taste effect gotten worse soon i realized change formula example longer medical alcohol ingredient remove bacteria mouth quite disappointment especially when account high foreign mouthwashes,new formula doctor best smile algerian mouthwashes 2 10 products used near 10 10 me 350da work almost listerine recently i noticed taste effect gotten worse soon i realized change formula example longer medical alcohol ingredient remove bacteria mouth quite disappointment especially when account high foreign mouthwashes,265
1ryq2y1,Each bite is a quiet celebration,"* Slightly toasted almonds
* Good, even very good quality cocoa
* Honey
Filling, energizing, and a celebration for the taste buds.",food,19,7,2026-03-20 08:48:05,zvburner,2026,algeriarates,2026-04-11 22:23:29.158791,bite quiet celebration,slightly toasted almonds even cocoa honey filling energizing celebration taste buds,bite quiet celebration slightly toasted almonds even cocoa honey filling energizing celebration taste buds,83
1ryogc0,Cheap original perfumes in Algeria?,"Hey,
Looking for original perfumes on a low budget in Algeria.

Any good recommendationsto buy ?

Thanks . ",appliances,1,9,2026-03-20 07:08:26,lx_356,2026,algeriarates,2026-04-11 22:23:29.158850,cheap original perfumes algeria,hey looking original perfumes low budget algeria recommendationsto thanks,cheap original perfumes algeria hey looking original perfumes low budget algeria recommendationsto thanks,73
1rymwwm,Eid Mubarak ❤️,moon over the foggy city of Algiers. ,appliances,18,0,2026-03-20 05:41:00,swifty19946,2026,algeriarates,2026-04-11 22:23:29.158880,eid mubarak,moon foggy city algiers,eid mubarak moon foggy city algiers,23
1rwvuwd,The Dinosaurs (TV Mini Series 2026),"I think is the best documentary about dinosaurs has made until now
My final rate is : 9.5/10 🔥",electronics,5,2,2026-03-18 07:05:21,akram2130,2026,algeriarates,2026-04-11 22:23:29.159756,dinosaurs tv mini series 2026,i think best documentary about dinosaurs made until now my final rate 9 5 10,dinosaurs tv mini series 2026 i think best documentary about dinosaurs made until now my final rate 9 5 10,76
1rwvoaq,Anyone knows a good curl cream?,"Hey, I’m looking for a good curl cream that actually works.

Max budget 1000 DA.

I want it to be strong and safe, don’t wanna damage my hair.",cosmetics,2,1,2026-03-18 06:54:51,Wael0dfg,2026,algeriarates,2026-04-11 22:23:29.159811,anyone knows curl cream,hey i looking curl cream actually works max budget 1000 da i want strong safe don wanna damage my hair,anyone knows curl cream hey i looking curl cream actually works max budget 1000 da i want strong safe don wanna damage my hair,102
1rw9s38,I give it 9/10,"I watched dark recently I rate it 9/10 

I don’t wanna talk about it so I won’t spoil but yestahel tetfrjoh , idk why people aren’t talk about it but …",food,16,25,2026-03-17 16:30:02,Far-hknsb,2026,algeriarates,2026-04-11 22:23:29.160001,i give 9 10,i watched dark recently i rate 9 10 i don wanna talk about i won spoil yestahel tetfrjoh idk why people aren talk about,i give 9 10 i watched dark recently i rate 9 10 i don wanna talk about i won spoil yestahel tetfrjoh idk why people aren talk about,119
1rw8eo2,Rate this Juice,"I have always wondered whether the production of the bottle is more expensive than the juice itself or not.

As for the taste this is a solid 9/10 it got that special orange arrière gout, reminds me of old juice that was sold in big canned form for those that remembers",food,9,16,2026-03-17 15:40:27,BrandAlternative,2026,algeriarates,2026-04-11 22:23:29.160021,rate juice,i always wondered whether production bottle expensive juice itself taste solid 9 10 got special orange arri re gout reminds me old juice sold big canned form remembers,rate juice i always wondered whether production bottle expensive juice itself taste solid 9 10 got special orange arri re gout reminds me old juice sold big canned form remembers,167
1rvm4iy,Gruyère Cheese is my favorite typa cheese. I rate it 10/10.,"My everyday shour snack. 

",food,111,37,2026-03-16 22:01:14,Little_bread9,2026,algeriarates,2026-04-11 22:23:29.170287,gruy re cheese my favorite typa cheese i rate 10 10,my everyday shour snack,gruy re cheese my favorite typa cheese i rate 10 10 my everyday shour snack,23
1rvdacv,"For my algerian girls , what’s your aid outfit for this year ?","Personally, I didn’t buy anything because I didn’t find anything interesting. I only bought a simple jebba, but for the outfit I don’t know 🤷🏻‍♀️",appliances,16,38,2026-03-16 16:53:23,Zahra_zo,2026,algeriarates,2026-04-11 22:23:29.170393,my algerian girls what your aid outfit year,personally i didn anything because i didn find anything interesting i bought simple jebba outfit i don know,my algerian girls what your aid outfit year personally i didn anything because i didn find anything interesting i bought simple jebba outfit i don know,107
1rudq5a,How do you rate felari products for curly hair?!,"Hello,
Did anyone use felari products for curly hair, what did you think is it worth it, I'm a specially looking for a deep conditioning mask, and hair growth/ scalp care serum, if you have any interesting recommendations that aren't overly expensive I'd really appreciate it
Thank you, and saha ftorkoum",cosmetics,4,2,2026-03-15 14:13:38,cactusandveenus,2026,algeriarates,2026-04-11 22:23:29.170768,how rate felari products curly hair,hello anyone use felari products curly hair what think worth i specially looking deep conditioning mask hair growth scalp care serum if interesting recommendations aren overly expensive i d really appreciate thank saha ftorkoum,how rate felari products curly hair hello anyone use felari products curly hair what think worth i specially looking deep conditioning mask hair growth scalp care serum if interesting recommendations aren overly expensive i d really appreciate thank saha ftorkoum,227
1rtogge,Rate my LC waikiki 3500da shoe,"I was actually planning to buy a new pair from puma but didnt find my size, then i took my little cousin to buy a robe from LCW , and saw this , it was the type i was looking for and when i checked the price : 3450da 😂, i like it but im still wondering if I actually made a good deal on it ",food,24,19,2026-03-14 17:54:21,Dazzling-Ad-4883,2026,algeriarates,2026-04-11 22:23:29.171026,rate my lc waikiki 3500da shoe,i actually planning new pair puma didnt find my size i took my little cousin robe lcw saw type i looking when i checked 3450da i im still wondering if i actually made deal,rate my lc waikiki 3500da shoe i actually planning new pair puma didnt find my size i took my little cousin robe lcw saw type i looking when i checked 3450da i im still wondering if i actually made deal,171
1rtbnhm,Where can I buy brown washed jeans in Algeria,"I've been looking for this type of pants for a long time and haven't found a single page selling them. Please, can you give me any Instagram page or whatever that sells them?",appliances,5,11,2026-03-14 07:02:31,PERFLLY-,2026,algeriarates,2026-04-11 22:23:29.171127,where can i brown washed jeans algeria,i ve looking type pants long time haven found single page selling please can give me instagram page whatever sells,where can i brown washed jeans algeria i ve looking type pants long time haven found single page selling please can give me instagram page whatever sells,114
1rtaglp,10/10,Almost 13 years of loyal service from this washing machine without a single problem.,appliances,10,3,2026-03-14 05:56:24,zvburner,2026,algeriarates,2026-04-11 22:23:29.171153,10 10,almost 13 years loyal service washing machine single problem,10 10 almost 13 years loyal service washing machine single problem,60
1rt4r97,Microbiomes,Where can I find laboratories in Algeria that have microbiome test or food print test please?,appliances,1,0,2026-03-14 01:25:47,WiseMess3609,2026,algeriarates,2026-04-11 22:23:29.171224,microbiomes,where can i find laboratories algeria microbiome test food print test please,microbiomes where can i find laboratories algeria microbiome test food print test please,76
1rsqznv,Rate stream lexus laptops,"I'm getting the 14"" i5 version, the processor is great for my use case but I'm worried it might be throttled by bad cooling or something.
If anyone has experience with this model, I’d love to hear your thoughts",electronics,5,14,2026-03-13 16:49:25,Echosage7558,2026,algeriarates,2026-04-11 22:23:29.171335,rate stream lexus laptops,i getting 14 i5 version processor my use case i worried might throttled cooling something if anyone experience model i d love hear your thoughts,rate stream lexus laptops i getting 14 i5 version processor my use case i worried might throttled cooling something if anyone experience model i d love hear your thoughts,144
1rs318g,Where can I buy bootcut jeans in Algeria ✌️😔✌️,"For an idea, here's a picture. 

Where can I find these jeans? ✌️🥹",appliances,38,38,2026-03-12 21:58:37,No-Distribution-2805,2026,algeriarates,2026-04-11 22:23:29.171710,where can i bootcut jeans algeria,idea picture where can i find jeans,where can i bootcut jeans algeria idea picture where can i find jeans,35
1rrdi47,Rate my dessert I made,"(Where r the other flairs?)

Sooo i saw it in instagram reel and i was bored soo it means kitchen and experiments time and this is the ""mini"" mini version of it and this is my 4th try BTW

It does contain : that biscuits people use in tiramisu or something + sour cream + strawberry + Pistachio cream i guess:) and bueno cream (i found it there)

It’s actually really nice 9/10

(photos are sh\*ty sorry bout dat)",cosmetics,15,3,2026-03-12 02:41:50,Resident-Hope-2287,2026,algeriarates,2026-04-11 22:23:29.171924,rate my dessert i made,where r flairs sooo i saw instagram reel i bored soo means kitchen experiments time mini mini version my 4th try btw contain biscuits people use tiramisu something sour cream strawberry pistachio cream i guess bueno cream i found actually really 9 10 photos sh ty sorry bout dat,rate my dessert i made where r flairs sooo i saw instagram reel i bored soo means kitchen experiments time mini mini version my 4th try btw contain biscuits people use tiramisu something sour cream strawberry pistachio cream i guess bueno cream i found actually really 9 10 photos sh ty sorry bout dat,278
1rr68dt,Hi auto-immunes immune patients in Algeria 🇩🇿,"How are u doing y’all with ur disease in this Ramadan is it easier or harder i hope that ur all doing great 🫶🏻 sending love and healing from here 

 

Ive opened a group for us (people dealing with autoimmune diseases in Algeria) so we can share tips Ànd informations about our disease and knowing good doctors in Algeria 🇩🇿 join our community ",appliances,2,4,2026-03-11 21:59:06,Spiritual-Ad2143,2026,algeriarates,2026-04-11 22:23:32.937196,hi auto immunes immune patients algeria,how u y ur disease ramadan easier harder i hope ur sending love healing ive opened group us people dealing autoimmune diseases algeria can share tips nd informations about our disease knowing doctors algeria join our community,hi auto immunes immune patients algeria how u y ur disease ramadan easier harder i hope ur sending love healing ive opened group us people dealing autoimmune diseases algeria can share tips nd informations about our disease knowing doctors algeria join our community,226
1rqtn66,"I need to find a library in Algiers to study in, but I am no longer a student (I am preparing to apply for a PhD next year).","I need a library in Algiers, preferably in or around Alger centre and Ain banianzthat accepts graduates, has electricity and is quiet. And btw I don't want to go to the CCF because my aunts works there and I don't want to bother her or burden her",appliances,3,25,2026-03-11 14:23:38,Dense_Button836,2026,algeriarates,2026-04-11 22:23:32.937354,i need find library algiers study i am longer student i am preparing apply phd next year,i need library algiers preferably around alger centre ain banianzthat accepts graduates electricity quiet btw i don want go ccf because my aunts works i don want bother her burden her,i need find library algiers study i am longer student i am preparing apply phd next year i need library algiers preferably around alger centre ain banianzthat accepts graduates electricity quiet btw i don want go ccf because my aunts works i don want bother her burden her,183
1rqoqof,rate my sleepy cat ?,this was my cat after eating so much food/meat cuz it was Aid Al Adha that day. im sure that nap was his best one ever…🖤,food,116,40,2026-03-11 10:08:41,Common_Assumption_91,2026,algeriarates,2026-04-11 22:23:32.937395,rate my sleepy cat,my cat after eating much food meat cuz aid al adha day im sure nap his best one ever,rate my sleepy cat my cat after eating much food meat cuz aid al adha day im sure nap his best one ever,84
1rqjd9b,Rate my mash up of Algerian and Mexican,"Turmeric garlic rice with a spicy hot veggie Chorba stew, topped with mint, cilantro and green onions, drizzled with lime crema, toasted pepitas and some avocado slices. 

Would you eat this?",food,24,8,2026-03-11 04:54:57,Electrical_Pen8757,2026,algeriarates,2026-04-11 22:23:32.937410,rate my mash algerian mexican,turmeric garlic rice spicy hot veggie chorba stew topped mint cilantro green onions drizzled lime crema toasted pepitas avocado slices eat,rate my mash algerian mexican turmeric garlic rice spicy hot veggie chorba stew topped mint cilantro green onions drizzled lime crema toasted pepitas avocado slices eat,138
1rq3mzp,Best skincare recommendations?,"What are the best brands you tried for a simple skincare (cleanser, hydration, toner and SPF).

Please include the prices if you can.

Thanks in advance.",food,9,10,2026-03-10 18:39:45,Ill_Television_2620,2026,algeriarates,2026-04-11 22:23:32.937454,best skincare recommendations,what best brands tried simple skincare cleanser hydration toner spf please include prices if can thanks advance,best skincare recommendations what best brands tried simple skincare cleanser hydration toner spf please include prices if can thanks advance,111
1rprxp4,Good matcha,"ive been testing algerian matcha brands these past few months

i encountered some good ones like matchilo

and the worst one i tasted was from moulay species but i wasn’t really informed about the grades and quality so i just took the cheapest option, tasted like shi\*

Except this one that is pretty legit i think it’s imported from china obviously since the japenease ones cost like 70-100$

i tested matchamoons ceremonial grade and then bought this vanilla one

when i tell uou that it tastes sooo good, and the price is so reasonable for the quality (2700da) for like 25-28 cups depending on how much you use

i know how hard ut can be to find good matcha so im sharing my experience, 10/10 wooulf recommef testing",food,25,13,2026-03-10 10:06:36,Excellent_School_311,2026,algeriarates,2026-04-11 22:23:32.937530,matcha,ive testing algerian matcha brands past months i encountered ones matchilo worst one i tasted moulay species i wasn really informed about grades i took cheapest option tasted shi except one pretty legit i think imported china obviously since japenease ones cost 70 100 i tested matchamoons ceremonial grade bought vanilla one when i tell uou tastes sooo reasonable 2700da 25 28 cups depending how much use i know how hard ut can find matcha im sharing my experience 10 10 wooulf recommef testing,matcha ive testing algerian matcha brands past months i encountered ones matchilo worst one i tasted moulay species i wasn really informed about grades i took cheapest option tasted shi except one pretty legit i think imported china obviously since japenease ones cost 70 100 i tested matchamoons ceremonial grade bought vanilla one when i tell uou tastes sooo reasonable 2700da 25 28 cups depending how much use i know how hard ut can find matcha im sharing my experience 10 10 wooulf recommef testing,495
1rp4k9v,"Vey, VERY disappointing","Got it for 130 DA
It was just not that good. The lemon flavor didn't work out with the chocolate at all. The almonds weren't mixed inside the filling properly making a ton of crumbs.
I think if it was white chocolate it would make it 10 times better.
4/10",food,21,8,2026-03-09 17:16:05,Strong-Row-7246,2026,algeriarates,2026-04-11 22:23:32.937621,vey disappointing,got 130 da lemon flavor didn work chocolate almonds weren mixed inside filling properly making ton crumbs i think if white chocolate make 10 times better 4 10,vey disappointing got 130 da lemon flavor didn work chocolate almonds weren mixed inside filling properly making ton crumbs i think if white chocolate make 10 times better 4 10,158
1rol88o,Overrated cookie,"Such a disappointment i mean it taste alr, it's 50da 
The cookie itself is not crunchy more like  صابحة it doesn't taste tht good but the chocolate chips are good 😋
Still i'd rather buy 5 of the 10da cookies 
What yall think ? ",food,62,24,2026-03-09 01:20:59,loaie_,2026,algeriarates,2026-04-11 22:23:32.946979,overrated cookie,disappointment i mean taste alr 50da cookie itself crunchy doesn taste tht chocolate chips still i d rather 5 10da cookies what yall think,overrated cookie disappointment i mean taste alr 50da cookie itself crunchy doesn taste tht chocolate chips still i d rather 5 10da cookies what yall think,138
1rn8413,My First Gaming Laptop,I can't be more happy,electronics,419,165,2026-03-07 12:51:13,No-Discussion2515,2026,algeriarates,2026-04-11 22:23:32.947494,my first gaming laptop,i can happy,my first gaming laptop i can happy,11
1rmob7i,The texture is not that creamy and the taste is original not sweetie RATE THIS,Hi everyone if you want the full receipt dm me ,cosmetics,4,8,2026-03-06 20:55:46,Negative_Diet4485,2026,algeriarates,2026-04-11 22:23:32.947708,texture creamy taste original sweetie rate,hi everyone if want full receipt dm me,texture creamy taste original sweetie rate hi everyone if want full receipt dm me,38
1rlwwf0,Green everywhere – Spring in Algeria”,"Just a peaceful moment from nature today. Nothing special, just fresh green grass and calm vibes.",appliances,60,18,2026-03-06 00:07:26,Consistent-Ad-3869,2026,algeriarates,2026-04-11 22:23:32.948487,green everywhere spring algeria,peaceful moment nature today nothing special fresh green grass calm vibes,green everywhere spring algeria peaceful moment nature today nothing special fresh green grass calm vibes,73
1rlvnot,Dziriya dark chocolate with butter,"No palm oil, I like it 9/10",food,9,9,2026-03-05 23:19:14,niceskystars,2026,algeriarates,2026-04-11 22:23:32.948542,dziriya dark chocolate butter,palm oil i 9 10,dziriya dark chocolate butter palm oil i 9 10,15
1rlm74g,"Has anyone used H24 Voyage to book hotels in Europe (Rennes, France)?","Hi everyone,

I wanted to ask if anyone here has experience using H24 Voyage (the Algerian travel website) to book hotels in European cities.

I’m thinking about using it to book a hotel in Rennes, France, but I’d like to know if people here have tried it before. Did the booking go smoothly? Did the hotel recognize the reservation without any problems?

If you’ve used it for Rennes or other European cities, I’d really appreciate hearing about your experience.
Thanks!",appliances,1,3,2026-03-05 17:33:06,lowkeybigbrain09,2026,algeriarates,2026-04-11 22:23:32.948720,anyone used h24 voyage book hotels europe rennes france,hi everyone i wanted ask if anyone experience using h24 voyage algerian travel website book hotels european cities i thinking about using book hotel rennes france i d know if people tried before booking go smoothly hotel recognize reservation problems if ve used rennes european cities i d really appreciate hearing about your experience thanks,anyone used h24 voyage book hotels europe rennes france hi everyone i wanted ask if anyone experience using h24 voyage algerian travel website book hotels european cities i thinking about using book hotel rennes france i d know if people tried before booking go smoothly hotel recognize reservation problems if ve used rennes european cities i d really appreciate hearing about your experience thanks,344
1rlfisa,تبانلك تصويرة نورمال ! لالا خو ماشي نورمال ❤️,Nostalgia ☺️,appliances,47,8,2026-03-05 12:45:51,cha3boub,2026,algeriarates,2026-04-11 22:23:32.948807,,nostalgia, nostalgia,9
1rlfdzl,7/10 bifa is going crazy,"More like butter than peanut butter

They produce a new product every day ",food,22,25,2026-03-05 12:38:14,lloxoxll,2026,algeriarates,2026-04-11 22:23:32.948816,7 10 bifa going crazy,butter peanut butter produce new every day,7 10 bifa going crazy butter peanut butter produce new every day,42
1rkx1um,Rate r/Algeriarates,so? how do you feel about the sub ,appliances,14,23,2026-03-04 21:46:14,ZookeepergameFit2918,2026,algeriarates,2026-04-11 22:23:32.948927,rate r algeriarates,how feel about sub,rate r algeriarates how feel about sub,18
1rktdx8,Natribifluor toothpaste,"Hi everyone,

I have a question please. I used athis toothpaste for about one month, and I started to notice that my teeth are getting more yellow and also more sensitive.

Is this normal? Has anyone experienced the same thing?

I would appreciate your advice. ",cosmetics,71,27,2026-03-04 19:30:40,lx_356,2026,algeriarates,2026-04-11 22:23:32.949037,natribifluor toothpaste,hi everyone i question please i used athis toothpaste about one month i started notice my teeth getting yellow also sensitive normal anyone experienced thing i appreciate your advice,natribifluor toothpaste hi everyone i question please i used athis toothpaste about one month i started notice my teeth getting yellow also sensitive normal anyone experienced thing i appreciate your advice,182
1rjwpnq,"The best hot sauce i ever tested ""sriracha"" 8.75/10","The price is 980 dz so 8/10 i bought the bottle 2 weeks before ramadan and I used every. 

The taste 9.5/10 fruity sweet some spiciness 

Over all 8.75/10",food,8,4,2026-03-03 19:11:08,[deleted],2026,algeriarates,2026-04-11 22:23:37.669821,best hot sauce i ever tested sriracha 8 75 10,980 dz 8 10 i bought bottle 2 weeks before ramadan i used every taste 9 5 10 fruity sweet spiciness 8 75 10,best hot sauce i ever tested sriracha 8 75 10 980 dz 8 10 i bought bottle 2 weeks before ramadan i used every taste 9 5 10 fruity sweet spiciness 8 75 10,107
1rjwfeu,"I just found this new website Through it, you can donate things you don't need or take things you need, and it's free and 100% Algerian",https://sakhiy.com/en?fbclid=IwdGRjcAQUASxjbGNrBBQAcGV4dG4DYWVtAjExAHNydGMGYXBwX2lkDDM1MDY4NTUzMTcyOAABHge43OeIqmCAc-D8ub0exJtkyhsEYzGUGNJmr1a9ZFdnjCXJw8Bxf4BXKnI8\_aem\_N8FgrcX\_7TLQs1Hxu6HjHw,appliances,43,2,2026-03-03 19:01:16,Necessary_Joke_8920,2026,algeriarates,2026-04-11 22:23:37.669872,i found new website through can donate things don need take things need free 100 algerian,,i found new website through can donate things don need take things need free 100 algerian ,0
1rjdnfr,Algerian sugar free snack recommendations??,"I have been eating no added sugar for the past 4 months and I just realized that most of our proudcts especially snacks are full of sugar! 

I need something to snack while I watch a movie for example that is not gonna be full of sugar or salt.

Here's a list of snacks I've tried:

Nuts: I bought a bucket of high quality nuts, it's good but then you start feeling like you're just chewing on wood, it's also full of salt like they exaggerate the amount of salt for some reason.

Chips: most chips brands sucks, I miss the days when we had pringles and mister potato, they actually tasted good rather trash that is 80% oil, especially that new mahbool box or whatever, the oil aftertaste is disgusting.

Cheese: I buy Edam or Cheddar, so far so good I really enjoy these two.

I usually find myself drinking a ton of water.

So please any recommendations or recipes would be much appreciated, thanks!! ",food,11,12,2026-03-03 03:50:07,inogoods,2026,algeriarates,2026-04-11 22:23:37.670075,algerian sugar free snack recommendations,i eating added sugar past 4 months i realized our proudcts especially snacks full sugar i need something snack while i watch movie example gonna full sugar salt list snacks i ve tried nuts i bought bucket high nuts start feeling re chewing wood also full salt exaggerate amount salt reason chips chips brands sucks i miss days when pringles mister potato actually tasted rather trash 80 oil especially new mahbool box whatever oil aftertaste disgusting cheese i edam cheddar far i really enjoy two i usually find myself drinking ton water please recommendations recipes much appreciated thanks,algerian sugar free snack recommendations i eating added sugar past 4 months i realized our proudcts especially snacks full sugar i need something snack while i watch movie example gonna full sugar salt list snacks i ve tried nuts i bought bucket high nuts start feeling re chewing wood also full salt exaggerate amount salt reason chips chips brands sucks i miss days when pringles mister potato actually tasted rather trash 80 oil especially new mahbool box whatever oil aftertaste disgusting cheese i edam cheddar far i really enjoy two i usually find myself drinking ton water please recommendations recipes much appreciated thanks,593
1rja9no,I am building an App in public for Price Analysis - now you can track prices! Rate this feature!,"Hey everyone. I wanted to give a quick update on the project I’ve been sharing here.

If you haven't seen my previous posts, I’m building a market research app designed specifically for the Algerian market so people can finally track and analyze prices properly. I’m building this openly because I really want to get feedback from you guys and make sure it’s actually useful.

I just added an [About](https://www.soomalgeria.app/about) page to the site that explains the whole vision, so feel free to check that out if you're curious.

I’m also looking for people to collaborate with, so if you're interested in helping out or jumping on the project, definitely let me know.

I have some big news to share today. First off, I finally moved away from that messy Vercel URL and bought the [soomalgeria.app](http://soomalgeria.app/) domain name! It’s a lot cleaner and feels a bit more official now.

More importantly, I just implemented a major feature that allows you to track prices in real time. Basically, you can set a tracker for a product, and every so often the app calculates the median price and updates it so you can actually see how the price changes over time. It doesn't send notifications for price drops just yet, but I’m already working on getting that part finished.

I’d really appreciate it if you could try it out and let me know what you think of the idea. I want to make sure this is heading in the right direction for what we need here.

There is also a newsletter on the site now if you want to subscribe and get updates as I add more features. Check it out at [soomalgeria.app](http://soomalgeria.app/) and let me know your thoughts in the comments.

https://preview.redd.it/o6uaogth4qmg1.jpg?width=487&amp;format=pjpg&amp;auto=webp&amp;s=2929f2cf13bf5071e13fff8bc116caa7b156594b

",food,5,5,2026-03-03 01:22:19,Chemes96,2026,algeriarates,2026-04-11 22:23:37.670203,i am building app public analysis now can track prices rate feature,hey everyone i wanted give quick update project i ve sharing if haven seen my previous posts i building market research app designed specifically algerian market people can finally track analyze prices properly i building openly because i really want get feedback guys make sure actually useful i added about page site explains whole vision feel free check if re curious i also looking people collaborate if re interested helping jumping project definitely let me know i big news share today first i finally moved away messy vercel url bought soomalgeria app domain name lot cleaner feels bit official now importantly i implemented major feature allows track prices real time basically can set tracker every often app calculates median updates can actually see how changes time doesn send notifications drops yet i already working getting part finished i d really appreciate if try let me know what think idea i want make sure heading right direction what need also newsletter site now if want subscribe get updates i add features check soomalgeria app let me know your thoughts comments,i am building app public analysis now can track prices rate feature hey everyone i wanted give quick update project i ve sharing if haven seen my previous posts i building market research app designed specifically algerian market people can finally track analyze prices properly i building openly because i really want get feedback guys make sure actually useful i added about page site explains whole vision feel free check if re curious i also looking people collaborate if re interested helping jumping project definitely let me know i big news share today first i finally moved away messy vercel url bought soomalgeria app domain name lot cleaner feels bit official now importantly i implemented major feature allows track prices real time basically can set tracker every often app calculates median updates can actually see how changes time doesn send notifications drops yet i already working getting part finished i d really appreciate if try let me know what think idea i want make sure heading right direction what need also newsletter site now if want subscribe get updates i add features check soomalgeria app let me know your thoughts comments,1087
1rj6ysw,Primark clothes,"so primark is know for affordable low to average quality products, i just found out there is a primark store in Algiers but before i go , how good are primark clothes compared to algerian local brands clothes ?",appliances,1,2,2026-03-02 23:11:19,Pitiful_Pineapple_45,2026,algeriarates,2026-04-11 22:23:37.670302,primark clothes,primark know affordable low average products i found primark store algiers before i go how primark clothes compared algerian local brands clothes,primark clothes primark know affordable low average products i found primark store algiers before i go how primark clothes compared algerian local brands clothes,145
1ri0lj3,Best Shampoo for Dandruff? (oily hair type),"Hello, I tried a few shampoos but still dealing with flakes. Any dandruff products that actually worked for you? Looking for something effective",food,1,8,2026-03-01 16:49:30,ThomasMarquize,2026,algeriarates,2026-04-11 22:23:37.670754,best shampoo dandruff oily hair type,hello i tried shampoos still dealing flakes dandruff products actually worked looking something effective,best shampoo dandruff oily hair type hello i tried shampoos still dealing flakes dandruff products actually worked looking something effective,105
1rgolzj,What's ur op?,It's 90da pistachio flavor chocolate so it's hard to criticize ,food,6,3,2026-02-28 01:57:08,loaie_,2026,algeriarates,2026-04-11 22:23:37.671184,what ur op,90da pistachio flavor chocolate hard criticize,what ur op 90da pistachio flavor chocolate hard criticize,46
1rgnhmg,serum vitamin c,assalam alaikoum lbnat chkoun jrbt had serum wesq mlih ou non w quel est le prix t3o?,cosmetics,7,11,2026-02-28 01:07:41,No_Chemistry1897,2026,algeriarates,2026-04-11 22:23:37.681068,serum vitamin c,assalam alaikoum lbnat chkoun jrbt serum wesq mlih non w quel prix t3o,serum vitamin c assalam alaikoum lbnat chkoun jrbt serum wesq mlih non w quel prix t3o,70
1rgncd1,Rate my after iftar and tarawih vibes ⚽️,"Is it a PC Gamer attached with a TV by an HDMI cable, and yes, I am the only one who plays a football game with a keyboard, and not a joystick 😂",electronics,8,16,2026-02-28 01:01:43,kamel_benhadja,2026,algeriarates,2026-04-11 22:23:37.681113,rate my after iftar tarawih vibes,pc gamer attached tv hdmi cable yes i am one who plays football game keyboard joystick,rate my after iftar tarawih vibes pc gamer attached tv hdmi cable yes i am one who plays football game keyboard joystick,86
1rgl15b,Men looking for hair serum or something like that,"Hi there guys sha ftorkom...soo im working at pharma industry field and since i put ""Charlotte "" almost all day my hair become kinda dry and messy really not tht good looking...knowing i have nice hair mn 9bl but for now i feel it becoming a mess ..soo ppl who have been into this before or know some products or how i can fix it plz dm me or anwser here thank u all",cosmetics,2,4,2026-02-27 23:28:07,urlocalknight,2026,algeriarates,2026-04-11 22:23:37.681217,men looking hair serum something,hi guys sha ftorkom soo im working pharma industry field since i put charlotte almost day my hair become kinda dry messy really tht looking knowing i hair mn 9bl now i feel becoming mess soo ppl who into before know products how i can fix plz dm me anwser thank u,men looking hair serum something hi guys sha ftorkom soo im working pharma industry field since i put charlotte almost day my hair become kinda dry messy really tht looking knowing i hair mn 9bl now i feel becoming mess soo ppl who into before know products how i can fix plz dm me anwser thank u,263
1rgh2rt,10/10 will return,"so when my brain tries to tell me things like, ""if no one is there to say goodbye, was i even here?"" my heart tells me, ""this place says 'see you soon.'"" (in and around Algiers) (i guess i should edit to clarify, i'm american on a tourist visa and i'm leaving for scotland in the morning)

https://preview.redd.it/sb4p8hq0d3mg1.jpg?width=2268&amp;format=pjpg&amp;auto=webp&amp;s=3bf31f9d8ff42b43b9be7e51dbe35c25c621b0b9

https://preview.redd.it/4vpx8c0pc3mg1.jpg?width=2268&amp;format=pjpg&amp;auto=webp&amp;s=b9de8617defb92346df13a0557a07a36d79735eb

https://preview.redd.it/ybo7wc3pc3mg1.jpg?width=2268&amp;format=pjpg&amp;auto=webp&amp;s=b30647864567de6e748eb38482047ee0b23af41f

https://preview.redd.it/acbx593pc3mg1.jpg?width=2268&amp;format=pjpg&amp;auto=webp&amp;s=2c3e43403fe77c6c9ecd3d0bfb92f512431d2988

https://preview.redd.it/ruoc783pc3mg1.jpg?width=2268&amp;format=pjpg&amp;auto=webp&amp;s=7b7f2d92e1e4b9ef99e35beebd02362a141c1450

https://preview.redd.it/qp00jg3pc3mg1.jpg?width=2268&amp;format=pjpg&amp;auto=webp&amp;s=b1be176e6ba53dbb3e0d1fa7b67185c8024463e8

https://preview.redd.it/9aghpg3pc3mg1.jpg?width=2268&amp;format=pjpg&amp;auto=webp&amp;s=786b3de08986497c49282d766ac4e621f1125ba7

https://preview.redd.it/oorfqg3pc3mg1.jpg?width=2268&amp;format=pjpg&amp;auto=webp&amp;s=ba8ad95e5ebcf236f4a9944b079596c20fd0bf8d

https://preview.redd.it/6ie2sg3pc3mg1.jpg?width=2268&amp;format=pjpg&amp;auto=webp&amp;s=7f9fa1ac220a1ba759cc2ce5420782e64fc3750e

https://preview.redd.it/3b1jh44pc3mg1.jpg?width=2268&amp;format=pjpg&amp;auto=webp&amp;s=8fb4b866cc33fd5ec2cf1b0524524ec17efafaca

https://preview.redd.it/bit9eg3pc3mg1.jpg?width=2268&amp;format=pjpg&amp;auto=webp&amp;s=b165db5fc0ed76e4efa76f76e578f11ed911a648

https://preview.redd.it/81psl64pc3mg1.jpg?width=2268&amp;format=pjpg&amp;auto=webp&amp;s=3d600a2c8de72eb63ea16b7c30efd3dc11e6efb5

https://preview.redd.it/slif0h3pc3mg1.jpg?width=2268&amp;format=pjpg&amp;auto=webp&amp;s=cd3f9767746f60fc30f45a86291e57a8c3ad2d82

https://preview.redd.it/0o50wf3pc3mg1.jpg?width=2268&amp;format=pjpg&amp;auto=webp&amp;s=a7d0faee7dea838e080b00ad97851fbba9f7b633

https://preview.redd.it/ys4ejg3pc3mg1.jpg?width=2268&amp;format=pjpg&amp;auto=webp&amp;s=c7f8b45bed4bc336ceb2da55f84871779a19c11a

https://preview.redd.it/yi5diz3pc3mg1.jpg?width=2268&amp;format=pjpg&amp;auto=webp&amp;s=0fb3df985ba5ea93190eef45cfb873c3159c8fae

https://preview.redd.it/9nykdg3pc3mg1.jpg?width=2268&amp;format=pjpg&amp;auto=webp&amp;s=c28c2b2a9a42e5916b18cd7b56dfd8041413b41b

https://preview.redd.it/3gcgyf3pc3mg1.jpg?width=2268&amp;format=pjpg&amp;auto=webp&amp;s=1361e5764b65528c26c01130d61d01e3e033169f

https://preview.redd.it/vola2j3pc3mg1.jpg?width=2268&amp;format=pjpg&amp;auto=webp&amp;s=459b7b595ee8210f1ddae8375c594b90af366a05

https://preview.redd.it/9wqq8g3pc3mg1.jpg?width=2268&amp;format=pjpg&amp;auto=webp&amp;s=3196fb20260e9ff367457813fe24429560bfdef4",appliances,12,15,2026-02-27 20:55:53,shannaish,2026,algeriarates,2026-04-11 22:23:37.681581,10 10 return,when my brain tries tell me things if one say goodbye i even my heart tells me place says see soon around algiers i guess i edit clarify i american tourist visa i leaving scotland morning,10 10 return when my brain tries tell me things if one say goodbye i even my heart tells me place says see soon around algiers i guess i edit clarify i american tourist visa i leaving scotland morning,187
1rfpp16,Curly Hair Products Available in Algeria?,"&amp;#x200B;

Hello everyone,

I would like to ask people living in Algeria if there are good curly hair products available here that help keep hair hydrated, soft, and fresh during the day.

If you have recommendations or personal experience with products that work well and are easy to find locally, please share them.

Thank you.",appliances,4,2,2026-02-27 00:10:27,AdeptnessBrief6131,2026,algeriarates,2026-04-11 22:23:37.682296,curly hair products available algeria,amp hello everyone i ask people living algeria if curly hair products available help keep hair hydrated soft fresh during day if recommendations personal experience products work easy find locally please share thank,curly hair products available algeria amp hello everyone i ask people living algeria if curly hair products available help keep hair hydrated soft fresh during day if recommendations personal experience products work easy find locally please share thank,215
1rey99l,Freelance on Algeria,"اريد استفتاء

هل هناك من لديه مجموعات هنا او على منصات تساعد على وضع خطوتي الاولى في freelance 

او اي احد يرغب في توظيف freelancer حبذا لو تكون منصات جزائرية اما اذا كانت اجنبية فاريد منصات مجانية لان Upwork وغيره من المنصات المدفوعة ليست خيارا",appliances,4,3,2026-02-26 03:42:08,Old_Counter2956,2026,algeriarates,2026-04-11 22:23:37.682461,freelance algeria,freelance freelancer upwork,freelance algeria freelance freelancer upwork,27
1reule4,Rate my humble suhur,"hey everyone 

sa7a suhurkm, I would like you to rate my suhur

eggs

toast+ peanut butter+ banana 

oats + yogurt 

dates 

orange 

 water",food,65,35,2026-02-26 01:05:00,AdeptnessBrief6131,2026,algeriarates,2026-04-11 22:23:37.682483,rate my humble suhur,hey everyone sa7a suhurkm i rate my suhur eggs toast peanut butter banana oats yogurt dates orange water,rate my humble suhur hey everyone sa7a suhurkm i rate my suhur eggs toast peanut butter banana oats yogurt dates orange water,104
1retz9w,Chocolate Bifa,"اليوم لأول مرة شريتها و جربتها
رأيي صريح وشخصي: عادي ماشي واااو و ماشي سيئة 
حلوة بزااف بصح معنديش مشكل مع حلاوة زايدة
اذا نعاود نشريها لالا 
شكرا وصح صحوركم 😊",food,4,1,2026-02-26 00:40:44,Mysterious-boy23,2026,algeriarates,2026-04-11 22:23:47.076136,chocolate bifa,,chocolate bifa ,0
1rejjfm,Noodle + crispy chicken,Rate my noodlessss,food,117,37,2026-02-25 18:23:32,Practical_Law_4765,2026,algeriarates,2026-04-11 22:23:47.076224,noodle crispy chicken,rate my noodlessss,noodle crispy chicken rate my noodlessss,18
1reetuj,Rate my FC Bayern phone theme,"Would like to share with you my FC Bayern phone theme, feel free to rate it

People who are not about football won't like it of course ! 😂",electronics,19,31,2026-02-25 15:34:16,kamel_benhadja,2026,algeriarates,2026-04-11 22:23:47.076327,rate my fc bayern phone theme,share my fc bayern phone theme feel free rate people who about football won course,rate my fc bayern phone theme share my fc bayern phone theme feel free rate people who about football won course,82
1rcrfzo,I don't like Chorba rate Chorba out of 10,Any one else hate Chorba I think I might be the only Algerian who doesn't like it ,appliances,0,21,2026-02-23 20:36:13,More-Assignment-7560,2026,algeriarates,2026-04-11 22:23:47.076759,i don chorba rate chorba 10,one else hate chorba i think i might algerian who doesn,i don chorba rate chorba 10 one else hate chorba i think i might algerian who doesn,55
1rck830,Modem,7abit ns9sikm chft offer t3 modem wifi 6 f algerie telecome nmdlhm l modem 9dim w 2500 da w y3tiwli jdid w 30 jour internet batel ki r7t nbadel 9aloli 3ndk Nokia 9dim lazem Huawei bs7 l problem mhdroch mrah 3la naw3 l modem 9alo ida 3ndk wifi 4 t9dr tbdlo dok m3labalich wsh ndir ,appliances,8,19,2026-02-23 16:19:52,Unlucky_Software_127,2026,algeriarates,2026-04-11 22:23:47.076841,modem,7abit ns9sikm chft offer t3 modem wifi 6 f algerie telecome nmdlhm l modem 9dim w 2500 da w y3tiwli jdid w 30 jour internet batel ki r7t nbadel 9aloli 3ndk nokia 9dim lazem huawei bs7 l problem mhdroch mrah 3la naw3 l modem 9alo ida 3ndk wifi 4 t9dr tbdlo dok m3labalich wsh ndir,modem 7abit ns9sikm chft offer t3 modem wifi 6 f algerie telecome nmdlhm l modem 9dim w 2500 da w y3tiwli jdid w 30 jour internet batel ki r7t nbadel 9aloli 3ndk nokia 9dim lazem huawei bs7 l problem mhdroch mrah 3la naw3 l modem 9alo ida 3ndk wifi 4 t9dr tbdlo dok m3labalich wsh ndir,279
1rcd22x,Rate what i made for my 3rd day in ramadan living alone,"DOLMA , I did not take pictures this time i forgot, ( no it’s not dry ) , it was. MELTING LIKE BUTTER U HAVE TO TRY IT 😭 ",food,67,43,2026-02-23 10:34:55,Honest_Definition875,2026,algeriarates,2026-04-11 22:23:47.076894,rate what i made my 3rd day ramadan living alone,dolma i take pictures time i forgot dry melting butter u try,rate what i made my 3rd day ramadan living alone dolma i take pictures time i forgot dry melting butter u try,60
1rbo1oj,Rate my suhoor ☠️,"olive oil بومسسلي 
milk 
خبز دار
فرماج 

☠️",food,7,10,2026-02-22 16:03:25,nadji-bl,2026,algeriarates,2026-04-11 22:23:47.077089,rate my suhoor,olive oil milk,rate my suhoor olive oil milk,14
1razfka,"For anyone who tried it before, rate Walid Chesse","This is low-key the best spread Cheese out there, it got that sweet cheese taste and it mets so easily when you spread it, for anyone that didn't try it yet you should!

The only negative side is the price, 4 years ago this 250g box used to cost 80DA, now ? 240DA ! But it's still worth it occasionally.",food,11,9,2026-02-21 20:01:36,Other-Sellz,2026,algeriarates,2026-04-11 22:23:47.077148,anyone who tried before rate walid chesse,low key best spread cheese got sweet cheese taste mets easily when spread anyone didn try yet negative side 4 years ago 250g box used cost 80da now 240da still worth occasionally,anyone who tried before rate walid chesse low key best spread cheese got sweet cheese taste mets easily when spread anyone didn try yet negative side 4 years ago 250g box used cost 80da now 240da still worth occasionally,178
1rad1g6,Which book changed your life forever?,"If you had to choose ONE book that changed the way you think… what would it be and why?

Was it a novel? A philosophical book? Self-development? Religion?

Let’s build a powerful recommendation thread for Algerian readers 🇩🇿📚",appliances,36,53,2026-02-21 01:49:01,The_Samurai_Guy,2026,algeriarates,2026-04-11 22:23:47.077302,which book changed your life forever,if choose one book changed way think what why novel philosophical book self development religion let build powerful recommendation thread algerian readers,which book changed your life forever if choose one book changed way think what why novel philosophical book self development religion let build powerful recommendation thread algerian readers,154
1ra611b,rate my performance,"hi everyone saha remdankom , yep as u can see this is a rhythm game i used to play long ago, the goal is to follow and click the circles &amp; sliders with the music's rhythm, i am returning to it escaping some life troubles and yea its a hobby for sure . 

NOTE : the keyboard is 200DA one xD 
the tablet : wacom ctl 472 . 
",electronics,60,83,2026-02-20 21:09:09,Wys27,2026,algeriarates,2026-04-11 22:23:47.077392,rate my performance,hi everyone saha remdankom yep u can see rhythm game i used play long ago goal follow click circles amp sliders music rhythm i am returning escaping life troubles yea its hobby sure note keyboard 200da one xd tablet wacom ctl 472,rate my performance hi everyone saha remdankom yep u can see rhythm game i used play long ago goal follow click circles amp sliders music rhythm i am returning escaping life troubles yea its hobby sure note keyboard 200da one xd tablet wacom ctl 472,229
1ra2h3s,Rate this salad,I grew up thinking this was an algerian salad since my mom used to make all the time until I discovered that it was Middle Eastern dish. It’s super delicious and yummy. Could you guess it’s name? (forgot to add cutted onion),appliances,30,3,2026-02-20 18:58:17,Present-Plate1042,2026,algeriarates,2026-04-11 22:23:47.077496,rate salad,i grew thinking algerian salad since my mom used make time until i discovered middle eastern dish super delicious yummy guess name forgot add cutted onion,rate salad i grew thinking algerian salad since my mom used make time until i discovered middle eastern dish super delicious yummy guess name forgot add cutted onion,154
1r8ztnd,Rate my breakfast,"This picture is from two days ago as today obviously it’s Ramadan. 

It’s a simple bowl with tomatoes, eggs and tuna 

\+ a cup of coffee and an orange 🍊 

Is it a healthy breakfast?",food,56,23,2026-02-19 14:55:14,Just_Tangerine_3213,2026,algeriarates,2026-04-11 22:23:47.077732,rate my breakfast,picture two days ago today obviously ramadan simple bowl tomatoes eggs tuna cup coffee orange healthy breakfast,rate my breakfast picture two days ago today obviously ramadan simple bowl tomatoes eggs tuna cup coffee orange healthy breakfast,111
1r89cfo,Rate both these cookie product,"The Kool one is a bet too sweet 7/10 for me 

The QAADA lack of chocolate and it's kinda hard to break it's 5/10 

Nothing come close to the Bimo one.",food,9,5,2026-02-18 18:28:23,[deleted],2026,algeriarates,2026-04-11 22:23:47.077818,rate cookie,kool one bet sweet 7 10 me qaada lack chocolate kinda hard break 5 10 nothing come close bimo one,rate cookie kool one bet sweet 7 10 me qaada lack chocolate kinda hard break 5 10 nothing come close bimo one,97
1r86gaa,Rate my homemade bread making skills,"For anyone interested, this is the recipe : https://m.youtube.com/watch?v=5SSLShM1eKU",food,228,53,2026-02-18 16:45:34,Other-Sellz,2026,algeriarates,2026-04-11 22:23:47.077865,rate my homemade bread making skills,anyone interested recipe,rate my homemade bread making skills anyone interested recipe,24
1r7vl6x,"Bifa speculos 7/10, prix 100da,  a clear taste of 9erfa, well filled and croustillant but the sugar is ⬆️⬆️","I'd like a oess sweet versuon of this with some milk taste (kima les galettes) + blé complet, i think i'd be able to consule it 9rib everyday",food,9,5,2026-02-18 07:31:00,Fantastic-Brush5962,2026,algeriarates,2026-04-11 22:23:47.089993,bifa speculos 7 10 prix 100da clear taste 9erfa filled croustillant sugar,i d oess sweet versuon milk taste kima galettes bl complet i think i d able consule 9rib everyday,bifa speculos 7 10 prix 100da clear taste 9erfa filled croustillant sugar i d oess sweet versuon milk taste kima galettes bl complet i think i d able consule 9rib everyday,97
1r6lehn,Rate r/theababil algerian subreddit for doing good deeds,"it's a subreddit for helping each other do good deeds, by sharing tips and experiences , or bringing new ideas,  or organizing collaborations with other Algerians 

it's for All kinds of good acts, individual or collective, all types ",appliances,5,0,2026-02-16 21:45:59,ZookeepergameFit2918,2026,algeriarates,2026-04-11 22:23:55.768877,rate r theababil algerian subreddit deeds,subreddit helping deeds sharing tips experiences bringing new ideas organizing collaborations algerians kinds acts individual collective types,rate r theababil algerian subreddit deeds subreddit helping deeds sharing tips experiences bringing new ideas organizing collaborations algerians kinds acts individual collective types,142
1r6if6l,Helena café/ restaurant 6/10,"The place is sooo nice so girly soo cute id give it 10/10 , but didn't like the food at all and the prices are sooo expensive I'd give it a 4/10 for that ",food,7,2,2026-02-16 19:57:14,Alternative_Spot9629,2026,algeriarates,2026-04-11 22:23:55.768902,helena caf restaurant 6 10,place sooo girly soo cute id give 10 10 didn food prices sooo expensive i d give 4 10,helena caf restaurant 6 10 place sooo girly soo cute id give 10 10 didn food prices sooo expensive i d give 4 10,85
1r6f9jp,Rate my pic and the building behind me,An Algerian in Belgium with a German outfit... 🇩🇿🇧🇪🇩🇪,appliances,34,19,2026-02-16 18:05:12,kamel_benhadja,2026,algeriarates,2026-04-11 22:23:55.768949,rate my pic building behind me,algerian belgium german outfit,rate my pic building behind me algerian belgium german outfit,30
1r6d0hz,Need an opinion,"Top Algerian cities for lifestyle &amp; good vibes (debatable)

1 oran 

2 bejaia 

3 annaba

4…..",appliances,3,20,2026-02-16 16:44:28,high-widowmaker,2026,algeriarates,2026-04-11 22:23:55.769019,need opinion,top algerian cities lifestyle amp vibes debatable 1 oran 2 bejaia 3 annaba 4,need opinion top algerian cities lifestyle amp vibes debatable 1 oran 2 bejaia 3 annaba 4,76
1r68giv,Algiers view 9/10,9/10 cause the people are insufferable (not everyone ofc),appliances,36,3,2026-02-16 13:34:38,swifty19946,2026,algeriarates,2026-04-11 22:23:55.769096,algiers view 9 10,9 10 cause people insufferable everyone ofc,algiers view 9 10 9 10 cause people insufferable everyone ofc,43
1r5reub,Another Algerian haircare products company (Viconis),"I really need the opinions of people who actually tried this brand, is it worth it?

https://preview.redd.it/4f4wqaojdqjg1.png?width=753&amp;format=png&amp;auto=webp&amp;s=fe811f6182e5ed1720a10a0aa542872940d2e744

",appliances,1,1,2026-02-15 23:00:20,PriorityRealistic930,2026,algeriarates,2026-04-11 22:23:55.769249,another algerian haircare products company viconis,i really need opinions people who actually tried brand worth,another algerian haircare products company viconis i really need opinions people who actually tried brand worth,60
1r5hifc,Rate my breakfast,"Well, I've stopped drinking TAZEJ juice in the morning.🤣 One of you has convinced me  ",food,78,30,2026-02-15 16:34:06,nadji-bl,2026,algeriarates,2026-04-11 22:23:55.769355,rate my breakfast,i ve stopped drinking tazej juice morning one convinced me,rate my breakfast i ve stopped drinking tazej juice morning one convinced me,58
1r4rye3,Manga coloration wdyt,Made even a phone wallpaper one,electronics,19,4,2026-02-14 19:25:41,aziz-larkeche,2026,algeriarates,2026-04-11 22:23:55.769649,manga coloration wdyt,made even phone wallpaper one,manga coloration wdyt made even phone wallpaper one,29
1r4r6o0,Khobze 3 fromage,I was so hungry I used three types of cheese on my bread hahahahahah but what I really want to talk about is the creme camembert of Giplait it's so delicious I'm sorry I can't remember how much I bought it but it's not that expensive anyway I think it would be so great on top of pasta or to be used in some kind of sandwich totally recommend it and I rate it 8/10,food,12,4,2026-02-14 18:56:02,crowland358,2026,algeriarates,2026-04-11 22:23:55.769661,khobze 3 fromage,i hungry i used three types cheese my bread hahahahahah what i really want talk about creme camembert giplait delicious i sorry i can remember how much i bought expensive anyway i think top pasta used kind sandwich totally recommend i rate 8 10,khobze 3 fromage i hungry i used three types cheese my bread hahahahahah what i really want talk about creme camembert giplait delicious i sorry i can remember how much i bought expensive anyway i think top pasta used kind sandwich totally recommend i rate 8 10,244
1r4qgbj,My Chocolate Cakes,"If I have to eat one thing for the rest of my life, it would be chocolate or anything made of chocolate ✨🩷",food,91,20,2026-02-14 18:27:25,Miss-Kija,2026,algeriarates,2026-04-11 22:23:55.769700,my chocolate cakes,if i eat one thing rest my life chocolate anything made chocolate,my chocolate cakes if i eat one thing rest my life chocolate anything made chocolate,65
1r4kz7b,How do travel agencies manage 100+ WhatsApp inquiries daily?,"I’m genuinely curious how travel handle bulk client inquiries 
If you get 50–150 messages per day asking:
Prices for Turkey
Umrah packages
Visa documents
Flight availability
How do you manage that without losing leads or replying late?
Do you:
Use a CRM?
Just manually reply to everything?
Have staff assigned only for WhatsApp?
Use any automation tools?
Also  do you feel like slow replies cost you bookings?
If there is any travel agencies owners kindly enlighten me ",food,1,8,2026-02-14 14:44:28,Busy_Pollution_2278,2026,algeriarates,2026-04-11 22:23:55.769813,how travel agencies manage 100 whatsapp inquiries daily,i genuinely curious how travel handle bulk client inquiries if get 50 150 messages per day asking prices turkey umrah packages visa documents flight availability how manage losing leads replying late use crm manually reply everything staff assigned whatsapp use automation tools also feel slow replies cost bookings if travel agencies owners kindly enlighten me,how travel agencies manage 100 whatsapp inquiries daily i genuinely curious how travel handle bulk client inquiries if get 50 150 messages per day asking prices turkey umrah packages visa documents flight availability how manage losing leads replying late use crm manually reply everything staff assigned whatsapp use automation tools also feel slow replies cost bookings if travel agencies owners kindly enlighten me,361
1r4ji9g,Looking for alternatives,"I can't find this H&amp;S oil replacement anymore on the algerian market. 
I need an alternative!",food,3,5,2026-02-14 13:32:42,Dr-democracyy,2026,algeriarates,2026-04-11 22:23:55.769822,looking alternatives,i can find h amp oil replacement anymore algerian market i need alternative,looking alternatives i can find h amp oil replacement anymore algerian market i need alternative,75
1r475mm,Guys for the first time i am happy that there is an algerian app who conbines everything,"You may heard of an algerian social app called 1tik but i feel is just a copy of instagram or Facebook . With new app called "" Wesh "" that comes to have a wallet inside the app you pay your invoice , ( sonalgaz , idoom , ...) order , there is a marketplace , reels everything 

For me : i rate it 10/10 i like it

For you guys ?",appliances,7,45,2026-02-14 02:20:04,akram2130,2026,algeriarates,2026-04-11 22:23:55.769920,guys first time i am happy algerian app who conbines everything,may heard algerian social app called 1tik i feel copy instagram facebook new app called wesh comes wallet inside app pay your invoice sonalgaz idoom order marketplace reels everything me i rate 10 10 i guys,guys first time i am happy algerian app who conbines everything may heard algerian social app called 1tik i feel copy instagram facebook new app called wesh comes wallet inside app pay your invoice sonalgaz idoom order marketplace reels everything me i rate 10 10 i guys,206
1r44yvz,"Good moisturizer 7,5/10",And it's very cheap ,cosmetics,4,5,2026-02-14 00:42:42,lllllllllll_ll,2026,algeriarates,2026-04-11 22:23:55.769946,moisturizer 7 5 10,cheap,moisturizer 7 5 10 cheap,5
1r40xjv,Voyagez sans galère avec votre eSIM made in Algeria 🌍✈️,"Salut à tous ! 👋

Je voulais vous parler de **mon projet** : une solution efficace pour que rester connecté en voyage soit **facile et rapide**, sans galère avec les SIM locales ou les frais de roaming.

Avec [**ecoESIM-DZ.shop**](https://ecoESIM-DZ.shop), vous pouvez :

* Activer une **eSIM en quelques minutes** directement sur votre téléphone
* Acheter votre esim en **DZD**, avec CIB ou BaridiMob !
* Choisir un **forfait adapté à vos besoins** (données, durée du séjour)
* Rester connecté dès votre arrivée, **naviguer sans stress!**

C’est simple, pratique, et pensé pour les voyageurs qui veulent **gagner du temps et éviter les soucis de connexion**.

Je serais super intéressé de savoir ce que vous en pensez et si vous seriez prêts à tester ce genre de service pendant vos voyages. Vos retours m’aideraient vraiment à l’améliorer ! 😄",electronics,2,1,2026-02-13 21:57:28,adjebbar,2026,algeriarates,2026-04-11 22:23:55.770091,voyagez gal re votre esim made algeria,salut tous je voulais parler mon projet solution efficace que rester connect en voyage soit facile rapide gal re sim locales frais roaming ecoesim dz shop pouvez activer esim en quelques minutes directement votre l phone acheter votre esim en dzd cib baridimob choisir forfait adapt vos besoins donn es dur e jour rester connect d votre arriv e naviguer stress c simple pratique pens voyageurs qui veulent gagner temps viter soucis connexion je serais super int ress savoir que en pensez si seriez pr ts tester genre service pendant vos voyages vos retours aideraient vraiment l am liorer,voyagez gal re votre esim made algeria salut tous je voulais parler mon projet solution efficace que rester connect en voyage soit facile rapide gal re sim locales frais roaming ecoesim dz shop pouvez activer esim en quelques minutes directement votre l phone acheter votre esim en dzd cib baridimob choisir forfait adapt vos besoins donn es dur e jour rester connect d votre arriv e naviguer stress c simple pratique pens voyageurs qui veulent gagner temps viter soucis connexion je serais super int ress savoir que en pensez si seriez pr ts tester genre service pendant vos voyages vos retours aideraient vraiment l am liorer,588
1r3zbgt,Bifa speculoos 1/10,"too sweet, you can feel the granulated sugar between your teeth, overpriced imo, as biscuit quality even cherchel is better, it's just bad biscuits with taste of cinnamon",food,14,10,2026-02-13 20:55:12,choramurai,2026,algeriarates,2026-04-11 22:23:55.770153,bifa speculoos 1 10,sweet can feel granulated sugar between your teeth overpriced imo biscuit even cherchel better biscuits taste cinnamon,bifa speculoos 1 10 sweet can feel granulated sugar between your teeth overpriced imo biscuit even cherchel better biscuits taste cinnamon,118
1r3wt1s,"Kahwa wa Kteb Coffee, Hydra, Algiers.","How much would you rate this place? 

Found the coziest hidden gem! 10/10 for the vibes alone. ✨

This place feels like stepping into a Victorian novel with that vintage wallpaper, classic furniture, and the most peaceful atmosphere. trust me it’s the perfect spot to disconnect and sip some coffee.... maybe get lost in a good book also. If you love that old-school and romantic aesthetic, you need to visit.",food,76,7,2026-02-13 19:21:19,Miss-Kija,2026,algeriarates,2026-04-11 22:23:55.770247,kahwa wa kteb coffee hydra algiers,how much rate place found coziest hidden gem 10 10 vibes alone place feels stepping into victorian novel vintage wallpaper classic furniture peaceful atmosphere trust me perfect spot disconnect sip coffee maybe get lost book also if love old school romantic aesthetic need visit,kahwa wa kteb coffee hydra algiers how much rate place found coziest hidden gem 10 10 vibes alone place feels stepping into victorian novel vintage wallpaper classic furniture peaceful atmosphere trust me perfect spot disconnect sip coffee maybe get lost book also if love old school romantic aesthetic need visit,278
1r3vu0n,Don't buy,"This product, considering its high price for such a small quantity, is not good at all. The quality is very low ",food,9,15,2026-02-13 18:45:38,PhysicalTax6751,2026,algeriarates,2026-04-11 22:23:55.770272,don,considering its high small quantity low,don considering its high small quantity low,39
1r3v52t,"J'ai créé Trokacha, une app de troc/vente avec des swipes — je cherche des beta testeurs","Salam,  
  
Je suis algérien basé en France, et ça fait 1 an et demi que je bosse sur Trokacha — une app que je veux lancer en Algérie.  
  
C'est une app de vente, achat et troc avec une mécanique de swipes :  
\- Tu postes ton annonce  
\- Tu swipes à droite pour proposer un échange (avec tes propres articles)  
\- Tu swipes à gauche pour faire une offre en argent  
\- Si l'autre accepte → match → chat → deal  
  
Y'a aussi la vérification d'identité pour limiter les arnaques, et un système de badges.  
  
Je suis en beta fermée et j'ai besoin de 12 testeurs pendant 14 jours pour débloquer le Play Store. Si vous avez 5 min pour tester et me donner vos retours (même les critiques), ça m'aiderait énormément.  
  
🌐 Site : [https://trokacha.com](https://trokacha.com)  
📱 iOS : Téléchargement direct sur le site (TestFlight)  
📱 Android : Laissez votre mail en commentaire ou MP, je vous ajoute à la beta  
  
Je réponds à toutes vos questions sur l'app ou le concept.  
  
Merci d'avance 🇩🇿

https://preview.redd.it/pvwkf55opajg1.jpg?width=389&amp;format=pjpg&amp;auto=webp&amp;s=d54ba6cac6035d0cb8de119fcbcef0ca35d8061e

",appliances,7,2,2026-02-13 18:19:36,Swimming_Maize8475,2026,algeriarates,2026-04-11 22:23:55.770481,j ai cr trokacha app troc vente swipes je cherche beta testeurs,salam je suis alg rien bas en france 1 demi que je bosse trokacha app que je veux lancer en alg rie c app vente achat troc canique swipes tu postes ton annonce tu swipes droite proposer change tes propres articles tu swipes gauche offre en argent si l autre accepte match chat deal y aussi v rification d identit limiter arnaques syst me badges je suis en beta ferm e j ai besoin 12 testeurs pendant 14 jours d bloquer play store si avez 5 min tester me donner vos retours me critiques aiderait norm ment site ios l chargement direct site testflight android laissez votre mail en commentaire mp je ajoute beta je r ponds toutes vos questions l app concept merci d avance,j ai cr trokacha app troc vente swipes je cherche beta testeurs salam je suis alg rien bas en france 1 demi que je bosse trokacha app que je veux lancer en alg rie c app vente achat troc canique swipes tu postes ton annonce tu swipes droite proposer change tes propres articles tu swipes gauche offre en argent si l autre accepte match chat deal y aussi v rification d identit limiter arnaques syst me badges je suis en beta ferm e j ai besoin 12 testeurs pendant 14 jours d bloquer play store si avez 5 min tester me donner vos retours me critiques aiderait norm ment site ios l chargement direct site testflight android laissez votre mail en commentaire mp je ajoute beta je r ponds toutes vos questions l app concept merci d avance,670
1r3sq3s,3/10 definitely not my favorite,"I'm not a chocolates expert ,the hazelnuts taste like حمص , and the chocolate flavor doesn't help the combination at all. I really feel disappoint after I bought it ..",food,2,2,2026-02-13 16:50:42,New_Mobile_1504,2026,algeriarates,2026-04-11 22:23:55.780729,3 10 definitely my favorite,i chocolates expert hazelnuts taste chocolate flavor doesn help combination i really feel disappoint after i bought,3 10 definitely my favorite i chocolates expert hazelnuts taste chocolate flavor doesn help combination i really feel disappoint after i bought,115
1r3mtyw,Suggestions for light suhur meals during Ramadan in Algeria,"What are some light foods that people in Algeria usually eat for suhur? I don’t like milk or heavy meals early in the morning, but I still want something that gives enough energy for fasting. Any simple and healthy suggestions?",food,2,8,2026-02-13 12:33:04,lx_356,2026,algeriarates,2026-04-11 22:23:55.780775,suggestions light suhur meals during ramadan algeria,what light foods people algeria usually eat suhur i don milk heavy meals early morning i still want something gives enough energy fasting simple healthy suggestions,suggestions light suhur meals during ramadan algeria what light foods people algeria usually eat suhur i don milk heavy meals early morning i still want something gives enough energy fasting simple healthy suggestions,164
1r2wqsk,Algeria : West Coast,"Bider in west coast
Beautifully place from Algeria.",appliances,6,2,2026-02-12 16:41:26,B-Fekkai,2026,algeriarates,2026-04-11 22:23:55.780984,algeria west coast,bider west coast beautifully place algeria,algeria west coast bider west coast beautifully place algeria,42
1r2sxqv,Diet prblm,"While i was making my diet program , i found out that the little بتيسويس ريجيم had 7.5 g of protien and it was a surprise for me so i made a program that includes 300 g of rice , 150 g of tuna , 9 boiled eggs , mashing the eggs and spilling 3 big yogurt of that , which i thought had 15 g of protein since the small one had 7.5 .. and the meal added up to 140 g of protein and 2550 kcl , and that was my daily goal , but since i found that the big yougert was having the same tag of kcl and protein im not sure which to follow , can anybody help ",food,27,30,2026-02-12 14:06:50,No-Educator-2556,2026,algeriarates,2026-04-11 22:23:55.781081,diet prblm,while i making my diet program i found little 7 5 g protien surprise me i made program includes 300 g rice 150 g tuna 9 boiled eggs mashing eggs spilling 3 big yogurt which i thought 15 g protein since small one 7 5 meal added 140 g protein 2550 kcl my daily goal since i found big yougert tag kcl protein im sure which follow can anybody help,diet prblm while i making my diet program i found little 7 5 g protien surprise me i made program includes 300 g rice 150 g tuna 9 boiled eggs mashing eggs spilling 3 big yogurt which i thought 15 g protein since small one 7 5 meal added 140 g protein 2550 kcl my daily goal since i found big yougert tag kcl protein im sure which follow can anybody help,343
1r2npym,Maxon XL biscuit 6/10,The chocolate is a little bitter and the biscuit is a little hard in my opinion,food,3,9,2026-02-12 09:05:07,Hefty_Sorbet_712,2026,algeriarates,2026-04-11 22:23:55.781116,maxon xl biscuit 6 10,chocolate little bitter biscuit little hard my opinion,maxon xl biscuit 6 10 chocolate little bitter biscuit little hard my opinion,54
1r27qng,ChatGPT Plus in Algeria – How do you pay without Visa &amp; is it worth it for a graduation project?,"Hi everyone,
I’m thinking about subscribing to ChatGPT (not sure if Plus or Pro is better, I’m still confused about the difference), mainly to help me with my graduation project.
The problem is I don’t have a Visa card. How are you guys paying for it in Algeria? Is there another method that works? And are there Instagram pages or trusted accounts that help with subscriptions like this?
Also, for those who tried it, is it really worth it for academic work and research? Or would you recommend another AI tool like DeepSeek, Claude, Perplexity, etc.?
I’d really appreciate honest opinions before I spend money on it. Thanks 🩷",appliances,0,12,2026-02-11 20:55:40,lllllllllll_ll,2026,algeriarates,2026-04-11 22:23:55.781377,chatgpt plus algeria how pay visa amp worth graduation project,hi everyone i thinking about subscribing chatgpt sure if plus pro better i still confused about difference mainly help me my graduation project problem i don visa card how guys paying algeria another method works instagram pages trusted accounts help subscriptions also who tried really worth academic work research recommend another ai tool deepseek claude perplexity etc i d really appreciate honest opinions before i spend money thanks,chatgpt plus algeria how pay visa amp worth graduation project hi everyone i thinking about subscribing chatgpt sure if plus pro better i still confused about difference mainly help me my graduation project problem i don visa card how guys paying algeria another method works instagram pages trusted accounts help subscriptions also who tried really worth academic work research recommend another ai tool deepseek claude perplexity etc i d really appreciate honest opinions before i spend money thanks,438
1r20lsd,قهوة العشية (hot chocolate &amp; les gaufres),هذا البرد يوالم معاه غير hot chocolate ,food,77,22,2026-02-11 16:37:26,Miss-Kija,2026,algeriarates,2026-04-11 22:24:04.505714,hot chocolate amp gaufres,hot chocolate,hot chocolate amp gaufres hot chocolate,13
1r1zgtw,Just rate it....(In the iqama btw),I did take the rice from the restaurant and I added my touch ,food,9,15,2026-02-11 15:53:55,ImaginaryTeach371,2026,algeriarates,2026-04-11 22:24:04.505729,rate iqama btw,i take rice restaurant i added my touch,rate iqama btw i take rice restaurant i added my touch,39
1r1uwt1,"Local Algerian social media like ""Wesh""","I want to get your honest rating on the idea of **local Algerian social media**, especially platforms like [**Wesh.dz**](http://Wesh.dz) that are built by Algerian developers and focus on connecting people here in Algeria

Do you think a local Algerian social media platform like [**Wesh.dz**](http://Wesh.dz) could succeed or become something people actually prefer?  
Why or why not?

https://preview.redd.it/oe0vsgwtpuig1.jpg?width=6250&amp;format=pjpg&amp;auto=webp&amp;s=0c2444ee3723d02f98c55c906c3b5064c34c81f7

",appliances,1,22,2026-02-11 12:28:55,GlitteringPattern362,2026,algeriarates,2026-04-11 22:24:04.505842,local algerian social media wesh,i want get your honest rating idea local algerian social media especially platforms wesh dz built algerian developers focus connecting people algeria think local algerian social media platform wesh dz succeed become something people actually prefer why why,local algerian social media wesh i want get your honest rating idea local algerian social media especially platforms wesh dz built algerian developers focus connecting people algeria think local algerian social media platform wesh dz succeed become something people actually prefer why why,256
1r1ijb5,Best cookies in algeria,I'll give it a 8/10 it's sweet salty and crunchy and most of all it's super cheap it's like 10da,appliances,7,4,2026-02-11 01:36:55,loaie_,2026,algeriarates,2026-04-11 22:24:04.505880,best cookies algeria,i ll give 8 10 sweet salty crunchy super cheap 10da,best cookies algeria i ll give 8 10 sweet salty crunchy super cheap 10da,51
1r1ia4z,"i think we have too much people Sharing their own photos, and what they ate for lunch","in my  opinion, this reddit is about PRODUCTS SERVICES , restaurant, extra,  not homemade meals, not photos about Algeria, IT IS A PRODUCT REVIEWING subreddit 

recently I've been seeing more such posts then the posts that actually rate things that are useful for the day to day consumer 

if you want to post your photos i think it would be better in r/algeriapics

it's jusr becoming a subreddit about people Sharing their day?.. which isn't something bad to say but i don't think it is useful dor annoying that's using this subreddit to actually know how the products are and if they should buy them or not

lol share my breakfast? you just had eggs and nuts and a coffee? literally there is NO brand at ALL how is this USEFUL 

وصف السبريديت حرفيا يقول

شارك تجاربك الصادقة مع المنتجات أو الخدمات أو الأماكن أو حتى خدمة الزبائن في الجزائر من المطاعم إلى الشامبو الملابس الأجهزة

أو خدمات التوصيل... إلخ. Share your honest experiences with products, services, places, or even customer service in Algeria. From restaurants to shampoo, سقسي المجرب .clothes, gadgets, or delivery services..ect

Deals &amp; Marketplace

do as you wish with my opinion ",food,61,29,2026-02-11 01:26:07,Overall_Abroad,2026,algeriarates,2026-04-11 22:24:04.505929,i think much people sharing their photos what ate lunch,my opinion reddit about products services restaurant extra homemade meals photos about algeria reviewing subreddit recently i ve seeing posts posts actually rate things useful day day consumer if want post your photos i think better r algeriapics jusr becoming subreddit about people sharing their day which isn something say i don think useful dor annoying using subreddit actually know how products if lol share my breakfast eggs nuts coffee literally brand how useful share your honest experiences products services places even customer service algeria restaurants shampoo clothes gadgets delivery services ect deals amp marketplace wish my opinion,i think much people sharing their photos what ate lunch my opinion reddit about products services restaurant extra homemade meals photos about algeria reviewing subreddit recently i ve seeing posts posts actually rate things useful day day consumer if want post your photos i think better r algeriapics jusr becoming subreddit about people sharing their day which isn something say i don think useful dor annoying using subreddit actually know how products if lol share my breakfast eggs nuts coffee literally brand how useful share your honest experiences products services places even customer service algeria restaurants shampoo clothes gadgets delivery services ect deals amp marketplace wish my opinion,651
1r0zyv4,A new peanut butter tasting,"First time trying the chocolate version, tastes hella good . I really got used to the unsweetened brands , but the sweet ones ain't bad either .
I'd say 8.5/10 
I'll try my best not to finish it in 2 days . 

Which other brands do yall like ? ",food,3,0,2026-02-10 13:55:19,Human_Sir2378,2026,algeriarates,2026-04-11 22:24:04.506097,new peanut butter tasting,first time trying chocolate version tastes hella i really got used unsweetened brands sweet ones ain either i d say 8 5 10 i ll try my best finish 2 days which brands yall,new peanut butter tasting first time trying chocolate version tastes hella i really got used unsweetened brands sweet ones ain either i d say 8 5 10 i ll try my best finish 2 days which brands yall,171
1r0jnir,"Order these two burgers from brother ts , I ordered cannibal burger and breaded chicken","Cannibal 7/10 (delicious but overloaded with  BBQ sauce and you can find it below the burger )

Breaded chicken 9/10",food,9,10,2026-02-10 00:01:49,Beneficial_Fly_3928,2026,algeriarates,2026-04-11 22:24:04.506138,order two burgers brother ts i ordered cannibal burger breaded chicken,cannibal 7 10 delicious overloaded bbq sauce can find below burger breaded chicken 9 10,order two burgers brother ts i ordered cannibal burger breaded chicken cannibal 7 10 delicious overloaded bbq sauce can find below burger breaded chicken 9 10,87
1r0h3pn,Simple and good 👌," Honnêtement, c'est quoi le meilleur chocolat algérien selon vous 😁🍫🍫",appliances,9,7,2026-02-09 22:25:59,cute-mom97,2026,algeriarates,2026-04-11 22:24:04.506175,simple,honn tement c quoi meilleur chocolat alg rien selon,simple honn tement c quoi meilleur chocolat alg rien selon,51
1r08cvm,Will it work for scars?,I have acne scars on the sides of my face. They are still red still fresh. What do you think about this skin care routine to remove them and what should I add or remove and for how long I should wait to see a result,cosmetics,22,57,2026-02-09 17:12:30,SL_rania,2026,algeriarates,2026-04-11 22:24:04.506347,work scars,i acne scars sides my face still red still fresh what think about skin care routine remove what i add remove how long i wait see result,work scars i acne scars sides my face still red still fresh what think about skin care routine remove what i add remove how long i wait see result,135
1qzebhu,Natribifluor toothpaste,"Is there is anyone who used it ? 
Is it effective? ",cosmetics,64,58,2026-02-08 18:04:00,lx_356,2026,algeriarates,2026-04-11 22:24:04.506505,natribifluor toothpaste,anyone who used effective,natribifluor toothpaste anyone who used effective,25
1qyl7qq,Need help,Bonsoir jspr que tout le monde vas bien pour les gens qui habite à alger je cherche bibliothèque ou on peut faire de la lecture tranquillement svp,appliances,8,31,2026-02-07 19:22:34,dady_75,2026,algeriarates,2026-04-11 22:24:04.506899,need help,bonsoir jspr que tout monde vas gens qui habite alger je cherche biblioth que lecture tranquillement svp,need help bonsoir jspr que tout monde vas gens qui habite alger je cherche biblioth que lecture tranquillement svp,104
1qyfrwc,Internet FIBRE Algérie Télécom,"Hello everyone,

I hope you guys are doing well. These last days, my internet's been really horrible. I can't even do some things comfortably like play competitive games with a stable ping. It keeps spiking up to 300-500ms. Even watching movies is not possible. 

Do you guys have the same problem too?

PS: I don't have a router (I only have that Idoom modem and I'm using its Wifi) and it has never been stable (I got it in July 2024)   
",electronics,0,27,2026-02-07 15:53:19,freshfrx,2026,algeriarates,2026-04-11 22:24:04.507061,internet fibre alg rie l com,hello everyone i hope guys last days my internet really horrible i can even things comfortably play competitive games stable ping keeps spiking 300 500ms even watching movies possible guys problem ps i don router i idoom modem i using its wifi never stable i got july 2024,internet fibre alg rie l com hello everyone i hope guys last days my internet really horrible i can even things comfortably play competitive games stable ping keeps spiking 300 500ms even watching movies possible guys problem ps i don router i idoom modem i using its wifi never stable i got july 2024,272
1qyfngg,دليل النشر: هام ❗⚠️ Posting guide: IMPORTANT,"🔴 عند تقييم منتج:

📍 _يجب أن يتضمن العنوان اسم المنتج/المكان + التقييم من 10/ .

📍 _ينبغي أن تتضمن المشاركات التفاصيل اللازمة مثل السعر مثلاً، متى كان ذلك ممكنًا وذا صلة، أو أي تفاصيل مفيدة أخرى.
اشرح لماذا منحت التقييم الذي منحته،
وتحدث عن النقاط القوية أو الضعيفة للمنتج/المكان.

🔵 _من الأفضل إرفاق صورة إن أمكن،
للمنتج الذي تريد تقييمه أو الاستفسار عنه.

🟡 وهذا كل شيء،

🟢 نشرًا سعيدًا! 🟢


⚠️English translation:

🔴When rating a product: 

📍_Titles must include the product/place's name. + a rating /10 ,

📍_ Posts should include any necessary details, such as the price for exemple, when it's possible and relevant , or all useful details.
Explain why you gave it the rating you gave,
And tell us about the strong Points , or weak points of the product/place 

🔵_ it's better to include a photo if possible.
Of the product you wanna rate, or ask others about it.


🟡And that's it, 

🟢Happy posting! 🟢",food,11,0,2026-02-07 15:48:20,ZookeepergameFit2918,2026,algeriarates,2026-04-11 22:24:04.507143,posting guide important,10 english translation when rating titles must include place name rating 10 posts include necessary details exemple when possible relevant useful details explain why gave rating gave tell us about strong points weak points place better include photo if possible wanna rate ask others about happy posting,posting guide important 10 english translation when rating titles must include place name rating 10 posts include necessary details exemple when possible relevant useful details explain why gave rating gave tell us about strong points weak points place better include photo if possible wanna rate ask others about happy posting,303
1qxkyvc,Good skin care product,"Hi guys , I am 20 m and I have acne I need someone to recommend good product I can use 
سقسي لمجرب they say 😅",cosmetics,4,7,2026-02-06 16:40:22,Fun_Significance4035,2026,algeriarates,2026-04-11 22:24:04.521388,skin care,hi guys i am 20 i acne i need someone recommend i can use say,skin care hi guys i am 20 i acne i need someone recommend i can use say,61
1qxcjvy,Bomman vacuum cleaner 8/10,"good morning folks so today I want to share with you my experience using the Bomann vacuum cleaner, it's very light, easy to use, very strong, it sucked even the very tiny dust particles from the carpet ( which made me very disgusted by my carpet that I thought was clean) I don't recommend it with heavy duties like fine gravel , it's perfect for the car,  it's not designed for any kind of wet work and the price is very reasonable 13000 Da and I think 21000 Da  for  the cordless version, totally I give it 8/10 but I feel it might deserve more.",food,3,4,2026-02-06 09:52:23,crowland358,2026,algeriarates,2026-04-11 22:24:04.521451,bomman vacuum cleaner 8 10,morning folks today i want share my experience using bomann vacuum cleaner light easy use strong sucked even tiny dust particles carpet which made me disgusted my carpet i thought clean i don recommend heavy duties fine gravel perfect designed kind wet work reasonable 13000 da i think 21000 da cordless version totally i give 8 10 i feel might deserve,bomman vacuum cleaner 8 10 morning folks today i want share my experience using bomann vacuum cleaner light easy use strong sucked even tiny dust particles carpet which made me disgusted my carpet i thought clean i don recommend heavy duties fine gravel perfect designed kind wet work reasonable 13000 da i think 21000 da cordless version totally i give 8 10 i feel might deserve,352
1qxadp0,Number one in the market,"This is the best Yogurt I ever bought, better than overrated known brands. ",food,5,7,2026-02-06 07:40:27,Proper_Support_3810,2026,algeriarates,2026-04-11 22:24:04.521533,number one market,best yogurt i ever bought better overrated known brands,number one market best yogurt i ever bought better overrated known brands,55
1qwqyur,Tajine....,"I'm not algerian, i study in it only, and this is my first year, today i was wondering how traditional food tastes here so i went to a resturant wirh my friend *was 5 start by 70 rates* and orded a meat tajine, we asked for the family sized one and thought it would fill the 3 of us, because wtf, we paid 7000 prix! And we got the thing looking good before the waiter and then we hot shocked of how little the food was lmao, and the meat almost has any taste, the olives tasted great but cmon man im not here to eat olives😭 its was a memory I'll never forget, 3/10 for the tajine",food,53,41,2026-02-05 18:06:57,Muhammed_FpI,2026,algeriarates,2026-04-11 22:24:04.521700,tajine,i algerian i study my first year today i wondering how traditional food tastes i went resturant wirh my friend 5 start 70 rates orded meat tajine asked family sized one thought fill 3 us because wtf paid 7000 prix got thing looking before waiter hot shocked how little food lmao meat almost taste olives tasted cmon man im eat olives its memory i ll never forget 3 10 tajine,tajine i algerian i study my first year today i wondering how traditional food tastes i went resturant wirh my friend 5 start 70 rates orded meat tajine asked family sized one thought fill 3 us because wtf paid 7000 prix got thing looking before waiter hot shocked how little food lmao meat almost taste olives tasted cmon man im eat olives its memory i ll never forget 3 10 tajine,374
1qwifz1,This will always be my favorite mix,"Rice, half cooked eggs, oikos, fromage and camembert ",food,31,25,2026-02-05 12:06:57,_Quiet_mind_,2026,algeriarates,2026-04-11 22:24:04.521761,always my favorite mix,rice half cooked eggs oikos fromage camembert,always my favorite mix rice half cooked eggs oikos fromage camembert,45
1qwi6pz,Looking for GUYLIAN chocolate,"Hi,
Please im looking for the brand GUYLIAN its usually chocolates that come in seachells form.
Please in any wilaya, its urgent.
Fyi its a brand from belgium.
Thank u so much for any help provided",food,2,0,2026-02-05 11:52:34,Ready_Spring_4686,2026,algeriarates,2026-04-11 22:24:04.521775,looking guylian chocolate,hi please im looking brand guylian its usually chocolates come seachells form please wilaya its urgent fyi its brand belgium thank u much help provided,looking guylian chocolate hi please im looking brand guylian its usually chocolates come seachells form please wilaya its urgent fyi its brand belgium thank u much help provided,151
1qwh8uu,Rate my very late breakfast,"hello guys thats my breakfast for today:

eggs,some toast and cheese,sweet and normal potatoes,and some home made tangerine juice.",food,20,7,2026-02-05 10:56:42,Tarantula_lover02,2026,algeriarates,2026-04-11 22:24:04.521812,rate my late breakfast,hello guys thats my breakfast today eggs toast cheese sweet normal potatoes home made tangerine juice,rate my late breakfast hello guys thats my breakfast today eggs toast cheese sweet normal potatoes home made tangerine juice,101
1qw0hz6,Good day petite dej 5/10,"My review of this product:
I liked the packaging, but there’s absolutely no chocolate taste at all 🤣🤣
It tastes like any regular biscuit.
I thought it was healthy, but I didn’t have time to check the nutritional values.",food,3,1,2026-02-04 21:49:22,Time_Law3428,2026,algeriarates,2026-04-11 22:24:08.370758,day petite dej 5 10,my review i liked packaging absolutely chocolate taste tastes regular biscuit i thought healthy i didn time check nutritional values,day petite dej 5 10 my review i liked packaging absolutely chocolate taste tastes regular biscuit i thought healthy i didn time check nutritional values,132
1qvq8lk,Shampoo Dermactive,"Is it good? The product is made here in Algeria while using European license or whatever.... 
My hair is a mess : , weak, falling and damaged + they're itchy 😞 
",appliances,3,0,2026-02-04 15:38:20,BossNo6119,2026,algeriarates,2026-04-11 22:24:08.370868,shampoo dermactive,made algeria while using european license whatever my hair mess weak falling damaged re itchy,shampoo dermactive made algeria while using european license whatever my hair mess weak falling damaged re itchy,93
1qvq06c,The only place that almost all Algerians have visited,مقام الشهيد ,appliances,130,34,2026-02-04 15:28:55,0the_mr0,2026,algeriarates,2026-04-11 22:24:08.370886,place almost algerians visited,,place almost algerians visited ,0
1qvej0n,🌟SELECTOISH BACKROOMS🌟,"rate my work using blender
and if anyone wanna check more of my works check my instagram here :D
https://www.instagram.com/mrbearded_tachouri?igsh=Ymk0dW41Zzhndmsy",appliances,9,3,2026-02-04 05:15:43,general_tachourious,2026,algeriarates,2026-04-11 22:24:08.370969,selectoish backrooms,rate my work using blender if anyone wanna check my works check my instagram d,selectoish backrooms rate my work using blender if anyone wanna check my works check my instagram d,78
1qv4259,Rate my low poly smithy.,Been learning blender for the past few months and recently started experimenting with ideas.,appliances,11,3,2026-02-03 21:59:09,Eliasbnzz,2026,algeriarates,2026-04-11 22:24:08.371045,rate my low poly smithy,learning blender past months recently started experimenting ideas,rate my low poly smithy learning blender past months recently started experimenting ideas,65
1qv2p5t,Rate r/AlgeriaRates/10,Delete my posts all day long if you want ,appliances,0,26,2026-02-03 21:08:40,Excellent-Reality913,2026,algeriarates,2026-04-11 22:24:08.371059,rate r algeriarates 10,delete my posts day long if want,rate r algeriarates 10 delete my posts day long if want,32
1qv1u5u,Thoughts on Oliveo Izri? Found it for 1900 DZD for 1.5L.,"Looking for a solid local olive oil and this one looks premium.

On a side note, the shelf was so clean I’m practically invisible in the reflection. If you can find me, I’ll downvote you hhhh.",food,3,3,2026-02-03 20:37:06,BeeTheGlitch,2026,algeriarates,2026-04-11 22:24:08.371070,thoughts oliveo izri found 1900 dzd 1 5l,looking solid local olive oil one looks premium side note shelf clean i practically invisible reflection if can find me i ll downvote hhhh,thoughts oliveo izri found 1900 dzd 1 5l looking solid local olive oil one looks premium side note shelf clean i practically invisible reflection if can find me i ll downvote hhhh,138
1qux87q,Planing to source original K-skin care,"سلام عليكم 

I noticed in our market most of k skin care is total counterfeit and planing to source cosrx products is it good idea ? Or there is a high demand on another brand need help thank you",cosmetics,6,0,2026-02-03 17:52:35,uch_iha,2026,algeriarates,2026-04-11 22:24:08.371156,planing source original k skin care,i noticed our market k skin care total counterfeit planing source cosrx products idea high demand another brand need help thank,planing source original k skin care i noticed our market k skin care total counterfeit planing source cosrx products idea high demand another brand need help thank,127
1quqb0n,Looking for a good laptop repairman in Algiers,"Hello, my laptop's battery got corrupted and I need a good trustworthy repairman that has original replacements to get it replaced and fix other issues, i would prefer the location be around Draria.
Thank you.",electronics,3,0,2026-02-03 13:12:04,cactusandveenus,2026,algeriarates,2026-04-11 22:24:08.371241,looking laptop repairman algiers,hello my laptop battery got corrupted i need trustworthy repairman original replacements get replaced fix issues i prefer location around draria thank,looking laptop repairman algiers hello my laptop battery got corrupted i need trustworthy repairman original replacements get replaced fix issues i prefer location around draria thank,150
1qup3l5,"Stop buying touché products, they are a scam 0/10","Touché is literally a scam and they do these packs where you get multiple products for a cheap price. Please stick the basic brands like acm, boreade, lcl, vichy ect... And never let them take your money ",food,119,88,2026-02-03 12:06:11,kindlover_,2026,algeriarates,2026-04-11 22:24:08.371255,stop buying touch products scam 0 10,touch literally scam packs where get multiple products cheap please stick basic brands acm boreade lcl vichy ect never let take your money,stop buying touch products scam 0 10 touch literally scam packs where get multiple products cheap please stick basic brands acm boreade lcl vichy ect never let take your money,138
1qu8tll,What do you think about my dinner(last meal),"-Rice with canned tuna
-eggs
-escalope
-sweet potatoes 
-mashed avocado 
-and a home made mojito (non alcoholic)
",food,13,21,2026-02-02 22:47:48,Tarantula_lover02,2026,algeriarates,2026-04-11 22:24:08.371302,what think about my dinner last meal,rice canned tuna eggs escalope sweet potatoes mashed avocado home made mojito non alcoholic,what think about my dinner last meal rice canned tuna eggs escalope sweet potatoes mashed avocado home made mojito non alcoholic,91
1qu63rd,I rate this a good 6/10, the chocolate and crunch is on point but as usual no pistachio flavor just too sweet for me ,food,6,4,2026-02-02 21:09:35,Helpful_Bell645,2026,algeriarates,2026-04-11 22:24:08.371330,i rate 6 10,chocolate crunch point usual pistachio flavor sweet me,i rate 6 10 chocolate crunch point usual pistachio flavor sweet me,54
1qtxdsf,RATE this perfume 'Burberry Goddess',"This is currently one of the most talked-about perfumes, and for good reason. It is widely considered a ""grown-up"" gourmand, sweet but not childish. It balances that sweetness with Lavender and a touch of Ginger and Cacao. The lavender prevents it from smelling like a cupcake, it adds a clean, fresh, and expensive ""aromatic"" touch, similar to YSL Libre but much softer and warmer.",cosmetics,14,7,2026-02-02 16:02:19,Miss-Kija,2026,algeriarates,2026-04-11 22:24:08.371434,rate perfume burberry goddess,currently one talked about perfumes reason widely considered grown gourmand sweet childish balances sweetness lavender touch ginger cacao lavender prevents smelling cupcake adds clean fresh expensive aromatic touch similar ysl libre much softer warmer,rate perfume burberry goddess currently one talked about perfumes reason widely considered grown gourmand sweet childish balances sweetness lavender touch ginger cacao lavender prevents smelling cupcake adds clean fresh expensive aromatic touch similar ysl libre much softer warmer,251
1qtu57e,What's the best chocolate biscuits and how you rate them?,looking for good biscuits with chocolate in the market but all I'm finding are stuff that are too sugary abd literally has barely any chocolate in it,food,3,1,2026-02-02 13:49:00,BreakfastDifferent29,2026,algeriarates,2026-04-11 22:24:08.381308,what best chocolate biscuits how rate,looking biscuits chocolate market i finding stuff sugary abd literally barely chocolate,what best chocolate biscuits how rate looking biscuits chocolate market i finding stuff sugary abd literally barely chocolate,87
1qsyf9f,6/10,"I like to try local dark chocolate brands and compare them. Love the packaging on this one, the taste however is average it's not as bitter as I like, and the fact that it has 47 grams of sugar is INSANE, price was 270 DZD, would I buy it again? No, I'd rather get Bimo's 70% cacao Ambassadeur",food,10,10,2026-02-01 14:26:37,wookiehoe,2026,algeriarates,2026-04-11 22:24:08.381739,6 10,i try local dark chocolate brands compare love packaging one taste however average bitter i fact 47 grams sugar insane 270 dzd i again i d rather get bimo 70 cacao ambassadeur,6 10 i try local dark chocolate brands compare love packaging one taste however average bitter i fact 47 grams sugar insane 270 dzd i again i d rather get bimo 70 cacao ambassadeur,175
1qs9gz1,Fabric shaver,"Salem, I want to buy a good fabric shaver, can those who have one comment a picture of theirs with a quick review on quality and price please?

Thanks in advance.",food,2,0,2026-01-31 19:06:05,cactusandveenus,2026,algeriarates,2026-04-11 22:24:08.382079,fabric shaver,salem i want fabric shaver can who one comment picture theirs quick review please thanks advance,fabric shaver salem i want fabric shaver can who one comment picture theirs quick review please thanks advance,96
1qs4rg0,Rate the image from 1 to 10,"Mostaganem discret, Algeria ",appliances,7,6,2026-01-31 16:09:06,AmirHammadi17,2026,algeriarates,2026-04-11 22:24:08.382096,rate image 1 10,mostaganem discret algeria,rate image 1 10 mostaganem discret algeria,26
1qs16x4,"Bearded men of Algeria, what products do you use to keep your beard pretty?","I’m growing a beard and I want it to look really nice incha’Allah, so bearded men of Algeria what products do you use to help achieve that? I need them to not interfere with Wudu",appliances,1,5,2026-01-31 13:32:54,nawlo32,2026,algeriarates,2026-04-11 22:24:08.382168,bearded men algeria what products use keep your beard pretty,i growing beard i want look really incha allah bearded men algeria what products use help achieve i need interfere wudu,bearded men algeria what products use keep your beard pretty i growing beard i want look really incha allah bearded men algeria what products use help achieve i need interfere wudu,119
1qrmahi,"Since I've been banned from r/Algeria gor posting my photography, I want it to be rated!","This is personal work, if you want a part 2 with professional work i can do that!",appliances,125,34,2026-01-31 00:50:55,Abdellahzz,2026,algeriarates,2026-04-11 22:24:08.382297,since i ve banned r algeria gor posting my photography i want rated,personal work if want part 2 professional work i can,since i ve banned r algeria gor posting my photography i want rated personal work if want part 2 professional work i can,52
1qrj11v,Partage pour la communauté Algérienne,"Assalam alaykum wa Rahmatoullahi wa Barakatouh. 
https://www.facebook.com/share/1CwxXucEis/",appliances,2,0,2026-01-30 22:43:28,Comfortable-Kale-277,2026,algeriarates,2026-04-11 22:24:08.382323,partage communaut alg rienne,assalam alaykum wa rahmatoullahi wa barakatouh,partage communaut alg rienne assalam alaykum wa rahmatoullahi wa barakatouh,46
1siv7jn,Best washing machines in algeria?,as the title indicated im planning on buying a new washing machine and im aiming for longévité and endurance something i will buy now and forget about it you guys tell me what's the best brands and model the price doesn't really matter,food,1,2,2026-04-11 22:16:44,Slight_Paramedic8751,2026,algeria,2026-04-11 22:25:33.615849,best washing machines algeria,title indicated im planning buying new washing machine im aiming long vit endurance something i now forget about guys tell me what best brands model doesn really matter,best washing machines algeria title indicated im planning buying new washing machine im aiming long vit endurance something i now forget about guys tell me what best brands model doesn really matter,168
1sisbvc,"Medical students of Algeria, why did your strikes and protests fail so spectacularly?","I'm not looking to offend or provoke, i'm looking to hear insight by those who experienced the 2018 residents protest and the more recent university medical students protest. They recently announced that they're promoting 7 med school annexes to full medical faculties in Algeria, despite the fact that they don't provide enough training or education and that graduate med students are facing joblessness. Why did med students fail to achieve their goals despite having a lot of leverage as full medical workers from year 5 till the end of their education?",appliances,1,8,2026-04-11 20:23:47,VilleFaible,2026,algeria,2026-04-11 22:25:33.616384,medical students algeria why your strikes protests fail spectacularly,i looking offend provoke i looking hear insight who experienced 2018 residents protest recent university medical students protest recently announced re promoting 7 med school annexes full medical faculties algeria despite fact don provide enough training education graduate med students facing joblessness why med students fail achieve their goals despite lot leverage full medical workers year 5 till end their education,medical students algeria why your strikes protests fail spectacularly i looking offend provoke i looking hear insight who experienced 2018 residents protest recent university medical students protest recently announced re promoting 7 med school annexes full medical faculties algeria despite fact don provide enough training education graduate med students facing joblessness why med students fail achieve their goals despite lot leverage full medical workers year 5 till end their education,421
1sis4k9,Building the first student-led Open Source tech docs hub in Algeria (GeekDZ). Need your feedback and contributions,"Hi everyone,

I'm the CTO of GeekDZ, a tech club based in Abbas Laghrour University, Algeria. We've just launched our official documentation platform: https://docs.geekdz.tech/

Our goal is to build a comprehensive, community-driven knowledge base for topics like Cybersecurity, AI, Web Dev, and Linux. We want this to be more than just a local university project; we want it to be a resource for tech students everywhere.

How you can help:

Write: Share your technical expertise by contributing Markdown files.

Code: Help us improve the Docusaurus theme and features.

Feedback: Tell us what we're missing!

Repository: https://github.com/GeekDZ40/geekdz-docs

Let's build something great for the community together!",appliances,2,1,2026-04-11 20:15:59,ayadseghairi40,2026,algeria,2026-04-11 22:25:33.616534,building first student led open source tech docs hub algeria geekdz need your feedback contributions,hi everyone i cto geekdz tech club based abbas laghrour university algeria ve launched our official documentation platform our goal build comprehensive community driven knowledge base topics cybersecurity ai web dev linux want local university project want resource tech students everywhere how can help write share your technical expertise contributing markdown files code help us improve docusaurus theme features feedback tell us what re missing repository let build something community together,building first student led open source tech docs hub algeria geekdz need your feedback contributions hi everyone i cto geekdz tech club based abbas laghrour university algeria ve launched our official documentation platform our goal build comprehensive community driven knowledge base topics cybersecurity ai web dev linux want local university project want resource tech students everywhere how can help write share your technical expertise contributing markdown files code help us improve docusaurus theme features feedback tell us what re missing repository let build something community together,498
1sir0q5,Why does Algeria keep scaring away foreign investment?,"So I came across this breakdown and honestly it makes a lot of sense when you think about it.

The short answer? No real governance, no transparency.

Here's what's actually going on:

Zero real governance

No transparency

Weak financial disclosure

Social and environmental reporting is basically nonexistent because it's not even mandatory companies just say the bare minimum and call it a day

Algeria scores 34% on the Corruption Perception Index, which reflects weak institutions, suffocating bureaucracy, weak law enforcement, and a judiciary that isn't independent.

A massive gap between what the laws say on paper and what actually happens in practice.

Foreign direct investment is embarrassingly low we're talking less than 0.5% of GDP in 2024. That's nothing.",appliances,1,9,2026-04-11 19:34:56,AhmedBenBello,2026,algeria,2026-04-11 22:25:33.616705,why algeria keep scaring away foreign investment,i came across breakdown honestly makes lot sense when think about short answer real governance transparency what actually going zero real governance transparency weak financial disclosure social environmental reporting basically nonexistent because even mandatory companies say bare minimum call day algeria scores 34 corruption perception index which reflects weak institutions suffocating bureaucracy weak law enforcement judiciary isn independent massive gap between what laws say paper what actually happens practice foreign direct investment embarrassingly low re talking less 0 5 gdp 2024 nothing,why algeria keep scaring away foreign investment i came across breakdown honestly makes lot sense when think about short answer real governance transparency what actually going zero real governance transparency weak financial disclosure social environmental reporting basically nonexistent because even mandatory companies say bare minimum call day algeria scores 34 corruption perception index which reflects weak institutions suffocating bureaucracy weak law enforcement judiciary isn independent massive gap between what laws say paper what actually happens practice foreign direct investment embarrassingly low re talking less 0 5 gdp 2024 nothing,602
1siqakd,"Phone got stolen, location is off, any ideas on what to do?","When a phone gets stolen and the location is turned off, is there any possible way to locate it ???

I've already tried Find My Device but since the location was off, it didn't work. ",electronics,2,8,2026-04-11 19:07:36,wrapped_Gift10,2026,algeria,2026-04-11 22:25:33.616743,phone got stolen location ideas what,when phone gets stolen location turned possible way locate i ve already tried find my device since location didn work,phone got stolen location ideas what when phone gets stolen location turned possible way locate i ve already tried find my device since location didn work,117
1siq9q7,I moved to Blida because of my job !,"I recently moved to Blida after living in Sidi Bel Abbès for a while exactly last September (I’m not originally from either place) , honestly, I expected something similar to the capital such as good spots, decent prices or anything like that but it was kind of a shock , it feels like one of the most depressing places I’ve ever been in , I’m stuck here for a while because of work, Any suggestions on how to deal with that chat?",food,4,15,2026-04-11 19:06:43,alex_william2,2026,algeria,2026-04-11 22:25:33.616794,i moved blida because my job,i recently moved blida after living sidi bel abb while exactly last september i originally either place honestly i expected something similar capital spots decent prices anything kind shock feels one depressing places i ve ever i stuck while because work suggestions how deal chat,i moved blida because my job i recently moved blida after living sidi bel abb while exactly last september i originally either place honestly i expected something similar capital spots decent prices anything kind shock feels one depressing places i ve ever i stuck while because work suggestions how deal chat,280
1sipgay,Any good barbers in algiers ? Help,"I wanna go from curly to wavy but I lowkey need a skilled barber for this also not the tiktok rghaya guy

maybe someone close to draria-babahassen etc",appliances,2,2,2026-04-11 18:36:33,ProudPainting6452,2026,algeria,2026-04-11 22:25:33.616840,barbers algiers help,i wanna go curly wavy i lowkey need skilled barber also tiktok rghaya guy maybe someone close draria babahassen etc,barbers algiers help i wanna go curly wavy i lowkey need skilled barber also tiktok rghaya guy maybe someone close draria babahassen etc,115
1siojrn,Old algerian passport from my grand father born in Tunisia.,Insha Allah soon an algerian citizen thanks to my grand father ! 😄,appliances,2,0,2026-04-11 18:02:45,SavingsParking8258,2026,algeria,2026-04-11 22:25:33.616888,old algerian passport my grand father born tunisia,insha allah soon algerian citizen thanks my grand father,old algerian passport my grand father born tunisia insha allah soon algerian citizen thanks my grand father,56
1sin7v5,"It was a masterpiece back in the days, the first free tech magazine in Algeria in the 2000s","Back in the days this was the shit.

  
It was a free magazine that got release every month, it was 100% free you could get it from some tabac journaux, the content was purely focused on technologies, gaming, software, IT...etc

  
It was 100% colored and the content was amazing, i have discovered many things thanks to them, it was also very fun to read, back in the days where IT was considered as a very esoteric thing in Algeria, and completely ignored by the mainstream journals (there was no tv outside entv)

  
Unfortunately it wasn't distributed everywhere so not all DZ knew it. ",electronics,14,1,2026-04-11 17:12:16,TigerMoskito,2026,algeria,2026-04-11 22:25:33.617087,masterpiece back days first free tech magazine algeria 2000s,back days shit free magazine got release every month 100 free get tabac journaux content purely focused technologies gaming software etc 100 colored content amazing i discovered many things thanks also fun read back days where considered esoteric thing algeria completely ignored mainstream journals tv outside entv unfortunately wasn distributed everywhere dz knew,masterpiece back days first free tech magazine algeria 2000s back days shit free magazine got release every month 100 free get tabac journaux content purely focused technologies gaming software etc 100 colored content amazing i discovered many things thanks also fun read back days where considered esoteric thing algeria completely ignored mainstream journals tv outside entv unfortunately wasn distributed everywhere dz knew,365
1silt8w,Are there any Algerian med students who succeeded direct access (accès direct) to continue their studies in France ?,"i am looking for med students who have already tried to get un acces direct and successfully got it. 

i need some advice for my brother. 

thank you !",appliances,4,0,2026-04-11 16:18:14,Murky_Bodybuilder_51,2026,algeria,2026-04-11 22:25:33.617164,algerian med students who succeeded direct access acc direct continue their studies france,i am looking med students who already tried get acces direct successfully got i need advice my brother thank,algerian med students who succeeded direct access acc direct continue their studies france i am looking med students who already tried get acces direct successfully got i need advice my brother thank,108
1sikbt0,Begginer struggling with online stuff,"Hi there, well I'm a private school English teacher and student at the same time my work salary isn't enough to be honest because I work for hours only and that's a common thing especially in wilyat sghar like mine, the school boss will always say you know mknch les clients ect, whatever that's not what I want to talk about , Well bin lila w nharr I decided to start a small business few weeks ago at the beginning it was good then I stopped recieving les commandes and I don't know how to continue in this path, i am literally lost, like if you have an advice or a way to save my life please share it with me ",food,2,3,2026-04-11 15:19:09,EagleExtreme4366,2026,algeria,2026-04-11 22:25:33.617406,begginer struggling online stuff,hi i private school english teacher student time my work salary isn enough honest because i work hours common thing especially wilyat sghar mine school boss always say know mknch clients ect whatever what i want talk about bin lila w nharr i decided start small business weeks ago beginning i stopped recieving commandes i don know how continue path i am literally lost if advice way save my life please share me,begginer struggling online stuff hi i private school english teacher student time my work salary isn enough honest because i work hours common thing especially wilyat sghar mine school boss always say know mknch clients ect whatever what i want talk about bin lila w nharr i decided start small business weeks ago beginning i stopped recieving commandes i don know how continue path i am literally lost if advice way save my life please share me,412
1sijv6i,how much do coworking spaces cost ?,"for a single desk, how much do a coworking space cost per hour in algiers?",appliances,2,0,2026-04-11 15:00:23,n_zineb,2026,algeria,2026-04-11 22:25:33.617439,how much coworking spaces cost,single desk how much coworking space cost per hour algiers,how much coworking spaces cost single desk how much coworking space cost per hour algiers,58
1sijsta,ON Creatine from France Nearly Got Confiscated by the Customs,"Whats up Guys, I recently bought ON creatine from iHerb and shipped to someone I know from France, When came back to Algeria today, the Customs nearly confiscated it saying all Powder products are prohibited, Has this ever happened to you before? And is there a way to fix this problem for next time I purchase? 

Thanks in Advance ",appliances,1,1,2026-04-11 14:57:37,its_him0,2026,algeria,2026-04-11 22:25:33.617504,creatine france nearly got confiscated customs,whats guys i recently bought creatine iherb shipped someone i know france when came back algeria today customs nearly confiscated saying powder products prohibited ever happened before way fix problem next time i purchase thanks advance,creatine france nearly got confiscated customs whats guys i recently bought creatine iherb shipped someone i know france when came back algeria today customs nearly confiscated saying powder products prohibited ever happened before way fix problem next time i purchase thanks advance,236
1sih0wc,Algeria sed ghrib a beautiful place visit,share with us your thoughts on the comments ,appliances,40,3,2026-04-11 12:52:39,Long_Cup9729,2026,algeria,2026-04-11 22:25:33.617559,algeria sed ghrib beautiful place visit,share us your thoughts comments,algeria sed ghrib beautiful place visit share us your thoughts comments,31
1sifwhk,Payment methods in Algeria (bla Da),"**السلام** **عليكم** **،** **في** **مجال** **المنتجات** **الرقمية** **وكيفاه** **تبيع** **في** **مواقع** **عالمية** **كنت** **نشوف** **الناس** **يقولو** **حلو** **ريدوت** **باي** **باه** **يحلو** **بيه** **حساب** **باي** **بال** **،** **انا** **تقريبا** **ماعنديش** **علم** **بالمجال** **هذا** **بصح** **كي** **حوست** **كي** **يوصلو** **لتفعيل** **البطاقة** **وين** **لازم** **يصبو** **فيها** **نظن** 10$ **،** **شفت** **ليكومنتار** **قالو** **بلي** **ولات** **غير** **قانونية** **هنا** (**تجريم** **العملات** **الالكترونية**) **وخرين** **قالو** **لا** **هنا** **عادي** **،** **فحبيت** **نسقسي** **اذا** **صح** **؟** **واذا** **هيه** **اسك** **كاين** **طرق** **اخرى** **مع** **هذه** **البطاقات** **الافتراضية** **؟** **وكيفاه** **من** **بعد** **يستقبلو** **ارباحهم** **بالدينار** **؟**

**وشكرا** ",appliances,2,7,2026-04-11 11:53:36,huh___h,2026,algeria,2026-04-11 22:25:33.617672,payment methods algeria bla da,10,payment methods algeria bla da 10,2
1siepr8,I need help with online shopping and I hope I can find it here,"sooooooo 

I wanted an ayn thor for the past couple of months it suits me perfectly being a student that is outside most of the day.i need something that I can play with anytime anywhere you know.

the problem is I can not afford to buy it with all the extra random bsbwe have to go through here in Algeria, let me explain.

buying it with the intended price would be around 60k dzd (6 millions centim).

but by using the black market's price (1$ for around 240 dzd) it will jump all the way to 102240 dzd !!! almost the double !!!

and because it's over 300 bucks it's gonna have  like 30% tax... like dude... now it's over double the price sitting at around 132912 dzd.

I need help does anyone have access to online shopping with the actual value of USD without the need to using black market ? please I need help on this one and thanks

I also had an idea if somebody lives abroad he can purchase it for me and then sends it here and I'll transfer the money to a relative of yours and receive the product.

thanks for reading my rant , ugghhhhhh hope you have a great rest of your day aaaaand bye :)",food,3,31,2026-04-11 10:45:24,kamel_art,2026,algeria,2026-04-11 22:25:33.639587,i need help online shopping i hope i can find,sooooooo i wanted ayn thor past couple months suits me perfectly student outside day i need something i can play anytime anywhere know problem i can afford extra random bsbwe go through algeria let me explain buying intended around 60k dzd 6 millions centim using black market 1 around 240 dzd jump way 102240 dzd almost double because 300 bucks gonna 30 tax dude now double sitting around 132912 dzd i need help anyone access online shopping actual value usd need using black market please i need help one thanks i also idea if somebody lives abroad can purchase me sends i ll transfer money relative yours receive thanks reading my rant ugghhhhhh hope rest your day aaaaand bye,i need help online shopping i hope i can find sooooooo i wanted ayn thor past couple months suits me perfectly student outside day i need something i can play anytime anywhere know problem i can afford extra random bsbwe go through algeria let me explain buying intended around 60k dzd 6 millions centim using black market 1 around 240 dzd jump way 102240 dzd almost double because 300 bucks gonna 30 tax dude now double sitting around 132912 dzd i need help anyone access online shopping actual value usd need using black market please i need help one thanks i also idea if somebody lives abroad can purchase me sends i ll transfer money relative yours receive thanks reading my rant ugghhhhhh hope rest your day aaaaand bye,679
1sie4lq,Being introvert in algerian society,سلام خاوتي كاين موضوع معييني بزاف و سببلي بزاف مشاكل ھي منحبش نحكي بزاف معنديش رغبة تماما في الكلام حتى إدا تكلمت منكترش لھدرة و ھد الشي شعبنا يشوفو ضعف شخصية ولا حشمة خاصة كوني رجل خاصة في بيئة العمل وين لازم تبين روحك ونستعرف بلي أنا إنسان حنين و نتأثر بلخف من أتفھ الأسباب كمتلا يغيدني تلحال كي نشوف قط برا مجروح و لا معندوش واش ياكل معنديش حياة إجتماعية خارج الخدمة و إ شعر أضايق الناس بھاد الشي و كل ما نھدر نقعد نخمم موراھا قلت كلام ماشي مليح لدرجة بابا دارلي ملاحظة بلي لازم نخرج و نحتك بالنس جاتني صدمة مين داك نقول بلي عندي نوع من إنواع التوحد و اللھ إعلم لي يمر بنفس التجربة يقولي,appliances,36,30,2026-04-11 10:09:39,Beneficial_Echidna18,2026,algeria,2026-04-11 22:25:33.639847,introvert algerian society,,introvert algerian society ,0
1sidih5,Next elections in Algeria need info,"hi, 

I am a first time voter. there will be elections soon I would like to know where I could get info on candidates and programs.

are there any YouTube channels or videos that talk about this subject?",food,1,2,2026-04-11 09:31:51,YamsTheRad,2026,algeria,2026-04-11 22:25:33.639874,next elections algeria need info,hi i am first time voter elections soon i know where i get info candidates programs youtube channels videos talk about subject,next elections algeria need info hi i am first time voter elections soon i know where i get info candidates programs youtube channels videos talk about subject,126
1sidi9r,Territorial diversity of the country,"As a young Algerian, i feel ashamed to ignore the existence of many wilayas and places in Algeria. 

The cultural and racial diversity is huge, am i the only one ?",appliances,6,4,2026-04-11 09:31:32,Desperate_Cost4147,2026,algeria,2026-04-11 22:25:33.639920,territorial diversity country,young algerian i feel ashamed ignore existence many wilayas places algeria cultural racial diversity huge am i one,territorial diversity country young algerian i feel ashamed ignore existence many wilayas places algeria cultural racial diversity huge am i one,114
1sice1j,I want to know more about my Great Grandfather who died in the Algerian war,"One day when I returned to Algeria I walked with my grandfather and asked him how come I never saw his older brother or his father, he told me when he was young, he lived in the same area and he is the youngest among his siblings, he lost his older brother when he was only 6, his brother was a Mujahid, 22 who went to Azzeffoun to help the FLN and died to a helicopter bombing, the sad part is that my great grandmother then walked from Aghrib to Azzeffoun with a basket to pick up his remains, limb by limb and bury him back in the village of Aghrib, which makes me really sad to begin with, and when I asked about his father, he told me that was before, he was only 3, his father went outside, saw some Frenchman and went somewhere, some people (my dad and grandpa never mentioned if it was FLN or French officials who announced it), came and said he was dead, he was about 56.

The FLN never compensated my great grandmother and her 4-5 children for her husbands death but did for her son, I think my family deserves better, as in the village of Aghrib all the people who died are buried there apart my great grandfather as we don’t know what date did he die exactly (we know it’s 1954 or something I forgot what we told me) or where is his body, I won’t accept the fact that the French took it among the Algerians who’s remains are in France, that’s something I don’t think we can make me accept, unless if it’s really the only thing that could have happened.

Now my point here is I want to know why we have my great uncle’s remains and not my great grandfather’s, and if anyone would be able to help me find any other info or go further for my great grandfather. Honestly it hurts my heart when my grandpa tells me I don’t need to feel bad as he didn’t know them well and even doesn’t even remember what they look like and I think I want to do him a favor.

If you need some info, my grandpa is called “Mohammad Ameziane Ouksili”, his father is called “Mohammad Ouksili” (same name but middle name as the French didn’t allow him to name my grandpa the same name), we are from the village of Aghrib in Tizi Ouzou and some roots in Azzeffoun, anybody who knows these people or can find a way to help please do.

Jazak Allahu Khairan and have a good day",food,5,0,2026-04-11 08:25:30,AlgerianAce,2026,algeria,2026-04-11 22:25:33.640125,i want know about my grandfather who died algerian war,one day when i returned algeria i walked my grandfather asked him how come i never saw his older brother his father told me when young lived area youngest among his siblings lost his older brother when 6 his brother mujahid 22 who went azzeffoun help fln died helicopter bombing sad part my grandmother walked aghrib azzeffoun basket pick his remains limb limb bury him back village aghrib which makes me really sad begin when i asked about his father told me before 3 his father went outside saw frenchman went somewhere people my dad grandpa never mentioned if fln french officials who announced came said dead about 56 fln never compensated my grandmother her 4 5 children her husbands death her son i think my family deserves better village aghrib people who died buried apart my grandfather don know what date die exactly know 1954 something i forgot what told me where his body i won accept fact french took among algerians who remains france something i don think can make me accept unless if really thing happened now my point i want know why my uncle remains my grandfather if anyone able help me find info go further my grandfather honestly hurts my heart when my grandpa tells me i don need feel didn know even doesn even remember what look i think i want him favor if need info my grandpa called mohammad ameziane ouksili his father called mohammad ouksili name middle name french didn allow him name my grandpa name village aghrib tizi ouzou roots azzeffoun anybody who knows people can find way help please jazak allahu khairan day,i want know about my grandfather who died algerian war one day when i returned algeria i walked my grandfather asked him how come i never saw his older brother his father told me when young lived area youngest among his siblings lost his older brother when 6 his brother mujahid 22 who went azzeffoun help fln died helicopter bombing sad part my grandmother walked aghrib azzeffoun basket pick his remains limb limb bury him back village aghrib which makes me really sad begin when i asked about his father told me before 3 his father went outside saw frenchman went somewhere people my dad grandpa never mentioned if fln french officials who announced came said dead about 56 fln never compensated my grandmother her 4 5 children her husbands death her son i think my family deserves better village aghrib people who died buried apart my grandfather don know what date die exactly know 1954 something i forgot what told me where his body i won accept fact french took among algerians who remains france something i don think can make me accept unless if really thing happened now my point i want know why my uncle remains my grandfather if anyone able help me find info go further my grandfather honestly hurts my heart when my grandpa tells me i don need feel didn know even doesn even remember what look i think i want him favor if need info my grandpa called mohammad ameziane ouksili his father called mohammad ouksili name middle name french didn allow him name my grandpa name village aghrib tizi ouzou roots azzeffoun anybody who knows people can find way help please jazak allahu khairan day,1545
1si7fop,Any updates on Algerian semiconductor projects ?,"I remember seeing some discussions/articles around a year ago about semiconductor/chip-project development in Algeria, mentioning 65nm work and even claims about moving toward 18nm by around 2026 or 2027.

Do we have any news on this shit oooooooor ?",food,1,2,2026-04-11 04:01:43,Usheiw,2026,algeria,2026-04-11 22:25:33.640155,updates algerian semiconductor projects,i remember seeing discussions articles around year ago about semiconductor chip project development algeria mentioning 65nm work even claims about moving toward 18nm around 2026 2027 news shit oooooooor,updates algerian semiconductor projects i remember seeing discussions articles around year ago about semiconductor chip project development algeria mentioning 65nm work even claims about moving toward 18nm around 2026 2027 news shit oooooooor,202
1si0wvi,What are some underrated places to visit in Algiers?,"Hey everyone,

I’m looking for new places to visit in Algiers ,anything like gardens, cafés, museums, or even underrated spots.

I’ve already visited a lot of museums and popular places, and honestly I’m starting to feel like I’ve seen everything the city has to offer… but I hope I’m wrong

If you know any cool, unique, or chill places (even simple ones with a nice vibe), I’d really appreciate your suggestions.

Also, I was thinking it could be fun to create a small group where we suggest places and hang out together from time to time ,nothing complicated, just good vibes.",appliances,1,4,2026-04-10 23:12:30,Creative-Sell-4339,2026,algeria,2026-04-11 22:25:33.640515,what underrated places visit algiers,hey everyone i looking new places visit algiers anything gardens caf museums even underrated spots i ve already visited lot museums popular places honestly i starting feel i ve seen everything city offer i hope i wrong if know cool unique chill places even simple ones vibe i d really appreciate your suggestions also i thinking fun create small group where suggest places hang together time time nothing complicated vibes,what underrated places visit algiers hey everyone i looking new places visit algiers anything gardens caf museums even underrated spots i ve already visited lot museums popular places honestly i starting feel i ve seen everything city offer i hope i wrong if know cool unique chill places even simple ones vibe i d really appreciate your suggestions also i thinking fun create small group where suggest places hang together time time nothing complicated vibes,422
1shwm30,"Algériens radio amateur, a radio association","it's an amateur radio associationbased in Algiers, 

it's filled with passionate people from a lot of fields, and students and uni teachers

here you learn the basics of radioelectrcity and radioelectronics and the math related to it

and everything related to legislations,

to in the end pass your exam and earn a certificate wich let you use some radio équipements,

we organise field days in which we go out and do some radio amateur work 

(listening to the air and talking to people through out the world)

and we train to help and actually help in humanitarian dutys such as earthquake 

and other by helping civil protection

we do trips through algeria and 

thers some international trips

we're looking for members, i'm sure someone will find this to be cool !!!",appliances,6,6,2026-04-10 20:29:16,Neat_Count666,2026,algeria,2026-04-11 22:25:33.640845,alg riens radio amateur radio association,amateur radio associationbased algiers filled passionate people lot fields students uni teachers learn basics radioelectrcity radioelectronics math related everything related legislations end pass your exam earn certificate wich let use radio quipements organise field days which go radio amateur work listening air talking people through world train help actually help humanitarian dutys earthquake helping civil protection trips through algeria thers international trips re looking members i sure someone find cool,alg riens radio amateur radio association amateur radio associationbased algiers filled passionate people lot fields students uni teachers learn basics radioelectrcity radioelectronics math related everything related legislations end pass your exam earn certificate wich let use radio quipements organise field days which go radio amateur work listening air talking people through world train help actually help humanitarian dutys earthquake helping civil protection trips through algeria thers international trips re looking members i sure someone find cool,516
1shvalf,Laisser son passeport à l’ambassade algérienne,"Bonjour,
J’aimerais beaucoup découvrir l’Algérie (connaissant le reste du Maghreb), mais je viens d’un pays avec visa obligatoire.
Si j’ai bien compris la procédure, il faut laisser son passeport dans une ambassade algérienne en France, et attende de le recevoir par la poste…
C’est pour moi hors de question, c’est un docilement trop précieux et personnel pour qu’il soit laissé à des inconnus plusieurs semaines dans une ambassade, puis envoyé par la poste qui ne sait que perdre en série les colis. 
Y a t il possibilité d’avoir le visa le jour de son rendez vous en ambassade algérienne et donc sans nécessité de laisser le passeport ? Ou d’autres alternatives? Merci à vous ",appliances,1,1,2026-04-10 19:42:10,DiOzone,2026,algeria,2026-04-11 22:25:33.641005,laisser son passeport l ambassade alg rienne,bonjour j aimerais d couvrir l alg rie connaissant reste maghreb je viens d pays visa obligatoire si j ai compris proc dure faut laisser son passeport ambassade alg rienne en france attende recevoir poste c moi question c docilement pr cieux personnel qu soit laiss inconnus plusieurs semaines ambassade puis envoy poste qui ne sait que perdre en rie colis y possibilit d visa jour son rendez en ambassade alg rienne n cessit laisser passeport d autres alternatives merci,laisser son passeport l ambassade alg rienne bonjour j aimerais d couvrir l alg rie connaissant reste maghreb je viens d pays visa obligatoire si j ai compris proc dure faut laisser son passeport ambassade alg rienne en france attende recevoir poste c moi question c docilement pr cieux personnel qu soit laiss inconnus plusieurs semaines ambassade puis envoy poste qui ne sait que perdre en rie colis y possibilit d visa jour son rendez en ambassade alg rienne n cessit laisser passeport d autres alternatives merci,471
1shsl21,What's the problem with delivery services in algeria,"hi there, 

so as the title says, what are the problems you're facing with delivery services here in algeria, doesn matter if ur just a costumer or a delivery guy, or you work in this market in general 

i'd like to hear you openions all

thank you for sharing",appliances,2,8,2026-04-10 18:06:05,sty70,2026,algeria,2026-04-11 22:25:33.641195,what problem delivery services algeria,hi title says what problems re facing delivery services algeria doesn matter if ur costumer delivery guy work market general i d hear openions thank sharing,what problem delivery services algeria hi title says what problems re facing delivery services algeria doesn matter if ur costumer delivery guy work market general i d hear openions thank sharing,156
1shshse,did anyone watch any of these things so i can find algerian ppl who have the same taste as mee,"\-invincible 

\-skins

\-teen wolf

\-primal fear

\-x-men 97

\-requiem for a dream 

\-thirteen

\-perfect blue

\-death note

\-modern family 

\-the office 

\-scott pilgrim vs the world 

\-donnie darko

\-whiplash

\-back to the future 

\-howl's moving castle 

\-white chicks

\-the maze runner 

\-moon knight

\-500 days of summer 

\-the hunt

\-easy A

\+ do u have letterboxd?",appliances,0,18,2026-04-10 18:02:57,lvv0w0,2026,algeria,2026-04-11 22:25:33.641278,anyone watch things i can find algerian ppl who taste mee,invincible skins teen wolf primal fear x men 97 requiem dream thirteen perfect blue death note modern family office scott pilgrim vs world donnie darko whiplash back future howl moving castle white chicks maze runner moon knight 500 days summer hunt easy u letterboxd,anyone watch things i can find algerian ppl who taste mee invincible skins teen wolf primal fear x men 97 requiem dream thirteen perfect blue death note modern family office scott pilgrim vs world donnie darko whiplash back future howl moving castle white chicks maze runner moon knight 500 days summer hunt easy u letterboxd,267
1shru8x,🇩🇿 r/algeria Discord Server — Now Live,"We’ve launched an official Discord server for the community.

Whether you’re Algerian or simply interested in Algeria, this is a space to connect, exchange, and hang out in real time.

Join us here:

https://discord.gg/Uz5MEscW",appliances,8,2,2026-04-10 17:40:08,press-app,2026,algeria,2026-04-11 22:25:33.641354,r algeria discord server now live,ve launched official discord server community whether re algerian simply interested algeria space connect exchange hang real time join us,r algeria discord server now live ve launched official discord server community whether re algerian simply interested algeria space connect exchange hang real time join us,137
1shrqsu,Where do i go if I want to do some volunteer work with kids?,"I'm a graduate student male, I have free time currently and I've been kinda thinking of working with kids in need but i don't know at what or where to go to

In Algiers btw 

  
It'd be nice if I can employ my psychology degree and maybe get some certified experience but it's not necessary ",appliances,1,1,2026-04-10 17:36:42,BreakfastDifferent29,2026,algeria,2026-04-11 22:25:33.641424,where i go if i want volunteer work kids,i graduate student male i free time currently i ve kinda thinking working kids need i don know what where go algiers btw d if i can employ my psychology degree maybe get certified experience necessary,where i go if i want volunteer work kids i graduate student male i free time currently i ve kinda thinking working kids need i don know what where go algiers btw d if i can employ my psychology degree maybe get certified experience necessary,200
1shqxjp,Whats your experience with yassir cash in algeria ?,"does it really work ?

LAST WEEK I WANTED TO TRY IT , So i bought some credits using my card , but none of those taxi driver accept \*\*yassir cash\*\*

i wanna know if you ever tried it like to order food...etc

personally i find it awesome to go cashless , to order food taxis.....etc

like you buy credits and use it later",appliances,3,3,2026-04-10 17:08:00,pookyperfect,2026,algeria,2026-04-11 22:25:33.641498,whats your experience yassir cash algeria,really work last week i wanted try i bought credits using my card none taxi driver accept yassir cash i wanna know if ever tried order food etc personally i find awesome go cashless order food taxis etc credits use later,whats your experience yassir cash algeria really work last week i wanted try i bought credits using my card none taxi driver accept yassir cash i wanna know if ever tried order food etc personally i find awesome go cashless order food taxis etc credits use later,220
1shqvev,Welcome to r/algeria!,This post contains content not supported on old Reddit. [Click here to view the full post](https://sh.reddit.com/r/algeria/comments/1shqvev),appliances,10,0,2026-04-10 17:05:53,community-home,2026,algeria,2026-04-11 22:25:33.641540,welcome r algeria,post contains content supported old reddit click view full post,welcome r algeria post contains content supported old reddit click view full post,63
1shmh1h,With the budget of 30000 da what s the best phone?,Hy i want ur opinion about what photo ne to choose is it the pixel 6 iphone 11 or Samsung s10 plus or another phone and thank y,electronics,1,18,2026-04-10 14:24:36,Flashy_Perception767,2026,algeria,2026-04-11 22:25:33.642018,budget 30000 da what best phone,hy i want ur opinion about what photo ne choose pixel 6 iphone 11 samsung s10 plus another phone thank y,budget 30000 da what best phone hy i want ur opinion about what photo ne choose pixel 6 iphone 11 samsung s10 plus another phone thank y,104
1shmcvt,Algerian moms and their obsession with chores,"for as far as i can recall , my mom has been shouting over chores and how nothing is ever done the way she wants it , i've been hearing the same speech since i was 10 and im really exhausted,  at this point i dont care about chores i just do it at my pace and her shoutings got even worse ,

are you guys cleaning your houses every day ? scrapping the walls and floors every morning? mopping the staircases every evening? 

because this is what my mum claims that everybody does , i do wonder what makes her so obsessed with cleaning this much ",appliances,52,52,2026-04-10 14:19:54,Top_Occasion5980,2026,algeria,2026-04-11 22:25:33.642125,algerian moms their obsession chores,far i can recall my mom shouting chores how nothing ever done way wants i ve hearing speech since i 10 im really exhausted point i dont care about chores i my pace her shoutings got even worse guys cleaning your houses every day scrapping walls floors every morning mopping staircases every evening because what my mum claims everybody i wonder what makes her obsessed cleaning much,algerian moms their obsession chores far i can recall my mom shouting chores how nothing ever done way wants i ve hearing speech since i 10 im really exhausted point i dont care about chores i my pace her shoutings got even worse guys cleaning your houses every day scrapping walls floors every morning mopping staircases every evening because what my mum claims everybody i wonder what makes her obsessed cleaning much,382
1shlkc1,Is Facebook Marketplace in Algeria dead… or just full of scams?,"With all the e-commerce pages and delivery services now, it feels like people don’t even bother buying from individuals anymore. Most would rather pay extra than risk getting scammed.

But at the same time, I’ve seen some crazy deals there. I once found a Samsung i5 PC for 25,000 DA ,and it was legit with delivery.

So what’s your experience? Have you actually bought anything from Marketplace, or do you just assume it’s not worth the risk?",electronics,1,2,2026-04-10 13:47:42,Akram_ba,2026,algeria,2026-04-11 22:25:33.642202,facebook marketplace algeria dead full scams,e commerce pages delivery services now feels people don even bother buying individuals anymore rather pay extra risk getting scammed time i ve seen crazy deals i found samsung i5 pc 25 000 da legit delivery what your experience actually bought anything marketplace assume worth risk,facebook marketplace algeria dead full scams e commerce pages delivery services now feels people don even bother buying individuals anymore rather pay extra risk getting scammed time i ve seen crazy deals i found samsung i5 pc 25 000 da legit delivery what your experience actually bought anything marketplace assume worth risk,282
1shl87j,The french conquest of algeria,a quick documentary segment i made.,appliances,13,9,2026-04-10 13:33:14,smxil_,2026,algeria,2026-04-11 22:25:33.642234,french conquest algeria,quick documentary segment i made,french conquest algeria quick documentary segment i made,32
1shl777,Footage of Algerians in 1929 insulting colonisers while pretending to pray after being forced to,"Footage from 1929 (Biskra) showing how French colonisers tried to stage a false image of control over Algerians. They forced the men to pray and filmed them to make it appear as if they were under their control and accepting French colonial rule. But the men were aware of their intentions, so they agreed to go along with it pretending to pray and fast while directly insulting the colonisers and expressing their rejection of the occupation, whispering words like ‘pigs' 

If this shows one thing, it’s how much resistance they carried in their hearts.",appliances,188,41,2026-04-10 13:31:59,miraleye,2026,algeria,2026-04-11 22:25:33.642378,footage algerians 1929 insulting colonisers while pretending pray after forced,footage 1929 biskra showing how french colonisers tried stage false image control algerians forced men pray filmed make appear if their control accepting french colonial rule men aware their intentions agreed go along pretending pray fast while directly insulting colonisers expressing their rejection occupation whispering words pigs if shows one thing how much resistance carried their hearts,footage algerians 1929 insulting colonisers while pretending pray after forced footage 1929 biskra showing how french colonisers tried stage false image control algerians forced men pray filmed make appear if their control accepting french colonial rule men aware their intentions agreed go along pretending pray fast while directly insulting colonisers expressing their rejection occupation whispering words pigs if shows one thing how much resistance carried their hearts,394
1shkn6p,How to deal with E paiement in Algeria,"Hello, 

I'd like to build a Saas in Algeria, using low codes apps online, of course, American tech.   
I could easily do it in European countries allowing Stripe Api, but I'm afraid that it doesn't work in Algeria,   
Does anyone have ideas about E paiement regulation in Algeria please ?   
Thanks for your answers",appliances,2,3,2026-04-10 13:07:21,nadiosdd,2026,algeria,2026-04-11 22:25:33.642477,how deal e paiement algeria,hello i d build saas algeria using low codes apps online course american tech i easily european countries allowing stripe api i afraid doesn work algeria anyone ideas about e paiement regulation algeria please thanks your answers,how deal e paiement algeria hello i d build saas algeria using low codes apps online course american tech i easily european countries allowing stripe api i afraid doesn work algeria anyone ideas about e paiement regulation algeria please thanks your answers,229
1shj4rn,Does anyone know any good music schools in alger,"I live in alger and have been wanting to learn the drums for a while, I can't afford a drum set and I've been wondering if there are any good music schools here or places that rent drum sets",appliances,2,1,2026-04-10 11:52:37,Fun-Explorer6265,2026,algeria,2026-04-11 22:25:33.642555,anyone know music schools alger,i live alger wanting learn drums while i can afford drum set i ve wondering if music schools places rent drum sets,anyone know music schools alger i live alger wanting learn drums while i can afford drum set i ve wondering if music schools places rent drum sets,114
1shiwwc,I am voting this time on the parliamentary election,"Like many Algerians, I have abstained from voting in elections ever since I became eligible. But this time, I’ve decided to actually go and cast my vote.

I have come to believe that abstaining doesn’t bring any results, in fact, it may do more harm than good. There will always be people who vote (especially those whose interests align with certain candidates), so elections will be legitimized whether we participate or not.

That’s why I want to take part this time. I’m also encouraging my family and friends to do the same.

Do you guys know of any decent political party in Oran or maybe the “best of the worst”? Any candidate you think shows even a glimpse of hope? I’d like to do some research before the elections.

PS: please I do not want this thread to be turned into a debate about pro-voting",food,9,21,2026-04-10 11:40:51,Traditional-Smell692,2026,algeria,2026-04-11 22:25:33.642637,i am voting time parliamentary election,many algerians i abstained voting elections ever since i became eligible time i ve decided actually go cast my vote i come believe abstaining doesn bring results fact may harm always people who vote especially whose interests align certain candidates elections legitimized whether participate why i want take part time i also encouraging my family friends guys know decent political party oran maybe best worst candidate think shows even glimpse hope i d research before elections ps please i want thread turned into debate about pro voting,i am voting time parliamentary election many algerians i abstained voting elections ever since i became eligible time i ve decided actually go cast my vote i come believe abstaining doesn bring results fact may harm always people who vote especially whose interests align certain candidates elections legitimized whether participate why i want take part time i also encouraging my family friends guys know decent political party oran maybe best worst candidate think shows even glimpse hope i d research before elections ps please i want thread turned into debate about pro voting,540
1shiqqn,Digital knowledge among algerian people presentation .,"hi guys , i have a presentation this week about digital knowledge among algerian people and how aware are they about global technologie. let me know your thoughts about the subject.",appliances,1,2,2026-04-10 11:31:48,Mysterious-Spend1122,2026,algeria,2026-04-11 22:25:33.642709,digital knowledge among algerian people presentation,hi guys i presentation week about digital knowledge among algerian people how aware about global technologie let me know your thoughts about subject,digital knowledge among algerian people presentation hi guys i presentation week about digital knowledge among algerian people how aware about global technologie let me know your thoughts about subject,148
1shi4jq,Birthday message help in Algerian Darija,"It's my best friend's birthday soon and I was just wondering if this message would sound natural and warm in algerian (i made it using chatgpt), or if there is an even better way to say it. I am going to try to read it to her. She is from northern algeria.

3id milad sa3id ya 7abibti
far7t bzaaf ki ta3araft 3lik
w nti wa7da men ajmel nass li 3reft f 7yati
nchallah teb9ay dima far7ana
w nchallah yetha9a9o ga3 a7lamak",appliances,5,4,2026-04-10 10:58:20,Admirable_Dress1490,2026,algeria,2026-04-11 22:25:33.665474,birthday message help algerian darija,my best friend birthday soon i wondering if message sound natural warm algerian i made using chatgpt if even better way say i am going try read her northern algeria 3id milad sa3id ya 7abibti far7t bzaaf ki ta3araft 3lik w nti wa7da men ajmel nass li 3reft f 7yati nchallah teb9ay dima far7ana w nchallah yetha9a9o ga3 a7lamak,birthday message help algerian darija my best friend birthday soon i wondering if message sound natural warm algerian i made using chatgpt if even better way say i am going try read her northern algeria 3id milad sa3id ya 7abibti far7t bzaaf ki ta3araft 3lik w nti wa7da men ajmel nass li 3reft f 7yati nchallah teb9ay dima far7ana w nchallah yetha9a9o ga3 a7lamak,326
1shgujc,Has anyone tried those routers?,Iam about to get the biggest one but i wanted to see your experiences and opinions on it ,electronics,9,6,2026-04-10 09:42:18,bread8hope,2026,algeria,2026-04-11 22:25:33.665620,anyone tried routers,iam about get biggest one i wanted see your experiences opinions,anyone tried routers iam about get biggest one i wanted see your experiences opinions,64
1shcegf,Coming to Algeria for studies?,"Hi! 🌸

I (23F) was born in Algeria, but grew up in Canada since I was 3 years old. I speak darija fluently as well as French and English but only go to Algeria once every 3-4 years to see family for a few weeks because of the prices of flights. 

I am currently enrolled in university in a scientific program (graduating soon inshaAllah) and hoping to register for med school here but family and family friends are suggesting me to also apply in algeria. 

I am not worried about the ""culture shock"" as much since my family is pretty traditional even here. If I do graduate from medical school in algeria however I would probably go back to Canada since this is where I feel the most at home. 

My questions is would it be worth it? When I'll be back in Canada I'll have to do 2 extra years and a couple exams to be able to practice as a doctor. The process to become a doctor here is very tedious and highly competitive (I'm assuming it also is in algeria ofc)

If anyone knows someone who did something similar or are in med school in Algeria or abroad I'd love to hear your opinion on the program (strengths, difficulties, prices, breaks, course load, etc). 

Thank youuu 🌸🌸",food,26,93,2026-04-10 05:27:24,EntertainerHefty3513,2026,algeria,2026-04-11 22:25:33.665863,coming algeria studies,hi i 23f born algeria grew canada since i 3 years old i speak darija fluently french english go algeria every 3 4 years see family weeks because prices flights i am currently enrolled university scientific program graduating soon inshaallah hoping register med school family family friends suggesting me also apply algeria i am worried about culture shock much since my family pretty traditional even if i graduate medical school algeria however i probably go back canada since where i feel home my questions worth when i ll back canada i ll 2 extra years couple exams able practice doctor process become doctor tedious highly competitive i assuming also algeria ofc if anyone knows someone who something similar med school algeria abroad i d love hear your opinion program strengths difficulties prices breaks course load etc thank youuu,coming algeria studies hi i 23f born algeria grew canada since i 3 years old i speak darija fluently french english go algeria every 3 4 years see family weeks because prices flights i am currently enrolled university scientific program graduating soon inshaallah hoping register med school family family friends suggesting me also apply algeria i am worried about culture shock much since my family pretty traditional even if i graduate medical school algeria however i probably go back canada since where i feel home my questions worth when i ll back canada i ll 2 extra years couple exams able practice doctor process become doctor tedious highly competitive i assuming also algeria ofc if anyone knows someone who something similar med school algeria abroad i d love hear your opinion program strengths difficulties prices breaks course load etc thank youuu,838
1shc74v,Coming to Algeria for the 1st time.,"Marhaba guys!

So I'll be coming to Algiers, Algeria on the 3rd week of this month and I am wondering if some of you will be kind enough to let me know the dos and don'ts. What to eat (I wish to try what locals eat and nothing fancy). I would love to know about local culture, I am currently watching some videos on the history of the land.

It's a business trip but I'll have a day or two to roam the city. Probably with a colleague or maybe alone. I'm from India.

So yea, anything and everything that may help me.",appliances,7,11,2026-04-10 05:16:45,Seriousin,2026,algeria,2026-04-11 22:25:33.665972,coming algeria 1st time,marhaba guys i ll coming algiers algeria 3rd week month i am wondering if kind enough let me know dos don ts what eat i wish try what locals eat nothing fancy i love know about local culture i am currently watching videos history land business trip i ll day two roam city probably colleague maybe alone i india yea anything everything may help me,coming algeria 1st time marhaba guys i ll coming algiers algeria 3rd week month i am wondering if kind enough let me know dos don ts what eat i wish try what locals eat nothing fancy i love know about local culture i am currently watching videos history land business trip i ll day two roam city probably colleague maybe alone i india yea anything everything may help me,346
1sh90zs,any other strava users in Algeria ? I need some tips,"like for example, do you own any fitness monitors like watches or the like, if so what's a good one that you recommend, and I'd love some recommendations on running shoes ",appliances,1,6,2026-04-10 02:47:28,yazzzzzzu,2026,algeria,2026-04-11 22:25:33.666115,strava users algeria i need tips,example fitness monitors watches if what one recommend i d love recommendations running shoes,strava users algeria i need tips example fitness monitors watches if what one recommend i d love recommendations running shoes,93
1sh2h39,Fulbright Foreign Student Program in Algeria,"Fulbright Program – Algeria

Are there any students or graduates who got accepted into this program? If so, how was your experience?

For those who applied for the 2026–2027 program, have there been any updates regarding your application? Did you receive any emails?",food,4,0,2026-04-09 22:11:16,Gloomy_Estimate_9081,2026,algeria,2026-04-11 22:25:33.666189,fulbright foreign student program algeria,fulbright program algeria students graduates who got accepted into program if how your experience who applied 2026 2027 program updates regarding your application receive emails,fulbright foreign student program algeria fulbright program algeria students graduates who got accepted into program if how your experience who applied 2026 2027 program updates regarding your application receive emails,177
1sgzldr,Advice for someone who wants to buy a car in Algeria,"So I recently decided that I should start saving to buy a car (basically my job and my workplace are far away from each other and public transport where I live is trash.) I literally have 0 experience with cars I know nothing but I want to learn so that I can make the right choice when buying.

Again, I don't know anything and I don't want anything fancy. My goal is to aim for a brand that's actually good quality, solid, reliable...

Any information, advice or even youtube/tiktok account that can help is welcomed.",appliances,5,23,2026-04-09 20:25:54,Responsible_Bus4442,2026,algeria,2026-04-11 22:25:33.666377,advice someone who wants algeria,i recently decided i start saving basically my job my workplace far away public transport where i live trash i literally 0 experience cars i know nothing i want learn i can make right choice when buying again i don know anything i don want anything fancy my goal aim brand actually solid reliable information advice even youtube tiktok account can help welcomed,advice someone who wants algeria i recently decided i start saving basically my job my workplace far away public transport where i live trash i literally 0 experience cars i know nothing i want learn i can make right choice when buying again i don know anything i don want anything fancy my goal aim brand actually solid reliable information advice even youtube tiktok account can help welcomed,361
1sgyv9a,Why do some Algerians not care about our historical monuments ?,"&amp;#x200B;

I don’t know if that’s true or not but even if it’s false, there are still some people who damage historical monuments by writing on them.

I get that there are uneducated people everywhere, but I’m talking specifically about our situation. Can’t we at least care more about our historical monuments? Why isn’t the ministry doing more to preserve them? Letting this happen is a crime against our own history ",appliances,107,62,2026-04-09 20:00:20,miraleye,2026,algeria,2026-04-11 22:25:33.666489,why algerians care about our historical monuments,amp i don know if true even if false still people who damage historical monuments writing i get uneducated people everywhere i talking specifically about our situation can least care about our historical monuments why isn ministry preserve letting happen crime against our history,why algerians care about our historical monuments amp i don know if true even if false still people who damage historical monuments writing i get uneducated people everywhere i talking specifically about our situation can least care about our historical monuments why isn ministry preserve letting happen crime against our history,280
1sgreh6,Question about Getting BADR bank visa card,"Hello everyone, I have a question about the algerian BADR bank, So for some context my mom's husband that was in France passed away a few years ago and He had insurance And mom is supposed to get a pension when she reaches 55 years, that is next year, So she had to open a bank account And for some reason they chose BADR bank (Bank of agriculture and rural development) I thought this was a good opportunity to have a visa card To buy subscriptions from the internet But she told me they won't give her the visa card until next year that is until she gets her first paycheck, i told her that's a bunch of nonsense Because suppose i want to use my visa card to buy from internet and stuff they should give it to plus the account already has 50 euros!, So for anyone who knows about this matter, can she not actually get her visa card until next year or did she just encounter a lazy employee",appliances,2,1,2026-04-09 15:35:42,djdfgamer,2026,algeria,2026-04-11 22:25:33.666759,question about getting badr bank visa card,hello everyone i question about algerian badr bank context my mom husband france passed away years ago insurance mom supposed get pension when reaches 55 years next year open bank account reason chose badr bank bank agriculture rural development i thought opportunity visa card subscriptions internet told me won give her visa card until next year until gets her first paycheck i told her bunch nonsense because suppose i want use my visa card internet stuff give plus account already 50 euros anyone who knows about matter can actually get her visa card until next year encounter lazy employee,question about getting badr bank visa card hello everyone i question about algerian badr bank context my mom husband france passed away years ago insurance mom supposed get pension when reaches 55 years next year open bank account reason chose badr bank bank agriculture rural development i thought opportunity visa card subscriptions internet told me won give her visa card until next year until gets her first paycheck i told her bunch nonsense because suppose i want use my visa card internet stuff give plus account already 50 euros anyone who knows about matter can actually get her visa card until next year encounter lazy employee,594
1sgq78b,What a nice place (we meet in Algiers),"\#Algiers vibes 🇩🇿✨

\#Alger la Blanche 🤍",appliances,0,0,2026-04-09 14:50:35,ch992805,2026,algeria,2026-04-11 22:25:33.666805,what place meet algiers,vibes blanche,what place meet algiers vibes blanche,13
1sgmhu8,"If you’re Algerian and in your 30s or 40s, do you remember this animated intro?","I have this vague but persistent childhood memory from the 90s, I used to see this animation quite often, yet I can’t remember where it was from: [https://www.youtube.com/watch?v=s6dfuTt8Mho](https://www.youtube.com/watch?v=s6dfuTt8Mho)

From what I found while searching, it seems to come from a Hungarian animation, but I couldn’t find any French or Arabic version of it. That makes me think it might have been used inside another program or inserted into a different show rather than aired on its own.

I’m really trying to reconnect with this piece of my childhood. Does anyone else remember seeing this back then?

Edit: cartoon name found: [https://www.dailymotion.com/video/x7za12f](https://www.dailymotion.com/video/x7za12f) thanks to @[Cold-Ad-6866](https://www.reddit.com/user/Cold-Ad-6866/) ",appliances,5,6,2026-04-09 12:06:11,mondersky,2026,algeria,2026-04-11 22:25:33.667203,if re algerian your 30s 40s remember animated intro,i vague persistent childhood memory 90s i used see animation quite often yet i can remember where what i found while searching seems come hungarian animation i couldn find french arabic version makes me think might used inside another program inserted into different show rather aired its i really trying reconnect piece my childhood anyone else remember seeing back edit cartoon name found thanks cold ad 6866,if re algerian your 30s 40s remember animated intro i vague persistent childhood memory 90s i used see animation quite often yet i can remember where what i found while searching seems come hungarian animation i couldn find french arabic version makes me think might used inside another program inserted into different show rather aired its i really trying reconnect piece my childhood anyone else remember seeing back edit cartoon name found thanks cold ad 6866,410
1sglbcg,Algeria's Tourism Dream Has a Subsidy Problem No One Talks About,"Algeria has one of the most generous subsidy programs in the region. Fuel, electricity, water, bread all heavily subsidized by the state. This was built to protect Algerian citizens, especially those with lower incomes. 

But here's the problem: these subsidies are tied to the product, not the person.

That means if we open our doors to mass tourism tomorrow, every foreign visitor will automatically benefit from the same subsidies meant for Algerians. They'll fill up their rental cars with almost-free fuel, sleep in hotels powered by subsidized electricity, and eat food kept cheap by state support. The cost of all that? Paid by the Algerian taxpayer.

This isn't just a theory. Other countries have lived this exact problem:

 Iran, for years, had some of the cheapest fuel in the world due to heavy subsidies. Tourists and even smugglers took full advantage. The government eventually had to introduce a dual-price system after the economic pressure became unbearable.

Venezuela is probably the most extreme case. Petrol was practically free. Tourists, locals, and cross-border smugglers all exploited the system. It contributed to massive economic distortion and a black market that was impossible to control.

Egypt faced similar issues with energy subsidies in hotels and tourism infrastructure. Foreign visitors enjoyed state-supported low costs while the government was bleeding money. Reforms were eventually forced through, but not without economic pain.

If we reform the subsidy system first shifting support directly to citizens through smart cards or cash transfers instead of blanket product subsidies then tourism becomes a real economic opportunity. Visitors pay market prices, revenue flows into the economy, and Algerian families still get their support.

If we skip that step and open tourism with the current system intact, we're essentially offering a free ride to foreign visitors while our own people fund it.

That's not tourism development. That's an expensive mistake.

Fix the foundation first. Then build on it.",food,37,32,2026-04-09 11:01:17,AhmedBenBello,2026,algeria,2026-04-11 22:25:33.667284,algeria tourism dream subsidy problem one talks about,algeria one generous subsidy programs region fuel electricity water bread heavily subsidized state built protect algerian citizens especially lower incomes problem subsidies tied person means if open our doors mass tourism tomorrow every foreign visitor automatically benefit subsidies meant algerians ll fill their rental cars almost free fuel sleep hotels powered subsidized electricity eat food kept cheap state support cost paid algerian taxpayer isn theory countries lived exact problem iran years cheapest fuel world due heavy subsidies tourists even smugglers took full advantage government eventually introduce dual system after economic pressure became unbearable venezuela probably extreme case petrol practically free tourists locals cross border smugglers exploited system contributed massive economic distortion black market impossible control egypt faced similar issues energy subsidies hotels tourism infrastructure foreign visitors enjoyed state supported low costs while government bleeding money reforms eventually forced through economic pain if reform subsidy system first shifting support directly citizens through smart cards cash transfers instead blanket subsidies tourism becomes real economic opportunity visitors pay market prices revenue flows into economy algerian families still get their support if skip step open tourism current system intact re essentially offering free ride foreign visitors while our people fund tourism development expensive mistake fix foundation first build,algeria tourism dream subsidy problem one talks about algeria one generous subsidy programs region fuel electricity water bread heavily subsidized state built protect algerian citizens especially lower incomes problem subsidies tied person means if open our doors mass tourism tomorrow every foreign visitor automatically benefit subsidies meant algerians ll fill their rental cars almost free fuel sleep hotels powered subsidized electricity eat food kept cheap state support cost paid algerian taxpayer isn theory countries lived exact problem iran years cheapest fuel world due heavy subsidies tourists even smugglers took full advantage government eventually introduce dual system after economic pressure became unbearable venezuela probably extreme case petrol practically free tourists locals cross border smugglers exploited system contributed massive economic distortion black market impossible control egypt faced similar issues energy subsidies hotels tourism infrastructure foreign visitors enjoyed state supported low costs while government bleeding money reforms eventually forced through economic pain if reform subsidy system first shifting support directly citizens through smart cards cash transfers instead blanket subsidies tourism becomes real economic opportunity visitors pay market prices revenue flows into economy algerian families still get their support if skip step open tourism current system intact re essentially offering free ride foreign visitors while our people fund tourism development expensive mistake fix foundation first build,1512
1sgkhna,Let’s design our own “perfect city” in Algeria together,"We all complain about how our cities are managed, but rarely ask: if it were up to us, what would the **ideal Algerian city** look like?

Inspired by how Nayib Bukele is reshaping San Salvador with new infrastructure, safer streets, and cleaner public spaces, I’d love to ask r/algeria:

If we could build a new city from scratch in Algeria, what would we demand?

Some starting ideas:

* Well‑planned roads and real parking (no more chaos on sidewalks)
* A clear design code for buildings, so neighborhoods look coherent, not random
* Reliable public transport, walkable streets, and green parks in every area
* Clean, safe public spaces where families can actually enjoy the city
* Public open library for everyone

Now your turn:  
If you could add ONE or MORE rules or features to this “perfect Algerian city,” what would it be, and what should be absolutely forbidden?",appliances,12,18,2026-04-09 10:11:40,Dapper_Wishbone_2851,2026,algeria,2026-04-11 22:25:33.667488,let design our perfect city algeria together,complain about how our cities managed rarely ask if us what ideal algerian city look inspired how nayib bukele reshaping san salvador new infrastructure safer streets cleaner public spaces i d love ask r algeria if build new city scratch algeria what demand starting ideas planned roads real parking chaos sidewalks clear design code buildings neighborhoods look coherent random reliable public transport walkable streets green parks every area clean safe public spaces where families can actually enjoy city public open library everyone now your turn if add one rules features perfect algerian city what what absolutely forbidden,let design our perfect city algeria together complain about how our cities managed rarely ask if us what ideal algerian city look inspired how nayib bukele reshaping san salvador new infrastructure safer streets cleaner public spaces i d love ask r algeria if build new city scratch algeria what demand starting ideas planned roads real parking chaos sidewalks clear design code buildings neighborhoods look coherent random reliable public transport walkable streets green parks every area clean safe public spaces where families can actually enjoy city public open library everyone now your turn if add one rules features perfect algerian city what what absolutely forbidden,630
1sgj2me,"Best city in Algeria to buy land? (Safe, peaceful, close to a big city, and affordable)","Hey everyone,

I’m looking to buy a piece of land in Algeria and I’d really appreciate your advice.

Here’s what I’m looking for:

* A **safe and peaceful area** (low crime, quiet lifestyle)
* **Not too far from a big city** (so I still have access to jobs, hospitals, etc.)
* **Affordable land prices** (good value for money)

I’m open to different regions (north, highlands, even some parts of the south if they fit), but I want something balanced — not too isolated, not too crowded.

If you’ve bought land before or know good areas, please share:

* The **city or region**
* Approximate **price range**
* Pros and cons

Also, any tips about avoiding scams or dealing with paperwork would help a lot.

Thanks in advance 🙏",food,15,61,2026-04-09 08:45:35,thegreathabet,2026,algeria,2026-04-11 22:25:33.667570,best city algeria land safe peaceful close big city affordable,hey everyone i looking piece land algeria i d really appreciate your advice what i looking safe peaceful area low crime quiet lifestyle far big city i still access jobs hospitals etc affordable land prices value money i open different regions north highlands even parts south if fit i want something balanced isolated crowded if ve bought land before know areas please share city region approximate range pros cons also tips about avoiding scams dealing paperwork help lot thanks advance,best city algeria land safe peaceful close big city affordable hey everyone i looking piece land algeria i d really appreciate your advice what i looking safe peaceful area low crime quiet lifestyle far big city i still access jobs hospitals etc affordable land prices value money i open different regions north highlands even parts south if fit i want something balanced isolated crowded if ve bought land before know areas please share city region approximate range pros cons also tips about avoiding scams dealing paperwork help lot thanks advance,487
1sginpj,Why creative content doesnt get the same engagement as useless content in algeria ?,"so i ve noticed in algeria when someone does a content with the best creativity you ve ever seen and the content is so useful that  the creator worked so hard like maybe took hours or even days to make that content at the end of the day he doesnt get the hype and his content flopps and on the other side some guys just talks about nonesense or maybe saying some bullshit and lot of  bad words as we can see there is a lot of loser doing things that has nothing to do with creativity get millions of views and thousands of followers , this thing makes a lot of creative people in algeria  lose hope and motivation, this will burry a lot of talents and  i thought like if the good content was given its value in this country we should ve been competing with the 1 world' content creators and i just  thought about talking about this bcs nobody talked about it.

so what do you think about it ?!",appliances,6,22,2026-04-09 08:20:00,Sea_Activity2164,2026,algeria,2026-04-11 22:25:33.667809,why creative content doesnt get engagement useless content algeria,i ve noticed algeria when someone content best creativity ve ever seen content useful creator worked hard maybe took hours even days make content end day doesnt get hype his content flopps side guys talks about nonesense maybe saying bullshit lot words can see lot loser things nothing creativity get millions views thousands followers thing makes lot creative people algeria lose hope motivation burry lot talents i thought if content given its value country ve competing 1 world content creators i thought about talking about bcs nobody talked about what think about,why creative content doesnt get engagement useless content algeria i ve noticed algeria when someone content best creativity ve ever seen content useful creator worked hard maybe took hours even days make content end day doesnt get hype his content flopps side guys talks about nonesense maybe saying bullshit lot words can see lot loser things nothing creativity get millions views thousands followers thing makes lot creative people algeria lose hope motivation burry lot talents i thought if content given its value country ve competing 1 world content creators i thought about talking about bcs nobody talked about what think about,568
1sgcola,12 ans de prison requis contre l’ex-ministre Ali Aoun,"Le procureur de la République près le premier pôle judiciaire économique et financier de Sidi M’hamed, à Alger, a requis ce mercredi 12 ans de prison ferme contre l’ancien ministre de l’Industrie et de la Production pharmaceutique, Ali Aoun, et l’homme d’affaires Abdelnour, dit “Nono Manita”, dans l’affaire de corruption liée au groupe public Imetal, selon le quotidien Echourouk.

Pour les autres prévenus, dont le fils de l’ancien ministre et Charef Eddine Amara, ancien président de la Fédération algérienne de football (FAF), les réquisitions varient entre 10 et 5 ans de prison ferme.

Les accusations concernent la corruption, le détournement de fonds publics et l’abus de fonction.

Le procureur a également demandé des amendes et des indemnités pour compenser les préjudices subis par la trésorerie publique.",appliances,4,2,2026-04-09 03:09:58,AhmedBenBello,2026,algeria,2026-04-11 22:25:33.668118,12 ans prison requis contre l ex ministre ali aoun,procureur r publique pr premier p judiciaire conomique financier sidi hamed alger requis mercredi 12 ans prison ferme contre l ancien ministre l industrie production pharmaceutique ali aoun l homme d affaires abdelnour dit nono manita l affaire corruption li e au groupe public imetal selon quotidien echourouk autres pr venus dont fils l ancien ministre charef eddine amara ancien pr sident f d ration alg rienne football faf r quisitions varient entre 10 5 ans prison ferme accusations concernent corruption d tournement fonds publics l abus fonction procureur galement demand amendes indemnit compenser pr judices subis tr sorerie publique,12 ans prison requis contre l ex ministre ali aoun procureur r publique pr premier p judiciaire conomique financier sidi hamed alger requis mercredi 12 ans prison ferme contre l ancien ministre l industrie production pharmaceutique ali aoun l homme d affaires abdelnour dit nono manita l affaire corruption li e au groupe public imetal selon quotidien echourouk autres pr venus dont fils l ancien ministre charef eddine amara ancien pr sident f d ration alg rienne football faf r quisitions varient entre 10 5 ans prison ferme accusations concernent corruption d tournement fonds publics l abus fonction procureur galement demand amendes indemnit compenser pr judices subis tr sorerie publique,642
1sg9wh3,Textile and Handcraft around Algiers,"Salam alaykum!

I hope to come to Algeria in September/October and have booked on a tour to get out and see your country.

I'd really like to see local Algerian textiles and handcrafts. whether that's textiles or woodwork or tiles etc. 

If possible any places that make/sell locally made Algerian cloth (fabric meterage not ready made items?  I'm not even sure if Algeria has this sort of industry, I've googled but maybe I'm not using the right search terms.

Can you let me know what Algerian textiles to look for? 

also 

Can you recommend good museums or shops or places to visit that focus on traditional Algerian handwork? 

Particularly around Algiers.

Thank you!! ",appliances,5,2,2026-04-09 01:04:29,janebunnyau,2026,algeria,2026-04-11 22:25:33.668352,textile handcraft around algiers,salam alaykum i hope come algeria september october booked tour get see your country i d really see local algerian textiles handcrafts whether textiles woodwork tiles etc if possible places make sell locally made algerian cloth fabric meterage ready made items i even sure if algeria sort industry i ve googled maybe i using right search terms can let me know what algerian textiles look also can recommend museums shops places visit focus traditional algerian handwork particularly around algiers thank,textile handcraft around algiers salam alaykum i hope come algeria september october booked tour get see your country i d really see local algerian textiles handcrafts whether textiles woodwork tiles etc if possible places make sell locally made algerian cloth fabric meterage ready made items i even sure if algeria sort industry i ve googled maybe i using right search terms can let me know what algerian textiles look also can recommend museums shops places visit focus traditional algerian handwork particularly around algiers thank,503
1sfywsy,What platform u wish algeia has,"so as the title says i wanna know what are the service or platforms that u guys wish they where available here, 

or mention any problem you have and you think it's solvable with an application or a service ",appliances,0,9,2026-04-08 18:06:45,sty70,2026,algeria,2026-04-11 22:25:33.668464,what platform u wish algeia,title says i wanna know what service platforms u guys wish where available mention problem think solvable application service,what platform u wish algeia title says i wanna know what service platforms u guys wish where available mention problem think solvable application service,125
1sfvz8t,"Algerians, how are you interpreting Iran calling this ceasefire a “victory”?","Iran initially rejected a ceasefire, then agreed to a short term pause, and is now framing the outcome as a victory. That kind of sequencing isn’t unusual in conflict diplomacy, but I’m curious how people interpret it in this case.

A few things stand out:

The ceasefire is temporary, which suggests de-escalation without strategic concessions.

Both sides are claiming success, which usually points to face saving messaging for domestic audiences.

There’s also the question of the Strait of Hormuz reopening it reduces global pressure while still allowing leverage if tensions rise again.

A short pause can also create space for repositioning, negotiation, or recalibrating strategy without appearing to back down.

This makes me wonder whether the “victory” framing is less about tangible gains and more about controlling the narrative while securing a tactical pause.

The U.S. often looks more straightforward because it acts openly

Iran looks inconsistent because it uses flexible tactics

But both adjust goals depending on pressure

Do you see this as a genuine step toward de escalation, or more as a classic example of both sides claiming success after a mutual climbdown?",appliances,0,39,2026-04-08 16:22:44,FrequentAct2631,2026,algeria,2026-04-11 22:25:33.668787,algerians how interpreting iran calling ceasefire victory,iran initially rejected ceasefire agreed short term pause now framing outcome victory kind sequencing isn unusual conflict diplomacy i curious how people interpret case things stand ceasefire temporary which suggests escalation strategic concessions sides claiming success which usually points face saving messaging domestic audiences also question strait hormuz reopening reduces global pressure while still allowing leverage if tensions rise again short pause can also create space repositioning negotiation recalibrating strategy appearing back makes me wonder whether victory framing less about tangible gains about controlling narrative while securing tactical pause u often looks straightforward because acts openly iran looks inconsistent because uses flexible tactics adjust goals depending pressure see genuine step toward escalation classic example sides claiming success after mutual climbdown,algerians how interpreting iran calling ceasefire victory iran initially rejected ceasefire agreed short term pause now framing outcome victory kind sequencing isn unusual conflict diplomacy i curious how people interpret case things stand ceasefire temporary which suggests escalation strategic concessions sides claiming success which usually points face saving messaging domestic audiences also question strait hormuz reopening reduces global pressure while still allowing leverage if tensions rise again short pause can also create space repositioning negotiation recalibrating strategy appearing back makes me wonder whether victory framing less about tangible gains about controlling narrative while securing tactical pause u often looks straightforward because acts openly iran looks inconsistent because uses flexible tactics adjust goals depending pressure see genuine step toward escalation classic example sides claiming success after mutual climbdown,904
1sfvz0f,"I’m from Oran, and I’ve been noticing something frustrating in city. Honestly, it feels like getting any official paper done is unnecessarily difficult.","Hello everyone,

I’m from Oran, and I’ve been noticing something frustrating in this otherwise beautiful city. Honestly, it feels like getting any official paper done is unnecessarily difficult.

For example, regarding mil itary service, I submitted my file in 2025, and until now I’m still waiting for the gendarmerie to send the PV to my colonel. There’s no clear timeline, no updates—just waiting.

Then there’s the car registration (carte grise). I’ve been going back and forth to the municipality for six months just to get one document. It feels endless. No one seems willing to actually process it.

At the tax office (les impôts), I waited six hours just to get a simple payment receipt for my passport.

When I tried to renew my passport, they asked for a file with 9 different documents. In the end, they told me they couldn’t do it quickly and that I should come back days later. Luckily, I went to another municipality where they handled it much faster and with fewer documents—only 4. Same country, completely different rules.

I also tried to open a bank account, and they told me I need to book an appointment for next week, just to start the process.

Throughout all of this, I’ve been respectful and patient. I don’t force myself on anyone, and I follow the rules. But still, everything feels slow and complicated for no real reason.

So I’m asking honestly:

Do others experience the same situation, or is it just me?",food,5,4,2026-04-08 16:22:31,Better-Suit-3776,2026,algeria,2026-04-11 22:25:33.668954,i oran i ve noticing something frustrating city honestly feels getting official paper done unnecessarily difficult,hello everyone i oran i ve noticing something frustrating otherwise beautiful city honestly feels getting official paper done unnecessarily difficult example regarding mil itary service i submitted my file 2025 until now i still waiting gendarmerie send pv my colonel clear timeline updates waiting registration carte grise i ve going back forth municipality six months get one document feels endless one seems willing actually process tax office imp ts i waited six hours get simple payment receipt my passport when i tried renew my passport asked file 9 different documents end told me couldn quickly i come back days later luckily i went another municipality where handled much faster fewer documents 4 country completely different rules i also tried open bank account told me i need book appointment next week start process throughout i ve respectful patient i don force myself anyone i follow rules still everything feels slow complicated real reason i asking honestly others experience situation me,i oran i ve noticing something frustrating city honestly feels getting official paper done unnecessarily difficult hello everyone i oran i ve noticing something frustrating otherwise beautiful city honestly feels getting official paper done unnecessarily difficult example regarding mil itary service i submitted my file 2025 until now i still waiting gendarmerie send pv my colonel clear timeline updates waiting registration carte grise i ve going back forth municipality six months get one document feels endless one seems willing actually process tax office imp ts i waited six hours get simple payment receipt my passport when i tried renew my passport asked file 9 different documents end told me couldn quickly i come back days later luckily i went another municipality where handled much faster fewer documents 4 country completely different rules i also tried open bank account told me i need book appointment next week start process throughout i ve respectful patient i don force myself anyone i follow rules still everything feels slow complicated real reason i asking honestly others experience situation me,1004
1sfsinr,Buying famous brands in Algeria,"Where can I buy famous makeup brands like L’Oréal, Mac, Estée Lauder, Kiko Milano, Huda Beauty, Colourpop, etc in Algeria? Like where’s the trusted stores offline or online? Please let me know.",appliances,1,3,2026-04-08 14:14:28,Few_Excuse527,2026,algeria,2026-04-11 22:25:33.669136,buying famous brands algeria,where can i famous makeup brands l al mac e lauder kiko milano huda beauty colourpop etc algeria where trusted stores offline online please let me know,buying famous brands algeria where can i famous makeup brands l al mac e lauder kiko milano huda beauty colourpop etc algeria where trusted stores offline online please let me know,151
1sfrkiw,Phone was nicked in London and it’s now here. Anyone mind grabbing it for me?,"Satire…kind of.

17 Pro was pickpocketed in London and here within 7 days. Been stagnant, occasionally pings the same location. Get phishing texts here and there. 

Probably never getting it back but hey, worth a shot.

Long live Algeria.",electronics,26,64,2026-04-08 13:35:15,kiwington,2026,algeria,2026-04-11 22:25:33.692338,phone nicked london now anyone mind grabbing me,satire kind 17 pro pickpocketed london within 7 days stagnant occasionally pings location get phishing texts probably never getting back hey worth shot long live algeria,phone nicked london now anyone mind grabbing me satire kind 17 pro pickpocketed london within 7 days stagnant occasionally pings location get phishing texts probably never getting back hey worth shot long live algeria,169
1sfrims,Just moved to Constantine this year,"Just moved to Constantine sidi mabrouk from algiers so im new here no friends also 

Can you please show me gyms here and some good spots to hangout where to run also i’ll be so thankfulllll ",appliances,5,3,2026-04-08 13:33:00,yeager_what-the-f,2026,algeria,2026-04-11 22:25:33.692417,moved constantine year,moved constantine sidi mabrouk algiers im new friends also can please show me gyms spots hangout where run also i ll thankfulllll,moved constantine year moved constantine sidi mabrouk algiers im new friends also can please show me gyms spots hangout where run also i ll thankfulllll,129
1sfpnjv,Was Raï music and artists REALLY influential for Algerian people in the 1980s and 1990s? Or that's an overstatement??,"Pardon me I'm not Algerian, but I love Algerian music, and I saw a couple of documentaries about how songs like Rachid Taha's 'Ya Rayeh' and '123 soleils' performance comforted people during the 10 year civil war, adding to the international acclaim that this genre got making it a source of pride and soft power for the country. Yet at the same time, I read comments and arguements about how most of raï artists don't live in the country and relocate abroad making them unrelatable to the people. So which side is true? ",appliances,68,54,2026-04-08 12:05:30,SingerPrestigious873,2026,algeria,2026-04-11 22:25:33.692623,ra music artists really influential algerian people 1980s 1990s overstatement,pardon me i algerian i love algerian music i saw couple documentaries about how songs rachid taha ya rayeh 123 soleils performance comforted people during 10 year civil war adding international acclaim genre got making source pride soft power country yet time i read comments arguements about how ra artists don live country relocate abroad making unrelatable people which side true,ra music artists really influential algerian people 1980s 1990s overstatement pardon me i algerian i love algerian music i saw couple documentaries about how songs rachid taha ya rayeh 123 soleils performance comforted people during 10 year civil war adding international acclaim genre got making source pride soft power country yet time i read comments arguements about how ra artists don live country relocate abroad making unrelatable people which side true,382
1sfoux4,Limits on wearing Gold when entering the country through airport,"Salaam everyone. I am traveling to Algeria soon and I have a necklace with 3 gold coins (1oz each). I know the jewelry limit is 100g, and this is about 93g, so it's technically under the limit. However, the value is  relatively high (\~€10,000).

I would be grateful to hear your story on entering the country wearing ""heavy"" gold  jewellery through Algiers airport? Does the scanner door rings when wearing heavy gold? Do you usually declare the gold you wear, or will that just cause more problems?",appliances,3,10,2026-04-08 11:22:24,wild_orca,2026,algeria,2026-04-11 22:25:33.692757,limits wearing gold when entering country through airport,salaam everyone i am traveling algeria soon i necklace 3 gold coins 1oz i know jewelry limit 100g about 93g technically limit however value relatively high 10 000 i grateful hear your story entering country wearing heavy gold jewellery through algiers airport scanner door rings when wearing heavy gold usually declare gold wear cause problems,limits wearing gold when entering country through airport salaam everyone i am traveling algeria soon i necklace 3 gold coins 1oz i know jewelry limit 100g about 93g technically limit however value relatively high 10 000 i grateful hear your story entering country wearing heavy gold jewellery through algiers airport scanner door rings when wearing heavy gold usually declare gold wear cause problems,343
1sfn74z,Is there Algerian digital products wholesalers?,"Assalam 3likm, guys if there is wholesalers of digital products or u know someone who afford them please let me know in comments or in dms , i faced a lot of prblms with third party sites, and thank u!",appliances,4,3,2026-04-08 09:43:34,hakkooouu,2026,algeria,2026-04-11 22:25:43.395447,algerian digital products wholesalers,assalam 3likm guys if wholesalers digital products u know someone who afford please let me know comments dms i faced lot prblms third party sites thank u,algerian digital products wholesalers assalam 3likm guys if wholesalers digital products u know someone who afford please let me know comments dms i faced lot prblms third party sites thank u,153
1sfhg1u,Canadian student researching Algeria,"Hello! I’m a Canadian student doing a research project on Algeria. Just wanted to know if anyone had any piece of knowledge you would like foreigners to learn about the country?

Could be any sort of important historical events or just a fun fact about the country you’d like to share, thanks!

(Not sure if this is the right thread to post this in, I am not a regular Reddit user sorry)",appliances,12,10,2026-04-08 04:17:53,KGB505,2026,algeria,2026-04-11 22:25:43.395568,canadian student researching algeria,hello i canadian student research project algeria wanted know if anyone piece knowledge foreigners learn about country sort important historical events fun fact about country d share thanks sure if right thread post i am regular reddit user sorry,canadian student researching algeria hello i canadian student research project algeria wanted know if anyone piece knowledge foreigners learn about country sort important historical events fun fact about country d share thanks sure if right thread post i am regular reddit user sorry,246
1sfgx2k,What your take on local travel/Tourism industry?,"I'm 24 , working in a project I wanted to ask about the huge pain points in the industry, asking both **Client** and **Services Providers.""MANAGEMENT/COMMUNICATION...""**

 

**For client:** 

\_What are the things that frustrate you? 

\_Troubles , Struggle you've had finding accomodations?

**Business owners/staff  :** 

\_what type of troubles you have ?

\_Are there still outdated systems such as **EXCEL**?

\_ Marketing campaigns , getting clients?

I Just want to know , I'm working on a startup, Idk if it's the right fit for the Algerian market.",food,6,5,2026-04-08 03:52:50,UnlikelyLocksmith175,2026,algeria,2026-04-11 22:25:43.395616,what your take local travel tourism industry,i 24 working project i wanted ask about huge pain points industry asking client services providers management communication client what things frustrate troubles struggle ve finding accomodations business owners staff what type troubles still outdated systems excel marketing campaigns getting clients i want know i working startup idk if right fit algerian market,what your take local travel tourism industry i 24 working project i wanted ask about huge pain points industry asking client services providers management communication client what things frustrate troubles struggle ve finding accomodations business owners staff what type troubles still outdated systems excel marketing campaigns getting clients i want know i working startup idk if right fit algerian market,364
1sf831i,"my phone got stolen, is there anything i could do?","is there anything i could do other than the usual procedure? it's a samsung phone. Honestly I'm more concerned for someone else having access to my data..especially as a woman. is there anything i could do? how likely would that data be accessed?

i was using that smart things find website for tracking my phone, my phone was stolen in oran and the thief ended up going to messerghin then coming back, i can't track him anymore since he might've opened it up or something. I'm guessing he opened it up cuz i used this ""lost mode"" that wouldn't allow the phone to be turned off, i should've erased my data but that wouldve ended up losing track of it but now i cant do that and i've lost track of him too!",electronics,6,14,2026-04-07 21:42:11,Gullible_Pop8817,2026,algeria,2026-04-11 22:25:43.395801,my phone got stolen anything i,anything i usual procedure samsung phone honestly i concerned someone else access my data especially woman anything i how likely data accessed i using smart things find website tracking my phone my phone stolen oran thief ended going messerghin coming back i can track him anymore since might ve opened something i guessing opened cuz i used lost mode wouldn allow phone turned i ve erased my data wouldve ended losing track now i cant i ve lost track him,my phone got stolen anything i anything i usual procedure samsung phone honestly i concerned someone else access my data especially woman anything i how likely data accessed i using smart things find website tracking my phone my phone stolen oran thief ended going messerghin coming back i can track him anymore since might ve opened something i guessing opened cuz i used lost mode wouldn allow phone turned i ve erased my data wouldve ended losing track now i cant i ve lost track him,455
1sf5dl3,أنواع القفاطن الجزائرية الأصيلة," القفطان في الدزاير حكاية تاريخ دولة كاملة وإمبراطوريات جازت من هنا وخلات بصمتها. و رجع جزء من الهوية والثقافة تاعنا، يجمع ريحة الأندلس وفخامة العثمانيين والمسة  الدزيرية لي عرفت كيفاش تخلط هاد الشي كامل وتخرج منه تحف فنية تعيش مدة قرون. 

الحكاية بدات من بكري في وقت ""الجزائر المحروسة"" في العهد العثماني. القفطان ولى هو الرمز  للهمّة والشان،  كيشغل بطاقة هوية اجتماعية يبين شكون أنت ومن وين جيت.

واحد من هاذ القفاطن (لي نحس بلي فيه هيبة كبييييرة) هو ""قفطان القاضي"". في وقت الإيالة العثمانية في الجزائر. هذا القفطان كان في الأصل اللبسة الرسمية تاع القضاة والعلماء و كان يعبر على السلطة والرزانة. القماش تاعو دايما يكون قطيفة ثقيلة وألوانو غامقة كيما لكحل، العنابي، ولا الأخضر الغامق. الخدمة لي فيه بخيوط الذهب (المجبود) والرشمة لي تميزو هي تاع الطاوس. امبعد النسا الدزيريات خذاو قفطان القاضي وحولوه للبسة ملكية أساسية في جهاز العروسة خاصة في قسنطينة وفي العاصمة.

الباحثة ليلى بلقايد هدرت بزاف عليه في كتابها ""Costumes d'Algérie"" 

​نروح ""لقفطان البهجة"" لي غير تشوفو تتفكر الربيع و سماوه هكا على خاطر القماش تاعو كان اسمو ""البهجة"" وهو نوع من الحرير الملون لي فيه ورد منسوج بالخيوط (Brocade). 

هاد القفطان خرج من القصبة في العاصمة وكان يعكس الفرحة وأجواء القصبة. القفاطن لخرين يكونو ثقال خطرش مخدومين بالقطيفة بصح قفطان البهجة جاي خفيف وشباب بصح هادا ما يمنعش أنو كان يتلبس في المناسبات الكبيرة كقطعة أساسية تبين الذوق الرفيع تاع بنت العاصمة.

​أما ""قفطان الباي"" ولا ""الداي"" على حساب اسمو عندو هيبة. تخايل قطيفة غالية بزاف ثقيلة وما تتطواش من كثرة ما هي معمرة بالخيوط تع الذهب (المجبود والفتلة مع بعض). في الأصل كانو يلبسوه الحكام وعائلاتهم. يجي طويل ومفتوح من القدام ومطرز والرشام تاعه في الغالب يكون  أشكال وزخارف هندسية ترمز للسلطة وقت العثمانيين. أهم حاجة تميزو أنو يتلبس مع سروال الشلقة ولا البدرون تحتو.

​ونجي "" للأرفطان"" و""قفطان المنستيري""، وهذا في جهة تلمسان. يجي قصير شوية على القفطان العادي، وفصالتو تجي قدقد على الجسم. يتلبس غالبا تحت الشدة التلمسانية. أما ""المنستيري""، فاسمو وحدو يحكي قصة الهجرة الأندلسية وجاي من تقاليد الخياطة لي جابوها الموريسكيين معاهم من الأندلس واستقرت في تلمسان. هاد القفاطن تتميز بالطرز الرقيق والخدمة تاع ""العقاد"" لي تجي من القدام، وتبين كيفاش الحضارة لي ضاعت في إسبانيا بقات حية في تلمسان. 

كاين ثاني قفطان القرنفلة العنابي ويقولو بلي سماوه هكا على خاطر في لبستو يجي يشبه حبة القرنفلة المفتوحة ولا على خاطر الرشمة تاعو لي شكلها كيما القرنفلة. يجي مخدوم بخيوط الذهب ثاني ولازملو مهارة فنية نادرة بزاف تتطلب معلمات محترفات في الطرز. الرشام تاعه يجي معمر بزاف ويغطي كامل الصدر، والفتلة لي تتخدم بيه تكون رقيقة ومتقونة لدرجة تبان سلسلة تاع الذهب لاصقة في القطيفة.

 ليلى بلقايد وثقت هاد التنوع المذهل وقالت باللي القفطان في الدزاير تطور بفضل صناعة الحضر لي كانت في المدن الكبرى كيما تلمسان، قسنطينة، والعاصمة والأرشيفات تبين بلي كل مدينة زادت اللمسة تاعها، العاصمة زادت الفخامة والذهب، وتلمسان زادت الدقة والأصالة الأندلسية، وقسنطينة زادت الطرز بالفتلة لي يخلي القماش يبان لوحة مرسومة.و هادا هو القفطان تاعنا... تاريخ نلبسوه ونفتخرو بيه.

​المصدر:

كتاب ليلى بلقايد ""Costumes d'Algérie: un patrimoine en évolution"" .

أرشيف اليونسكو لي صنف القفطان الجزائري من 2012 حتى 2024 ككل.

كتاب ""L'orfèvrerie algérienne et tunisienne"" لـ Paul Eudel  هدر فيه على الحرف المرتبطة بتزيين هاد القفاطن.",appliances,49,17,2026-04-07 20:02:46,Miss-Kija,2026,algeria,2026-04-11 22:25:43.396170,,costumes d alg rie brocade costumes d alg rie patrimoine en volution 2012 2024 l orf vrerie alg rienne tunisienne paul eudel, costumes d alg rie brocade costumes d alg rie patrimoine en volution 2012 2024 l orf vrerie alg rienne tunisienne paul eudel,124
1sf47fw,Crossing the border with CCTV cameras in the car/luggage ?,"Hello,

We might soon need to bring CCTV cameras into the country. We are legally registered as a company, both in France and in Algeria. We heard stories about some kind of hardware being seized at the border and were wondering if the CCTV cameras could be one of these kind. Does anyone have any experience in the field ? Or is aware of a resource online where we could find accurate information on the matter ? Thank you for your help ;)",electronics,1,0,2026-04-07 19:20:52,BandedBullFrog,2026,algeria,2026-04-11 22:25:43.396230,crossing border cctv cameras luggage,hello might soon need bring cctv cameras into country legally registered company france algeria heard stories about kind hardware seized border wondering if cctv cameras one kind anyone experience field aware resource online where find accurate information matter thank your help,crossing border cctv cameras luggage hello might soon need bring cctv cameras into country legally registered company france algeria heard stories about kind hardware seized border wondering if cctv cameras one kind anyone experience field aware resource online where find accurate information matter thank your help,279
1seyd9q,Algeria to recover over $110 million in looted assets from Switzerland,"This is sick, especially since there’s probably way more stashed away somewhere else",appliances,118,71,2026-04-07 15:57:05,miraleye,2026,algeria,2026-04-11 22:25:43.396350,algeria recover 110 million looted assets switzerland,sick especially since probably way stashed away somewhere else,algeria recover 110 million looted assets switzerland sick especially since probably way stashed away somewhere else,62
1sess3f,My experience with medicine in Algeria,"I respect all doctors in this sector and I know that many of them are trying to do what they can. But when you get seriously ill in Algeria, not with common illnesses, especially ""neurological"" ones, you will discover how underdeveloped this sector is...I suffer from a disorder classified as neurological, but it is also psychological, and to this day I haven't received a proper diagnosis. Everyone who diagnoses me gives me a different diagnosis than the first doctor, and I can't forget that I felt exploited by sending me to their colleagues like I'm being fr I was given tests that had absolutely nothing to do with my illness. and tbh I feel so bad about that it's been five years searching for a good doctor and I think I'm starting to lose hope about it, like now I'm just doing sport and trying to not stress myself Because the treatment is for a physical and psychological, and there is no treatment that targets it directly because it is not chemical but functional.",appliances,7,5,2026-04-07 12:04:06,sora51127,2026,algeria,2026-04-11 22:25:43.397004,my experience medicine algeria,i respect doctors sector i know many trying what can when get seriously ill algeria common illnesses especially neurological ones discover how underdeveloped sector i suffer disorder classified neurological also psychological day i haven received proper diagnosis everyone who diagnoses me gives me different diagnosis first doctor i can forget i felt exploited sending me their colleagues i fr i given tests absolutely nothing my illness tbh i feel about five years searching doctor i think i starting lose hope about now i sport trying stress myself because treatment physical psychological treatment targets directly because chemical functional,my experience medicine algeria i respect doctors sector i know many trying what can when get seriously ill algeria common illnesses especially neurological ones discover how underdeveloped sector i suffer disorder classified neurological also psychological day i haven received proper diagnosis everyone who diagnoses me gives me different diagnosis first doctor i can forget i felt exploited sending me their colleagues i fr i given tests absolutely nothing my illness tbh i feel about five years searching doctor i think i starting lose hope about now i sport trying stress myself because treatment physical psychological treatment targets directly because chemical functional,647
1sehl03,"Back in March 2024, Tebboune stated that Algeria's GDP would exceed $400 billion by mid-2026","The actual numbers tell a different story. Algeria's nominal GDP in 2025 was approximately $288 billion, with a growth rate of 3.4%.  And IMF forecasts project Algeria's GDP to reach only about $284 billion by 2029 still well short of the $400 billion figure.",appliances,39,50,2026-04-07 02:09:05,AhmedBenBello,2026,algeria,2026-04-11 22:25:43.397167,back march 2024 tebboune stated algeria gdp exceed 400 billion mid 2026,actual numbers tell different story algeria nominal gdp 2025 approximately 288 billion growth rate 3 4 imf forecasts project algeria gdp reach about 284 billion 2029 still short 400 billion figure,back march 2024 tebboune stated algeria gdp exceed 400 billion mid 2026 actual numbers tell different story algeria nominal gdp 2025 approximately 288 billion growth rate 3 4 imf forecasts project algeria gdp reach about 284 billion 2029 still short 400 billion figure,196
1seepds,Anyone studied at ESHRA (Oran or Algiers)? Looking for honest feedback.,"Hi everyone,

I’m thinking about studying DTS in Culinary Arts at ESHRA, either in Oran or Algiers, and I wanted to ask if anyone here studied there or knows someone who did.

I have a few questions:

\- Ch7al ykoun l prix ta3 DTS (per year or total)?  

\- Kifach hiya l9raya tmak? Is it mostly practical in the kitchen or more theory?  

\- Kifach ykoun stage? Do they help students find internships in restaurants or hotels?  

\- Kayen stage abroad wela mostly in Algeria?  

\- After finishing the DTS, kayna opportunities mliha for work in kitchens or hotels?

Ana really interested in culinary and working in the kitchen, so I’m trying to understand if ESHRA is worth it before committing.

Any honest feedback would help. Thanks!",appliances,2,1,2026-04-07 00:07:09,Plus-Injury-4056,2026,algeria,2026-04-11 22:25:43.397532,anyone studied eshra oran algiers looking honest feedback,hi everyone i thinking about studying dts culinary arts eshra either oran algiers i wanted ask if anyone studied knows someone who i questions ch7al ykoun l prix ta3 dts per year total kifach hiya l9raya tmak mostly practical kitchen theory kifach ykoun stage help students find internships restaurants hotels kayen stage abroad wela mostly algeria after finishing dts kayna opportunities mliha work kitchens hotels ana really interested culinary working kitchen i trying understand if eshra worth before committing honest feedback help thanks,anyone studied eshra oran algiers looking honest feedback hi everyone i thinking about studying dts culinary arts eshra either oran algiers i wanted ask if anyone studied knows someone who i questions ch7al ykoun l prix ta3 dts per year total kifach hiya l9raya tmak mostly practical kitchen theory kifach ykoun stage help students find internships restaurants hotels kayen stage abroad wela mostly algeria after finishing dts kayna opportunities mliha work kitchens hotels ana really interested culinary working kitchen i trying understand if eshra worth before committing honest feedback help thanks,543
1seefhi,Any legit youth clubs/ organizations in Algiers?,Hello! I’m not from the country and I’m planing to work on a project in Algiers for youth. I’m looking to partner up with a local youth club/ organizations that are professional and legit (they need to be trusted as money is involved). Any recommendations? Their social media? Thank you in advance. ,appliances,2,2,2026-04-06 23:56:06,2015bestyearman,2026,algeria,2026-04-11 22:25:43.397617,legit youth clubs organizations algiers,hello i country i planing work project algiers youth i looking partner local youth club organizations professional legit need trusted money involved recommendations their social media thank advance,legit youth clubs organizations algiers hello i country i planing work project algiers youth i looking partner local youth club organizations professional legit need trusted money involved recommendations their social media thank advance,197
1sece5x,Rate r/algeria: Better or worse than Algerian FB?,"Honest opinions only—how do you rate the Reddit experience in Algeria?

Compared to the chaos of Facebook or the ""perfect life""  filters on Instagram, what’s your verdict on the topics and people here?",appliances,3,8,2026-04-06 22:35:52,Bizm94,2026,algeria,2026-04-11 22:25:43.397710,rate r algeria better worse algerian fb,honest opinions how rate reddit experience algeria compared chaos facebook perfect life filters instagram what your verdict topics people,rate r algeria better worse algerian fb honest opinions how rate reddit experience algeria compared chaos facebook perfect life filters instagram what your verdict topics people,137
1se6auq,Monopoly players in our beloved Algeria,"Ok, let's admit that in Algeria, monopoly players are very rare. Now that we got this out of the way, me and my friends play monopoly very frequently, but for people who know this game, you know that changing players can be a real game changer.  
Are there any players who would join us to make it more interesting ?",appliances,2,11,2026-04-06 18:58:14,Slimaneyahiabou,2026,algeria,2026-04-11 22:25:43.397878,monopoly players our beloved algeria,ok let admit algeria monopoly players rare now got way me my friends play monopoly frequently people who know game know changing players can real game changer players who join us make interesting,monopoly players our beloved algeria ok let admit algeria monopoly players rare now got way me my friends play monopoly frequently people who know game know changing players can real game changer players who join us make interesting,195
1se5w1h,The icenwiyen people in Algeria,"&amp;#x200B;

Is it embarrassing that I only just found out the Chenoua people exist in Algeria? I always thought “chenoua” referred to mca supporters but it turns out they’re actually a really interesting amazigh group living around tipaza, chlef, and médéa

they even have their own accent and traditions , and i’ve seen some people say they might be a mix of amazigh and romani not sure how accurate that is tho, so why don’t the chenoua get talked about more ?",appliances,50,49,2026-04-06 18:44:07,miraleye,2026,algeria,2026-04-11 22:25:43.397996,icenwiyen people algeria,amp embarrassing i found chenoua people exist algeria i always thought chenoua referred mca supporters turns re actually really interesting amazigh group living around tipaza chlef d even their accent traditions i ve seen people say might mix amazigh romani sure how accurate tho why don chenoua get talked about,icenwiyen people algeria amp embarrassing i found chenoua people exist algeria i always thought chenoua referred mca supporters turns re actually really interesting amazigh group living around tipaza chlef d even their accent traditions i ve seen people say might mix amazigh romani sure how accurate tho why don chenoua get talked about,312
1se30iz,questions to bring a drone into algeria,"hello everyone 

I would like to know if Algerian nationals living abroad can register their drones in Algeria? ",appliances,3,2,2026-04-06 17:01:31,prodcamil,2026,algeria,2026-04-11 22:25:43.398085,questions bring drone into algeria,hello everyone i know if algerian nationals living abroad can register their drones algeria,questions bring drone into algeria hello everyone i know if algerian nationals living abroad can register their drones algeria,91
1se22gb,I’m I wrong for thinking like this considering our president,"So what I noticed is some of the Algerians I talk to online or irl find me delusional and can sometimes call me conspiracy theorist for telling them that our president is just a puppet like any other politician in the world , and that he was assigned to give the ppl the feeling of control over their country, and nothing will change if the president change unless the real ppl in power decided so , I’m open to discussion and I’d love to be proven wrong ",appliances,8,10,2026-04-06 16:27:44,Mountain-Race-372,2026,algeria,2026-04-11 22:25:43.398202,i i wrong thinking considering our president,what i noticed algerians i talk online irl find me delusional can sometimes call me conspiracy theorist telling our president puppet politician world assigned give ppl feeling control their country nothing change if president change unless real ppl power decided i open discussion i d love proven wrong,i i wrong thinking considering our president what i noticed algerians i talk online irl find me delusional can sometimes call me conspiracy theorist telling our president puppet politician world assigned give ppl feeling control their country nothing change if president change unless real ppl power decided i open discussion i d love proven wrong,302
1se14ir,Questions regarding visa applications and visiting Djanet,"Hello!

I'm a male solo traveller from an EU-country who's going to do a few weeks of travelling this coming September-October before starting a new job. I've been really intrigued by everything I´ve read about Algeria so far and thus have started looking into what travelling to your country would require. When doing research I find it a bit hard to find up to date information (and sometimes different sources say different things) so I need some help right now.

1. I'm currently looking into travelling independently in the north when visiting Algiers, Constantine and Ghardaia (not using a tour operator). Have I understood it correctly that having hotel reservations made via Booking, Hotels etc covering my entire stay usually is enough when applying for the visa? And that when I've gotten the actual visa - I can cancel these reservations if I want to keep my plans more flexible? 

2. I'm also looking into visiting Djanet (especially Tadrart Rouge) - where I obviously would have to do the whole thing with a tour operator. However I'm finding it very hard to understand how much one should expect to pay for a 5-7 day tour. Earlier posts on Reddit claim that 500 euros is enough - but some of the tour operators charge way more than this (I've seen prices up to 2000 euros). Anyone with experience who can recommend an authentic tour operator who's not going to rip me off completely? ",food,3,1,2026-04-06 15:53:40,Blackmatrix,2026,algeria,2026-04-11 22:25:43.398320,questions regarding visa applications visiting djanet,hello i male solo traveller eu country who going weeks travelling coming september october before starting new job i ve really intrigued everything i ve read about algeria far thus started looking into what travelling your country require when research i find bit hard find date information sometimes different sources say different things i need help right now 1 i currently looking into travelling independently north when visiting algiers constantine ghardaia using tour operator i understood correctly hotel reservations made via booking hotels etc covering my entire stay usually enough when applying visa when i ve gotten actual visa i can cancel reservations if i want keep my plans flexible 2 i also looking into visiting djanet especially tadrart rouge where i obviously whole thing tour operator however i finding hard understand how much one expect pay 5 7 day tour earlier posts reddit claim 500 euros enough tour operators charge way i ve seen prices 2000 euros anyone experience who can recommend authentic tour operator who going rip me completely,questions regarding visa applications visiting djanet hello i male solo traveller eu country who going weeks travelling coming september october before starting new job i ve really intrigued everything i ve read about algeria far thus started looking into what travelling your country require when research i find bit hard find date information sometimes different sources say different things i need help right now 1 i currently looking into travelling independently north when visiting algiers constantine ghardaia using tour operator i understood correctly hotel reservations made via booking hotels etc covering my entire stay usually enough when applying visa when i ve gotten actual visa i can cancel reservations if i want keep my plans flexible 2 i also looking into visiting djanet especially tadrart rouge where i obviously whole thing tour operator however i finding hard understand how much one expect pay 5 7 day tour earlier posts reddit claim 500 euros enough tour operators charge way i ve seen prices 2000 euros anyone experience who can recommend authentic tour operator who going rip me completely,1062
1se0rmn,Algérois flag I ordered it's very nice,"also anyone know how I can get rid of the wrinkles ?

(ps I'm not a nationalist or separatist I'm just proud of my heritage)

(edit : I've been asked for the link a few times so I'll provide them here

link for aliexpress 

https://a.aliexpress.com/\_EzO3bX6 

and the link for the flag on wikipedia 

https://commons.wikimedia.org/wiki/File:Flag\_of\_Algiers.svg )",appliances,107,37,2026-04-06 15:40:22,transneuronic,2026,algeria,2026-04-11 22:25:43.398537,alg rois flag i ordered,also anyone know how i can get rid wrinkles ps i nationalist separatist i proud my heritage edit i ve asked link times i ll provide link aliexpress link flag wikipedia,alg rois flag i ordered also anyone know how i can get rid wrinkles ps i nationalist separatist i proud my heritage edit i ve asked link times i ll provide link aliexpress link flag wikipedia,167
1sdzouw,I didn’t know Darja translation in Reddit was a thing,"At the beginning, I thought they were really Algerians. I didn’t know this was an option on Reddit. The translation is quite accurate, and it even kind of changed their personalities and the vibe they give.",appliances,21,13,2026-04-06 15:00:36,julius_cheesa,2026,algeria,2026-04-11 22:25:43.420295,i didn know darja translation reddit thing,beginning i thought really algerians i didn know option reddit translation quite accurate even kind changed their personalities vibe give,i didn know darja translation reddit thing beginning i thought really algerians i didn know option reddit translation quite accurate even kind changed their personalities vibe give,137
1sdz8z3,What visa cards are yall using since Algeria banned crypto currency (usdt included)?,"Hello everyone 👋🏻

lately, I've found myself in need of a visa card. 

i used to have a visa card, but i blocked it once I saw the new law of banning and criminalizing the possession, use, selling, or buying crypto currency.

now I'm not a law/currency expert, but i know USDT is a crypto currency. and USDT is what i basically need to use to deposite money in my card. 

I haven't gotten any updates since then (july 2025), so idk what people are using right now, or if it's ok to even use it.  I DON'T WANNA GET IN TROUBLE 😫. 

I did some research about local banks, and most of them offer VISA and Master Cards. but they have high fees. and i can't afford that... 

any advice would be so appreciated. 

thank you a lot!",food,15,42,2026-04-06 14:43:21,Sultry_and_Spoiled_,2026,algeria,2026-04-11 22:25:43.420450,what visa cards yall using since algeria banned crypto currency usdt included,hello everyone lately i ve found myself need visa card i used visa card i blocked i saw new law banning criminalizing possession use selling buying crypto currency now i law currency expert i know usdt crypto currency usdt what i basically need use deposite money my card i haven gotten updates since july 2025 idk what people using right now if ok even use i don wanna get trouble i research about local banks offer visa master cards high fees i can afford advice appreciated thank lot,what visa cards yall using since algeria banned crypto currency usdt included hello everyone lately i ve found myself need visa card i used visa card i blocked i saw new law banning criminalizing possession use selling buying crypto currency now i law currency expert i know usdt crypto currency usdt what i basically need use deposite money my card i haven gotten updates since july 2025 idk what people using right now if ok even use i don wanna get trouble i research about local banks offer visa master cards high fees i can afford advice appreciated thank lot,486
1sdtv6k,Are there any Iznassen (yeznassen) in Algeria ?,"i am curious, since the biggest Amazigh tribe in eastern Morocco (Oujda, Berkane, Guercif, Ahfir...) are Iznassen (Beni znaseen), which the famous Reggada dance is from

I was wondering if Iznassen extends to Algeria too, since estern Morocco and west Algeria share the same culture, both have Reggada dance, same dialect, same dishes

Anyone has any infos ?

What are the major Amazigh tribes in western Algeria (Meghnia, Tlemcen, Sidi belabbas, Oran...) specifically Meghnia and Tlemcen ?",food,0,21,2026-04-06 10:19:22,HMZ_PBI,2026,algeria,2026-04-11 22:25:43.420655,iznassen yeznassen algeria,i am curious since biggest amazigh tribe eastern morocco oujda berkane guercif ahfir iznassen beni znaseen which famous reggada dance i wondering if iznassen extends algeria since estern morocco west algeria share culture reggada dance dialect dishes anyone infos what major amazigh tribes western algeria meghnia tlemcen sidi belabbas oran specifically meghnia tlemcen,iznassen yeznassen algeria i am curious since biggest amazigh tribe eastern morocco oujda berkane guercif ahfir iznassen beni znaseen which famous reggada dance i wondering if iznassen extends algeria since estern morocco west algeria share culture reggada dance dialect dishes anyone infos what major amazigh tribes western algeria meghnia tlemcen sidi belabbas oran specifically meghnia tlemcen,369
1sdpagz,Social stagnation and how to go against it.,"So the biggest issues we are facing socially are both boulahya and qahwiyin and for some reason both are very in tune with each other like the qahwi could be selling drugs but the boulahya turns a blind eye and allows each other in both their social setting.

We need a shock within to kick start ourselves out of these weird social issues and I believe rebelling against these starts within.

Be obscene, rash, loud and almost appear demonic but always help out on social events be someone that cleans after himself and the sacrifice of cleaning for others and help out in charities and events.

Shock the boulahya by performing better than them in deen while having multiple piercings and being part of a heavy metal band but you never forget your salat and in the conversations you understand music is haram and you for some reason have a higher understanding of islam than this guy who is criticising you. Be a punk and be on deen and if they don’t accept you then their ideologies will fall apart in front of you and it proves to them that they are hypocrites. 

They will see your facade as a foreign injection but if you never forget your deen then it will act as a contradiction (salat is really important as well).

These ideologies will keep us in mental stagnation, I would much rather a Larp culture or a performative culture than these weird outdated subgroups that still hold a lot of say in what we do. ",food,5,12,2026-04-06 05:48:28,Longjumping-Key-4303,2026,algeria,2026-04-11 22:25:43.420858,social stagnation how go against,biggest issues facing socially boulahya qahwiyin reason tune qahwi selling drugs boulahya turns blind eye allows their social setting need shock within kick start ourselves weird social issues i believe rebelling against starts within obscene rash loud almost appear demonic always help social events someone cleans after himself sacrifice cleaning others help charities events shock boulahya performing better deen while multiple piercings part heavy metal band never forget your salat conversations understand music haram reason higher understanding islam guy who criticising punk deen if don accept their ideologies fall apart front proves hypocrites see your facade foreign injection if never forget your deen act contradiction salat really important ideologies keep us mental stagnation i much rather larp culture performative culture weird outdated subgroups still hold lot say what,social stagnation how go against biggest issues facing socially boulahya qahwiyin reason tune qahwi selling drugs boulahya turns blind eye allows their social setting need shock within kick start ourselves weird social issues i believe rebelling against starts within obscene rash loud almost appear demonic always help social events someone cleans after himself sacrifice cleaning others help charities events shock boulahya performing better deen while multiple piercings part heavy metal band never forget your salat conversations understand music haram reason higher understanding islam guy who criticising punk deen if don accept their ideologies fall apart front proves hypocrites see your facade foreign injection if never forget your deen act contradiction salat really important ideologies keep us mental stagnation i much rather larp culture performative culture weird outdated subgroups still hold lot say what,888
1sdp6fj,Ouverture compte pour non résident ?,"Salam, j’essaie d’ouvrir un compte en Algérie sans y être résident depuis quelques temps et j’ai que des refus, j’aimerai bien avoir une carte associé.

Je précise que j’ai pas de famille sur place ou d’ami en capacité de me faire une résidence, donc si quelqu’un a une astuce j’en serais très reconnaissant.",appliances,1,0,2026-04-06 05:42:06,Used_Air7460,2026,algeria,2026-04-11 22:25:43.420955,ouverture compte non r sident,salam j essaie d ouvrir compte en alg rie y tre r sident depuis quelques temps j ai que refus j aimerai carte associ je pr cise que j ai pas famille place d ami en capacit me r sidence si quelqu astuce j en serais tr reconnaissant,ouverture compte non r sident salam j essaie d ouvrir compte en alg rie y tre r sident depuis quelques temps j ai que refus j aimerai carte associ je pr cise que j ai pas famille place d ami en capacit me r sidence si quelqu astuce j en serais tr reconnaissant,230
1sdf5w6,Has anyone heard of this meal called khobz zibda as described in the description.,"Hi

I grew up eating what we called khobz zibda we get Baguette put it on an open flame and char the inside and outside black then put butter on it is this a common thing or just my family as I grew up thinking it was normal but never actually seen or heard of anyone do it and when I said it to people I just got weird looks",food,11,30,2026-04-05 22:08:39,More-Assignment-7560,2026,algeria,2026-04-11 22:25:43.421197,anyone heard meal called khobz zibda described description,hi i grew eating what called khobz zibda get baguette put open flame char inside outside black put butter common thing my family i grew thinking normal never actually seen heard anyone when i said people i got weird looks,anyone heard meal called khobz zibda described description hi i grew eating what called khobz zibda get baguette put open flame char inside outside black put butter common thing my family i grew thinking normal never actually seen heard anyone when i said people i got weird looks,221
1sdeojd,Algerian gymnast Kaylia Nemour is a gold medalist at the World Cup!,Congratulations to our lady gold medalist ! 🇩🇿 🥇 ,appliances,520,112,2026-04-05 21:49:23,swifty19946,2026,algeria,2026-04-11 22:25:43.421272,algerian gymnast kaylia nemour gold medalist world cup,congratulations our lady gold medalist,algerian gymnast kaylia nemour gold medalist world cup congratulations our lady gold medalist,38
1sdc5dk,Algerie Telecom Fiber Internet throttle?,"Does Algérie Télécom throttle internet speeds for unpaid phone bills? A user paying 2200 DA is only getting about 15 Mbps, billing issue or network problem?",electronics,2,1,2026-04-05 20:08:52,Mrcooldz,2026,algeria,2026-04-11 22:25:43.421314,algerie telecom fiber internet throttle,alg rie l com throttle internet speeds unpaid phone bills user paying 2200 da getting about 15 mbps billing issue network problem,algerie telecom fiber internet throttle alg rie l com throttle internet speeds unpaid phone bills user paying 2200 da getting about 15 mbps billing issue network problem,129
1sdc34v,You advices about Rent and work in oran or Algiers,"I'm a 20yo m I'm going to move from parents house to build my life inshallah 

I want to hear your advices and social experience about Rent an work in this two state oran&amp; Algiers ",appliances,4,15,2026-04-05 20:06:26,gutsobito_619,2026,algeria,2026-04-11 22:25:43.421365,advices about rent work oran algiers,i 20yo i going move parents house build my life inshallah i want hear your advices social experience about rent work two state oran amp algiers,advices about rent work oran algiers i 20yo i going move parents house build my life inshallah i want hear your advices social experience about rent work two state oran amp algiers,143
1sd8ze1,"Pablo Picasso and Algeria, a relationship with Algeria.","يعتبر بابلو بيكاسو احد اشهر الفنانين و الرسامين في التاريخ خاصة التريخ الحديث بدأ حياته في اسبانيا سنة 1881 و توفي عام 1973 في فرنسا لقكان فنان عالمي، يُعد من أبرز المؤثرين في فنون القرن العشرين ومؤسس المدرسة التكعيبية بالتعاون مع جورج براك. تميز بإنتاج فني غزير شمل الرسم، النحت، الخزف، وتصميم المسارح، وترك بصمة في تاريخ الفن الحديث.

عندما كان في فرنسا تأثر بواقع الاستعماري الفرنسي للجزائر و استلهم منه عدة افكار و طبقها على الواقع في رسم سلسلة لوحات زيتية من 15 لوحة سمية ب""نساء الجزائر"" بأسلوبه التكعيبي و اساليبه التي اشتهر بها وكانت اللوحات تحت ترتيب من ""A"" الى ""O"" و اكثرها شهرة هي ""O"" و بيعة كأغلى لوحة في العالم سنة 2015 مقابل اكثر من 179 مليون دولار و أنجز بيكاسو السلسلة بين عامي 1954-1955 بعد فترة قصيرة من وفاة هنري ماتيس، كنوع من تكريم وإعادة تفسير للفن الاستشراقي 

يعتقد ان بيكاسو حسب الكثير من المصادر انه قدم الى الجزائر لاكن صرح بأنه لم يزرها من قبل و فكرة اللوحات و اكثر من 100 مخطوطة تحت اسم الجزائري كانت مجرد استلهام خيالي من قبله هو و تصريحه بأنه اخذ بعض الاستلهام من فنانين جزائريين في تلك الفترة و هناك من التقاهم.

تعتبر تلك اللوحات نوعا ما كدعم حسب ما يشاع من المصادر انها دعم لثورة الجزائرية و التي كان بيكاسو يدعم استقلال الجزائر في ذالك الوقت ، شخصيا اعتبر ان اللوحات تخالف تحفظ المجتمع الجزائري مقارنة بما كانو به الاروبيون و الغرب حتى ان هناك لوحات لها طابع يشبه الاهانة اكثر من تعزيز المرأة الجزائرية صحيح هذا راجع لإختلاف الثقفات و الافكار لاكن من وجهة نظري فكرة التعري في الرسومات و المنحوتات لا تضيف قيمة بالنسبة للجزائريين اكثر مما هي اهانة فهناك من كان يرسم الجزائريين و المجاهدات و المجاهدين بأسلوب محترم مع ازياء تقليدية او لباس نضال و غيرها من الرموز الجزائرية عكس ما فعله الغرب حيث ما يبرز في الصورة ككل وما يركز عليه انتباه الشخص هي مناطق خصوصية في جسم الانسان. يبقا لكل شخص وجهة نظره.",appliances,20,11,2026-04-05 18:06:11,imedhassainia,2026,algeria,2026-04-11 22:25:43.421689,pablo picasso algeria relationship algeria,1881 1973 15 o o 2015 179 1954 1955 100,pablo picasso algeria relationship algeria 1881 1973 15 o o 2015 179 1954 1955 100,39
1sd8tz7,"For people who know the law , is this legal ?","basically i wanted to sell my laptop

they asked for id + copy of an id

they have the right to do this ? is this legal ?

 

personally i think its not , idk what they will use my id copy for (crimes,t\*rr\*ri\*m)

Please help me asap",electronics,11,45,2026-04-05 18:00:29,pookyperfect,2026,algeria,2026-04-11 22:25:43.421731,people who know law legal,basically i wanted sell my laptop asked id copy id right legal personally i think its idk what use my id copy crimes rr ri please help me asap,people who know law legal basically i wanted sell my laptop asked id copy id right legal personally i think its idk what use my id copy crimes rr ri please help me asap,142
1sd7pce,Algerian startup lets users see all supermarket products on their phone,"So I just found out about this new startup in Algeria, and I’m curious what people think. Basically, it lets you see **all the products from your local supermarkets** on your phone, with real prices and all the info about each product. You can compare everything easily. [Quickzydz.com](http://Quickzydz.com)

The cool part:

* Delivery costs between **50–250 DZD**, or you can **pick it up yourself for free**
* They work **directly with the stores**, so no messy stuff with drivers or middlemen
* No extra fees, no overpriced items

It seems like it could really **change how people shop here**, making it easier to know prices and compare products before going to the store.

Would you actually use something like this in Algeria? Or do you think it won’t work here?",food,2,1,2026-04-05 17:15:59,harkatiislam,2026,algeria,2026-04-11 22:25:43.421811,algerian startup lets users see supermarket products their phone,i found about new startup algeria i curious what people think basically lets see products your local supermarkets your phone real prices info about can compare everything easily quickzydz com cool part delivery costs between 50 250 dzd can pick yourself free work directly stores messy stuff drivers middlemen extra fees overpriced items seems really change how people shop making easier know prices compare products before going store actually use something algeria think won work,algerian startup lets users see supermarket products their phone i found about new startup algeria i curious what people think basically lets see products your local supermarkets your phone real prices info about can compare everything easily quickzydz com cool part delivery costs between 50 250 dzd can pick yourself free work directly stores messy stuff drivers middlemen extra fees overpriced items seems really change how people shop making easier know prices compare products before going store actually use something algeria think won work,481
1sd5zxu,What's something that brings you joy in your Algerian life ?,"Something ( can be very small ) that makes you happy when you do it, or someone who makes life's darkness less persistent. We know it's far from being the best place out here, but I'm in recovery from some severe mental health issues, and I'm curious to draw inspiration from the ways people find to cope. ",appliances,11,33,2026-04-05 16:08:05,violetdetheveste,2026,algeria,2026-04-11 22:25:43.421921,what something brings joy your algerian life,something can small makes happy when someone who makes life darkness less persistent know far best place i recovery severe mental health issues i curious draw inspiration ways people find cope,what something brings joy your algerian life something can small makes happy when someone who makes life darkness less persistent know far best place i recovery severe mental health issues i curious draw inspiration ways people find cope,192
1sd2k1o,Women's Only Sport Activities in Algiers,"  I recently moved to Algiers as a Brit with a teenage daughter ,and I'm struggling to find extracurricular activities for her to do.Especially since her Arabic nor French isn't that great. She does try to talk to her father in the languages but its barely enough for her to have a full conversation with somebody. 

 Is there any sports club in Algiers where they welcome foreigners , the activities don't have to be in English but at least a bit accommodating and welcoming?  ",appliances,6,12,2026-04-05 13:37:38,Legal-Muscle4664,2026,algeria,2026-04-11 22:25:43.422140,women sport activities algiers,i recently moved algiers brit teenage daughter i struggling find extracurricular activities her especially since her arabic french isn try talk her father languages its barely enough her full conversation somebody sports club algiers where welcome foreigners activities don english least bit accommodating welcoming,women sport activities algiers i recently moved algiers brit teenage daughter i struggling find extracurricular activities her especially since her arabic french isn try talk her father languages its barely enough her full conversation somebody sports club algiers where welcome foreigners activities don english least bit accommodating welcoming,315
1sd0ltv,Algerians in turkey (hopefully in Ordu),"Tryna network with some of you here, I'll be here for quite some time​",appliances,1,0,2026-04-05 11:52:26,Albireo_9989,2026,algeria,2026-04-11 22:25:43.422185,algerians turkey hopefully ordu,tryna network i ll quite time,algerians turkey hopefully ordu tryna network i ll quite time,29
1scyyet,why is it that in Algeria we don’t seem to have clear political parties?,"Guys, I’ve been wondering for the last two months, why is it that in Algeria we don’t seem to have clear political parties? Or do they exist and I just don’t know about them? How does politics in Algeria actually work?

Lately I’ve noticed myself following foreign politics more, especially since I left the country. But then I realized I have almost no idea how things function back home. Do we even have right and left wing dynamics, or anything similar to that?

(Please be nice \^\^ I know I sound ignorant, and in this subject I kind of am.)",appliances,9,18,2026-04-05 10:08:55,abasket_case,2026,algeria,2026-04-11 22:25:43.422340,why algeria don seem clear political parties,guys i ve wondering last two months why algeria don seem clear political parties exist i don know about how politics algeria actually work lately i ve noticed myself following foreign politics especially since i left country i realized i almost idea how things function back home even right left wing dynamics anything similar please i know i sound ignorant subject i kind am,why algeria don seem clear political parties guys i ve wondering last two months why algeria don seem clear political parties exist i don know about how politics algeria actually work lately i ve noticed myself following foreign politics especially since i left country i realized i almost idea how things function back home even right left wing dynamics anything similar please i know i sound ignorant subject i kind am,375
1sclfyx,I wrote a poetry book - are there bookclubs?,"so I wrote a poetry book, in english. and wanted to see if there are people out there who would be interested in reading it?

if there are book clubs in algiers and constantine or else?

I could potentially print a few copies and give them away.

just curious to know what's been happening culturally and reading wise. i don't go out much.",appliances,2,6,2026-04-04 22:34:57,EnvironmentalLime175,2026,algeria,2026-04-11 22:25:43.422501,i wrote poetry book bookclubs,i wrote poetry book english wanted see if people who interested reading if book clubs algiers constantine else i potentially print copies give away curious know what happening culturally reading wise i don go much,i wrote poetry book bookclubs i wrote poetry book english wanted see if people who interested reading if book clubs algiers constantine else i potentially print copies give away curious know what happening culturally reading wise i don go much,213
1sckmv8,where to find balletflats in algiers,"https://preview.redd.it/0ft5ivigm8tg1.jpg?width=735&amp;format=pjpg&amp;auto=webp&amp;s=99634b55fe43a28c6c56627c7a71326d91dca2c5

https://preview.redd.it/ddmuavigm8tg1.jpg?width=736&amp;format=pjpg&amp;auto=webp&amp;s=c351820d96fe151bf3272edf7c03b8f013242813

https://preview.redd.it/m42d8wigm8tg1.jpg?width=736&amp;format=pjpg&amp;auto=webp&amp;s=1b74c0dfe6a4622608de4b1be8a0c9294b148735

https://preview.redd.it/hf1uyvigm8tg1.jpg?width=735&amp;format=pjpg&amp;auto=webp&amp;s=949e877f3fdeb14570fe1ec663ffb24bf0f2ace9

if you know any shop that sells ballets flats in algiers, ill appreciate if you give me their adress or social media account.

thanks in advance.",appliances,1,0,2026-04-04 22:02:00,n_zineb,2026,algeria,2026-04-11 22:25:43.422729,where find balletflats algiers,if know shop sells ballets flats algiers ill appreciate if give me their adress social media account thanks advance,where find balletflats algiers if know shop sells ballets flats algiers ill appreciate if give me their adress social media account thanks advance,115
1scix95,Lowkey this is disappointing and ruin the mood,"so this video show someone interviewing bunch of cosplayers, he showed 3 dudes as this samurai, the mask (the green one from old cartoons if you remember it) and link from zelda and a girl as Loki from MCU, 90% comments just doing this, like cmon none of them looks inappropriate like cosplayers from another countries, they aren't wearing revealing or skintight suits, can't even have a hobby in this miserable prison anymore man.",cosmetics,145,187,2026-04-04 20:53:35,im_about_to_blow,2026,algeria,2026-04-11 22:25:43.423013,lowkey disappointing ruin mood,video show someone interviewing bunch cosplayers showed 3 dudes samurai mask green one old cartoons if remember link zelda girl loki mcu 90 comments cmon none looks inappropriate cosplayers another countries aren wearing revealing skintight suits can even hobby miserable prison anymore man,lowkey disappointing ruin mood video show someone interviewing bunch cosplayers showed 3 dudes samurai mask green one old cartoons if remember link zelda girl loki mcu 90 comments cmon none looks inappropriate cosplayers another countries aren wearing revealing skintight suits can even hobby miserable prison anymore man,290
1scgopz,What would it take for the Moroccan and Algerian governments to end their hostilities?,"Moroccan here, no hate in my heart for Algerian people just want to see the end to these senseless hostilities that have cost us years in economic development and will continue to cost us billions in inflated military budgets that only serve to line the pockets of 3rd parties, i recognize that both Morocco and Algeria have wronged each other and its almost cruel how each side is at times genuinely justified, which makes reconciliation that much harder, countries have had worse conflicts than ours and have still come out as better friends afterwards, think Germany and Poland, the US and Japan. i think its time for reconciliation if we cant push ourselves to do it for our cultural, religious and racial proximity then we can do it out of cold hard pragmatism, as of 2026 Morocco and the Algeria are slated to spend $17 Billion and $25 billion respectively on their militaries, with Algeria spending more of its GDP on defense than Russia which is currently at war, we can all agree these sums would go farther in other areas,  ceasing hostilities would free up $13 billion for morocco and $19 billion for Algeria,

\-if you had to pick what terms both countries would give to reach a reasonable settlement, what would your proposal be?

",appliances,6,84,2026-04-04 19:24:50,OussamaApple,2026,algeria,2026-04-11 22:25:43.423356,what take moroccan algerian governments end their hostilities,moroccan hate my heart algerian people want see end senseless hostilities cost us years economic development continue cost us billions inflated military budgets serve line pockets 3rd parties i recognize morocco algeria wronged its almost cruel how side times genuinely justified which makes reconciliation much harder countries worse conflicts ours still come better friends afterwards think germany poland us japan i think its time reconciliation if cant push ourselves our cultural religious racial proximity can cold hard pragmatism 2026 morocco algeria slated spend 17 billion 25 billion respectively their militaries algeria spending its gdp defense russia which currently war can agree sums go farther areas ceasing hostilities free 13 billion morocco 19 billion algeria if pick what terms countries give reach reasonable settlement what your proposal,what take moroccan algerian governments end their hostilities moroccan hate my heart algerian people want see end senseless hostilities cost us years economic development continue cost us billions inflated military budgets serve line pockets 3rd parties i recognize morocco algeria wronged its almost cruel how side times genuinely justified which makes reconciliation much harder countries worse conflicts ours still come better friends afterwards think germany poland us japan i think its time reconciliation if cant push ourselves our cultural religious racial proximity can cold hard pragmatism 2026 morocco algeria slated spend 17 billion 25 billion respectively their militaries algeria spending its gdp defense russia which currently war can agree sums go farther areas ceasing hostilities free 13 billion morocco 19 billion algeria if pick what terms countries give reach reasonable settlement what your proposal,858
1scevlx,Black market currency exchange in 2026 feasible?,"&amp;#x200B;

In the photo - a new law has been introduced on Jan 1 requiring visitors to declare exchange receipts. Can anyone who has recently visited Algeria confirm/deny this and whether it is safe to exchange currency in the black market as of March / April 2026? If so  where should I do it to get the least chance of getting in trouble?",appliances,7,2,2026-04-04 18:15:27,tionmenghui,2026,algeria,2026-04-11 22:25:43.423577,black market currency exchange 2026 feasible,amp photo new law introduced jan 1 requiring visitors declare exchange receipts can anyone who recently visited algeria confirm deny whether safe exchange currency black market march april 2026 if where i get least chance getting trouble,black market currency exchange 2026 feasible amp photo new law introduced jan 1 requiring visitors declare exchange receipts can anyone who recently visited algeria confirm deny whether safe exchange currency black market march april 2026 if where i get least chance getting trouble,237
1scdyrv,Has anyone travelled to Johannesburg using Air Algerie.,"I am looking to book a flight for my sister to come home  when the school semester ends and i have been looking for flights. I have seen Turkish Airlines as well as Air Algerie.

Air Algerie is the cheapest and they have a direct flight from Algiers to Johannesburg but i have not used it and i do not know how their service is, hence i need to hear from someone who has used this flight route if they recommend Air Algerie.

thank you.",appliances,1,2,2026-04-04 17:40:13,Beautiful_Revenue501,2026,algeria,2026-04-11 22:25:43.423690,anyone travelled johannesburg using air algerie,i am looking book flight my sister come home when school semester ends i looking flights i seen turkish airlines air algerie air algerie cheapest direct flight algiers johannesburg i used i know how their service hence i need hear someone who used flight route if recommend air algerie thank,anyone travelled johannesburg using air algerie i am looking book flight my sister come home when school semester ends i looking flights i seen turkish airlines air algerie air algerie cheapest direct flight algiers johannesburg i used i know how their service hence i need hear someone who used flight route if recommend air algerie thank,291
1scdfi0,Looking for advice to improve my body composition and hit my protein goals,"Hi everyone,

I’m trying to improve my body composition and overall fitness over the next 6 months, and I need  help  iwant to build a toned body and more sculpted shapes.

I’m looking for affordable foods and meal ideas available in Algeria to consistently hit my protein goals. I’d love to hear suggestions for local foods, snacks, or combinations that are easy to prepare.

Also, I’m planning to work out 2 times per week.

I want to know:

Tips to maximize results in 6 months

Affordable ways to meet protein needs

Any other afordable supplements, routines, or hacks that help with muscle tone and energy.

Thanks!",appliances,3,10,2026-04-04 17:19:19,nesrinou99,2026,algeria,2026-04-11 22:25:43.423853,looking advice improve my body composition hit my protein goals,hi everyone i trying improve my body composition overall fitness next 6 months i need help iwant build toned body sculpted shapes i looking affordable foods meal ideas available algeria consistently hit my protein goals i d love hear suggestions local foods snacks combinations easy prepare also i planning work 2 times per week i want know tips maximize results 6 months affordable ways meet protein needs afordable supplements routines hacks help muscle tone energy thanks,looking advice improve my body composition hit my protein goals hi everyone i trying improve my body composition overall fitness next 6 months i need help iwant build toned body sculpted shapes i looking affordable foods meal ideas available algeria consistently hit my protein goals i d love hear suggestions local foods snacks combinations easy prepare also i planning work 2 times per week i want know tips maximize results 6 months affordable ways meet protein needs afordable supplements routines hacks help muscle tone energy thanks,474
1scd1un,Before we ask for our rights we should do our obligations,"I have finished the book of Malik Bennabi, and reflected on the idea that a lot of us in Algeria are quick to complain about our rights: better salaries, fairer laws, transparent politics, less corruption. That’s valid, but he mentioned that “Conditions of the Renaissance” pushes us to reverse the question: Instead of “What does the state owe me?”, first ask “What do I owe to my society?”

As rights grow out of duty, not the other way around. When enough of us start doing their obligations intellectually, ethically, and professionally, we can start talking about the demand for real rights becomes powerful, legitimate, and sustainable. Without that don’t expect to get your rights.",appliances,0,6,2026-04-04 17:04:29,Dapper_Wishbone_2851,2026,algeria,2026-04-11 22:25:43.424017,before ask our rights our obligations,i finished book malik bennabi reflected idea lot us algeria quick complain about our rights better salaries fairer laws transparent politics less corruption valid mentioned conditions renaissance pushes us reverse question instead what state owe me first ask what i owe my society rights grow duty way around when enough us start their obligations intellectually ethically professionally can start talking about demand real rights becomes powerful legitimate sustainable don expect get your rights,before ask our rights our obligations i finished book malik bennabi reflected idea lot us algeria quick complain about our rights better salaries fairer laws transparent politics less corruption valid mentioned conditions renaissance pushes us reverse question instead what state owe me first ask what i owe my society rights grow duty way around when enough us start their obligations intellectually ethically professionally can start talking about demand real rights becomes powerful legitimate sustainable don expect get your rights,497
1scd0el,What makes mri and scanner scans so expansive in algeria?,"this is a genuine question, cause i don't think they're that expansive everywhere else, maybe ? i mean are they ? 

mri and scanner cost like 2million till 4 or 5 millions, especially when u wanna include multiple body parts and honestly what makes them this expansive, or are they just costly ? 

does this has to do with how we may be underdevelopped in the medical field, especially when it's common that private facilities provides those and they're not available in every hospital, or just the way they are and work, and how they're really detailed and helps provide the best description to what's inside.",appliances,4,16,2026-04-04 17:02:52,AdeptImprovement8086,2026,algeria,2026-04-11 22:25:43.424212,what makes mri scanner scans expansive algeria,genuine question cause i don think re expansive everywhere else maybe i mean mri scanner cost 2million till 4 5 millions especially when u wanna include multiple body parts honestly what makes expansive costly how may underdevelopped medical field especially when common private facilities provides re available every hospital way work how re really detailed helps provide best description what inside,what makes mri scanner scans expansive algeria genuine question cause i don think re expansive everywhere else maybe i mean mri scanner cost 2million till 4 5 millions especially when u wanna include multiple body parts honestly what makes expansive costly how may underdevelopped medical field especially when common private facilities provides re available every hospital way work how re really detailed helps provide best description what inside,401
1scaymd,I've never met a colorblind person in algeria,"statistics say that 8% of men worldwide are colorblind (partiality or fully) but somehow never met someone in algeria, i never heard of one, this is isn't a topic here at all i guess. does any of you have one among ur friends or family . And if you are colorblind plz share your experience with us",appliances,10,46,2026-04-04 15:40:54,A_SliceOfGabagool,2026,algeria,2026-04-11 22:25:43.450913,i ve never met colorblind person algeria,statistics say 8 men worldwide colorblind partiality fully somehow never met someone algeria i never heard one isn topic i guess one among ur friends family if colorblind plz share your experience us,i ve never met colorblind person algeria statistics say 8 men worldwide colorblind partiality fully somehow never met someone algeria i never heard one isn topic i guess one among ur friends family if colorblind plz share your experience us,199
1scavt9,Where to stay for a long weekend in may,"I am planning to have a long may weekend break in algeria (landing in algiers) 

Where would be a good location / place to look for hotels / air b&amp;b - want to be near restaurants and stuff to see

Any advice much appreciated 

Thanks

 ",appliances,1,0,2026-04-04 15:37:42,FromPromptToPlot,2026,algeria,2026-04-11 22:25:43.450968,where stay long weekend may,i am planning long may weekend break algeria landing algiers where location place look hotels air b amp b want near restaurants stuff see advice much appreciated thanks,where stay long weekend may i am planning long may weekend break algeria landing algiers where location place look hotels air b amp b want near restaurants stuff see advice much appreciated thanks,168
1sc8j5d,March 2026 in Algeria (Drawn by me),"* Death of former president Liamine Zéroual 
* Rise of EU relationship with Algeria 
* Algeria's win against Guatemala 7-0",appliances,69,19,2026-04-04 13:55:17,Lumpy-Koala5149,2026,algeria,2026-04-11 22:25:43.451037,march 2026 algeria drawn me,death former president liamine z roual rise eu relationship algeria algeria win against guatemala 7 0,march 2026 algeria drawn me death former president liamine z roual rise eu relationship algeria algeria win against guatemala 7 0,101
1sc7b7b,Algerian solo indie game dev needs info,"Hi guys, I'm a solo developer from Algiers, Algeria, I need help setting up a steam page for a game I'm planning on releasing, mainly the money transfer (how to pay for the steam page fee and how to reseve income) and management part? How to set this up from Algiers? ",appliances,6,10,2026-04-04 12:54:43,FruitSuperRobot,2026,algeria,2026-04-11 22:25:43.451196,algerian solo indie game dev needs info,hi guys i solo developer algiers algeria i need help setting steam page game i planning releasing mainly money transfer how pay steam page fee how reseve income management part how set algiers,algerian solo indie game dev needs info hi guys i solo developer algiers algeria i need help setting steam page game i planning releasing mainly money transfer how pay steam page fee how reseve income management part how set algiers,192
1sc43b9,Biometric ID request : address problem,"Hi everyone,

I’m currently applying for my Algerian biometric ID through the Ministry of the Interior website, and I’m facing an issue regarding my address (I live in France).

The website is in French but the input fields are set to Arabic (right to left). So when I type my address like “12 rue de XXX”, it gets reversed to something like “rue de XXX 12” and I can’t change the order.

I also tried using invisible characters (like LRM) to force left to right but it doesn't work either.

https://preview.redd.it/j8jkqv0zy4tg1.jpg?width=1250&amp;format=pjpg&amp;auto=webp&amp;s=892934ba2bc9eea8abfa1f1d1627fcc308b55480

  
Do you think it's ok to just leave the address like that or should I write it differently (for example “rue de XXX numéro 12”)?

Has anyone here experienced this ?

Thank you for your help",appliances,3,0,2026-04-04 09:43:59,Dahmane_Dz,2026,algeria,2026-04-11 22:25:43.451546,biometric id request address problem,hi everyone i currently applying my algerian biometric id through ministry interior website i facing issue regarding my address i live france website french input fields set arabic right left when i type my address 12 rue xxx gets reversed something rue xxx 12 i can change order i also tried using invisible characters lrm force left right doesn work either think ok leave address i write differently example rue xxx num ro 12 anyone experienced thank your help,biometric id request address problem hi everyone i currently applying my algerian biometric id through ministry interior website i facing issue regarding my address i live france website french input fields set arabic right left when i type my address 12 rue xxx gets reversed something rue xxx 12 i can change order i also tried using invisible characters lrm force left right doesn work either think ok leave address i write differently example rue xxx num ro 12 anyone experienced thank your help,462
1sc21s7,"Lawyers of Algeria, what are the laws regarding public display of affection?","Outside social, cultural, and religious norms and restrictions. Where is the actual legally drawn line between what’s accepted or not regarding public display of affection?",appliances,14,16,2026-04-04 07:40:50,pitchycwq,2026,algeria,2026-04-11 22:25:43.451807,lawyers algeria what laws regarding public display affection,outside social cultural religious norms restrictions where actual legally drawn line between what accepted regarding public display affection,lawyers algeria what laws regarding public display affection outside social cultural religious norms restrictions where actual legally drawn line between what accepted regarding public display affection,141
1sbsxqa,"i know this isn't a big issue or anything but most algerians who aren't married or engaged ,are in a situationship","so a relationship is usually a stepping stone to marriage where u get to know the person ,here in algeria however i'd like to argue that engagment have the same function here,because it have the same time pressure of a relationship and commitment,and i think there's many reasons if this is the case or not well first of all let's be honest in algeria marriage is costly ,people here don't see marriage as building their life together but as just someone entering the other person already built up life(wether this good or bad not my topic here),so if anyone made a relationship official the clock start ticking and you guys need to marry soon ,second reason i think this is the case ,it's because there's a social pressure ,people who are open about their relationship and it doesn't lead to marriage it's often seen as a big failure(u know ur daughter or son we're being with someone that never intended marriage or this kind of stuff),so people to prevent this a situationship is perfect,situationship allows for plausible deniability. third and last reason i'd say ""the grass is greener""effect here there's a pressure to not get just the person u like but the family will like so people from both gender never define an official relationship just in case someone better showed up .i know this silly but just wanted to talk about lol ",appliances,3,9,2026-04-04 00:12:47,AdLazy2715,2026,algeria,2026-04-11 22:25:43.452060,i know isn big issue anything algerians who aren married engaged situationship,relationship usually stepping stone marriage where u get know person algeria however i d argue engagment function because time pressure relationship commitment i think many reasons if case first let honest algeria marriage costly people don see marriage building their life together someone entering person already built life wether my topic if anyone made relationship official clock start ticking guys need marry soon second reason i think case because social pressure people who open about their relationship doesn lead marriage often seen big failure u know ur daughter son re someone never intended marriage kind stuff people prevent situationship perfect situationship allows plausible deniability third last reason i d say grass greener effect pressure get person u family people gender never define official relationship case someone better showed i know silly wanted talk about lol,i know isn big issue anything algerians who aren married engaged situationship relationship usually stepping stone marriage where u get know person algeria however i d argue engagment function because time pressure relationship commitment i think many reasons if case first let honest algeria marriage costly people don see marriage building their life together someone entering person already built life wether my topic if anyone made relationship official clock start ticking guys need marry soon second reason i think case because social pressure people who open about their relationship doesn lead marriage often seen big failure u know ur daughter son re someone never intended marriage kind stuff people prevent situationship perfect situationship allows plausible deniability third last reason i d say grass greener effect pressure get person u family people gender never define official relationship case someone better showed i know silly wanted talk about lol,890
1sbslla,african women's wheelchair basketball (basketball championship ),"The Algerian women's national wheelchair basketball team has been crowned African champions for the fifth consecutive time, after defeating South Africa 45-30 in the final🏆

so proud of myyy ladies🫶🏻🫶🏻",appliances,85,20,2026-04-03 23:58:36,Vermouth-girl,2026,algeria,2026-04-11 22:25:43.452126,african women wheelchair basketball basketball championship,algerian women national wheelchair basketball team crowned african champions fifth consecutive time after defeating south africa 45 30 final proud myyy ladies,african women wheelchair basketball basketball championship algerian women national wheelchair basketball team crowned african champions fifth consecutive time after defeating south africa 45 30 final proud myyy ladies,158
1sbpqr0,Algerian gymnast Kaylia Nemour is in the World Cup finals !,"Best of luck to her, happy to see her thriving still! ",appliances,240,63,2026-04-03 22:02:36,swifty19946,2026,algeria,2026-04-11 22:25:43.452155,algerian gymnast kaylia nemour world cup finals,best luck her happy see her thriving still,algerian gymnast kaylia nemour world cup finals best luck her happy see her thriving still,42
1sbk4u0,أصل وتسمية بني عداس (غجر الجزائر),"&amp;#x200B;

قصة ""بني عداس"" هي وحدة من الحكايات لي عايشة في الذاكرة الشعبية الدزيرية وبزاف ناس ما يعرفوش حقيقتها التاريخية. هادو ماشي قبيلة بالمعنى الكلاسيكي لي مبني على النسب بصح هوما فئة اجتماعية كاملة عاشت حياة الترحال والتهميش.

في المجتمع الدزيري، معروفين بزاف أسماء كيما ""العدايسية"" ""بني هجرس""،  ""الجواطنة""، ولا ""الجيطانو"" (Gitano). هي كلمات توارثها الجزائريون عن الأمهات والجدات باش يوصفو الأشخاص المنحطين أخلاقيا. المؤرخين والباحثين يصنفوهم كفرع من الغجر (Gypsies) لي استقرو وعاشو في شمال إفريقيا. تميزو بتقاليد وأسلوب حياة مختلف تماما على ثقافة الناس المستقرين، مما خلاهم دايما فئة مميزة وغريبة. تروي أغلب الروايات التاريخية أن السلالة البشرية للغجر تعود للقرون قديمة بزاف وهم من الأصول الهندية، انتقلو لليونان امبعد توسعو في باقي أنحاء أوروبا. اشتهر تعريفهم حتى في الأكاديميات بأنهم جنس رحالة يعيشو في شكل قبلي خدمتهم التسول والكهانة ولا وجود لأية قيمة اجتماعية عندهم.

 لقرون، بني عداس كانو بمثابة مواطنين أشباح في نظر الإدارة. عاشو في الخيم والعربات المتنقلة يتنقلو من دشرة لمدينة و كانو غايبين تماما على السجلات المدنية الرسمية يعنني لا كواغط ولا شهادات ميلاد وهاذا لي حرمهم من حقوقهم الأساسية في التعليم، الصحة، والسكن...

بسبب هاد العزلة، بقاو قراب لبعضهم وامتهنو حرف بسيطة ومهمشة تناسب الترحال تاعهم، كيما الوشم، قراءة الطالع، الحرف اليدوية الخفيفة، وأحيانا التسول. هاد النمط المعيشي خلى المجتمع المستقر يشوفهم بنظرة  الفضول و الخوف، وهاد الشي زاد من العزلة تاعهم.

ومع التطور لي عرفاتو البلاد نقص الترحال تاعهم بشكل كبير وعائلات بني عداس بداو يستقرو في المدن ويندمجو في المجتمع و الشكل القديم تاع ""العدايسي"" الرحال اختفى لدرجة ولى مستحيل تفرقهم على باقي الناس.

نقطة كحلة وحدة أخرى زادت عقدت النظرة تاع المجتمع لـ ""بني عداس"" هي واش صرى في وقت الاستعمار الفرنسي. على خاطر كانو عايشين في الفقر التام، على الهامش، وما عندهم حتى انتماء رسمي ولا ولاء للدولة، السلطات الاستعمارية استغلت هاد الضعف. الجيش الفرنسي جند بزاف منهم باش يخدمو كجواسيس، مخبرين ضد الثوار في وقت حرب التحرير، وحتى كعسكر في صفوفهم مقابل الماكلة، الحماية، وشوية دراهم وعلى هذا الدزيريين حقدو عليهم كتر وكتر وربطو اسمهم بالخيانة. في هاداك الوقت خرج المثل الشعبي المشهور: ""ترخصي يا الزرقا ويركبوك بني عداس""، لي قالو واحد دزيري كي شاف راجل من الغجر يخدم مع العسكر الفرنسي وراكب عود (حصان) أصيل. هاد التعاون زاد رسخ الكراهية والقطيعة التامة بينهم وبين باقي الشعب.

المصادر الموثوقة

 https://www.albayan.ae/amp/editors-choice/varity/2015-09-15-1.2459623

كتاب ""Magie et religion dans l'Afrique du Nord"" (1908) للباحث Edmond Doutté: هادا مرجع أنثروبولوجي كلاسيكي ومهم بزاف. وثق فيه الباحث حياة الفئات الرحالة (الغجر) في المغرب الكبير، ووصف الحرف تاعهم كيما الوشم وقراءة الطالع، وحلل النظرة الاجتماعية لي كانت تعتبرهم فئة غامضة تعيش على الهامش.

.

The story of the ""Beni Addas"" is one of those narratives that lives quietly in the Algerian popular memory; spoken of often, yet poorly understood. They are not a tribe in the traditional genealogical sense, but rather a distinct social group that lived a marginalized, nomadic lifestyle.

In Algerian society, they are known by several names, including ""Adayssiya,"" ""Jwatna,"" or ""Gitano."" these words are inherited and used to describe immoral people. Historians and anthropologists classify them as a branch of the Romani people (Gypsies) who migrated to and lived in North Africa. They were characterized by traditions and a lifestyle that contrasted sharply with the settled population around them. Most historical accounts state that the Romani are of ancient Indian origin, having migrated to Greece and then spread throughout the rest of Europe. They are even known in academia as nomadic people.

 For centuries, the Beni Addas were essentially ""invisible citizens"" to the state. They lived in tents and caravans, wandering constantly between villages and cities without a fixed address. Most crucially, they were entirely absent from official civil registries, possessing no IDs or birth certificates. This administrative void excluded them from basic rights like education, healthcare, and housing, deepening their societal alienation.

 Confined to the margins, they engaged in simple, transient trades such as tattooing, fortune-telling, light craftsmanship, and sometimes begging. Because their way of life was so different, settled communities often viewed them with a mixture of curiosity, fear, and harsh prejudice, which only reinforced their isolation.

As the country modernized, this nomadic lifestyle significantly declined. Beni Addas families gradually abandoned their tents, settled in permanent homes, and entered the workforce and schools. Today, the historical figure of the roaming ""Adayssi"" has disappeared, they have fully assimilated into society, making them indistinguishable from the rest of the population.

Another dark chapter that severely complicated society's view of the ""Beni Addas"" occurred during the French colonization. Because they lived in extreme poverty, strictly on the margins, and felt no official belonging or loyalty to a system that didn't recognize them, colonial authorities easily exploited their vulnerability. The French army recruited many of them to serve as spies, informants against the revolutionaries during the War of Independence, and even as auxiliary soldiers in exchange for food, protection, and small amounts of money. This caused Algerians to resent them deeply, permanently linking their name to treason. It was during this era that the famous popular proverb emerged: ""You become cheap, oh purebred mare, when Beni Addas ride you,"" reportedly coined by an Algerian who saw a marginalized Roma man in a French military uniform riding a noble horse. This collaboration entrenched the harsh prejudice and the total social rupture between them and the rest of the population.

Reliable Sources

article of Albayan (link above)

""Magie et religion dans l'Afrique du Nord"" (1908) by Edmond Doutté: A critical classical anthropological reference. Doutté documented the lives of nomadic groups in the Maghreb, detailing their specific trades like tattooing and fortune-telling, and analyzing how local societies viewed them as a mysterious, marginalized class.",food,58,9,2026-04-03 18:33:48,Miss-Kija,2026,algeria,2026-04-11 22:25:43.452652,,amp gitano gypsies magie religion l afrique nord 1908 edmond doutt story beni addas one narratives lives quietly algerian popular memory spoken often yet poorly understood tribe traditional genealogical sense rather distinct social group lived marginalized nomadic lifestyle algerian society known several names including adayssiya jwatna gitano words inherited used describe immoral people historians anthropologists classify branch romani people gypsies who migrated lived north africa characterized traditions lifestyle contrasted sharply settled population around historical accounts state romani ancient indian origin migrated greece spread throughout rest europe even known academia nomadic people centuries beni addas essentially invisible citizens state lived tents caravans wandering constantly between villages cities fixed address crucially entirely absent official civil registries possessing ids birth certificates administrative void excluded basic rights education healthcare housing deepening their societal alienation confined margins engaged simple transient trades tattooing fortune telling light craftsmanship sometimes begging because their way life different settled communities often viewed mixture curiosity fear harsh prejudice which reinforced their isolation country modernized nomadic lifestyle significantly declined beni addas families gradually abandoned their tents settled permanent homes entered workforce schools today historical figure roaming adayssi disappeared fully assimilated into society making indistinguishable rest population another dark chapter severely complicated society view beni addas occurred during french colonization because lived extreme poverty strictly margins felt official belonging loyalty system didn recognize colonial authorities easily exploited their vulnerability french army recruited many serve spies informants against revolutionaries during war independence even auxiliary soldiers exchange food protection small amounts money caused algerians resent deeply permanently linking their name treason during era famous popular proverb emerged become cheap oh purebred mare when beni addas ride reportedly coined algerian who saw marginalized roma man french military uniform riding noble horse collaboration entrenched harsh prejudice total social rupture between rest population reliable sources article albayan link above magie religion l afrique nord 1908 edmond doutt critical classical anthropological reference doutt documented lives nomadic groups maghreb detailing their specific trades tattooing fortune telling analyzing how local societies viewed mysterious marginalized class, amp gitano gypsies magie religion l afrique nord 1908 edmond doutt story beni addas one narratives lives quietly algerian popular memory spoken often yet poorly understood tribe traditional genealogical sense rather distinct social group lived marginalized nomadic lifestyle algerian society known several names including adayssiya jwatna gitano words inherited used describe immoral people historians anthropologists classify branch romani people gypsies who migrated lived north africa characterized traditions lifestyle contrasted sharply settled population around historical accounts state romani ancient indian origin migrated greece spread throughout rest europe even known academia nomadic people centuries beni addas essentially invisible citizens state lived tents caravans wandering constantly between villages cities fixed address crucially entirely absent official civil registries possessing ids birth certificates administrative void excluded basic rights education healthcare housing deepening their societal alienation confined margins engaged simple transient trades tattooing fortune telling light craftsmanship sometimes begging because their way life different settled communities often viewed mixture curiosity fear harsh prejudice which reinforced their isolation country modernized nomadic lifestyle significantly declined beni addas families gradually abandoned their tents settled permanent homes entered workforce schools today historical figure roaming adayssi disappeared fully assimilated into society making indistinguishable rest population another dark chapter severely complicated society view beni addas occurred during french colonization because lived extreme poverty strictly margins felt official belonging loyalty system didn recognize colonial authorities easily exploited their vulnerability french army recruited many serve spies informants against revolutionaries during war independence even auxiliary soldiers exchange food protection small amounts money caused algerians resent deeply permanently linking their name treason during era famous popular proverb emerged become cheap oh purebred mare when beni addas ride reportedly coined algerian who saw marginalized roma man french military uniform riding noble horse collaboration entrenched harsh prejudice total social rupture between rest population reliable sources article albayan link above magie religion l afrique nord 1908 edmond doutt critical classical anthropological reference doutt documented lives nomadic groups maghreb detailing their specific trades tattooing fortune telling analyzing how local societies viewed mysterious marginalized class,2656
1sbe0o4,English College students in Algeria,"Hey there am 19yo 1year license ( English) i really don’t want to continue my studies and get to master . I want to ask the peoples who has already master degrees in English if there is any jobs or they found jobs ? And how hard it was ?

Thanks for advance.",appliances,5,15,2026-04-03 14:44:22,thatguy_113,2026,algeria,2026-04-11 22:25:43.453033,english college students algeria,hey am 19yo 1year license english i really don want continue my studies get master i want ask peoples who already master degrees english if jobs found jobs how hard thanks advance,english college students algeria hey am 19yo 1year license english i really don want continue my studies get master i want ask peoples who already master degrees english if jobs found jobs how hard thanks advance,179
1sbb7n5,Fiber router Wi-Fi weak in my room (60Mbps drop to 10Mbps),"Hey everyone,

I recently got a **Fiber connection** (**60Mbps**). I get the full throughput when I'm right next to the router, but in my room, the signal is weak and the bandwidth drops to **10Mbps**.

I tried repurposing an old **D-Link ADSL router** as an **extender**, but it's only giving me about **13-20Mbps** on my laptop.

I'm wondering if anyone else has dealt with this? Did you resolve it by buying a **new router**? If so, which **model** should I get that works well here in Algeria and can handle higher performance for a future upgrade?

Thanks!",electronics,1,1,2026-04-03 12:40:50,znissou,2026,algeria,2026-04-11 22:25:43.453112,fiber router wi fi weak my room 60mbps drop 10mbps,hey everyone i recently got fiber connection 60mbps i get full throughput when i right next router my room signal weak bandwidth drops 10mbps i tried repurposing old d link adsl router extender giving me about 13 20mbps my laptop i wondering if anyone else dealt resolve buying new router if which model i get works algeria can handle higher performance future upgrade thanks,fiber router wi fi weak my room 60mbps drop 10mbps hey everyone i recently got fiber connection 60mbps i get full throughput when i right next router my room signal weak bandwidth drops 10mbps i tried repurposing old d link adsl router extender giving me about 13 20mbps my laptop i wondering if anyone else dealt resolve buying new router if which model i get works algeria can handle higher performance future upgrade thanks,375
1sb30gs,anyone have any experience sending letters by the mail ?,"hello everyone, i have a letter that i wanna send to someone in another wilaya, i want it to arrive at a certain date, is that possible with our postal service ? i'm also wondering how long it will take, I live in alger and my friend is in constantine for reference.

  
thanks for all the help!!",food,3,3,2026-04-03 04:53:49,yazzzzzzu,2026,algeria,2026-04-11 22:25:43.453273,anyone experience sending letters mail,hello everyone i letter i wanna send someone another wilaya i want arrive certain date possible our postal service i also wondering how long take i live alger my friend constantine reference thanks help,anyone experience sending letters mail hello everyone i letter i wanna send someone another wilaya i want arrive certain date possible our postal service i also wondering how long take i live alger my friend constantine reference thanks help,202
1sb20a5,How can I find original skincare products in Algeria,"So im looking for help, I want to buy some the Ordinary products but I can't trust cosmetics or random websites that's why I want to ask the girls who usually buy original skin care products from famous brands like the Ordinary or la rosh posey or any other foreign brands

So please if there's any trusted pages or websites that sell original products tell meeee ill be so much thankful

and no I know yestyle but it needs visa card im looking for algerian pages or websites that sell original products so I can pay on delivery",appliances,2,6,2026-04-03 04:03:53,Disastrous-Photo2178,2026,algeria,2026-04-11 22:25:43.453379,how can i find original skincare products algeria,im looking help i want ordinary products i can trust cosmetics random websites why i want ask girls who usually original skin care products famous brands ordinary rosh posey foreign brands please if trusted pages websites sell original products tell meeee ill much thankful i know yestyle needs visa card im looking algerian pages websites sell original products i can pay delivery,how can i find original skincare products algeria im looking help i want ordinary products i can trust cosmetics random websites why i want ask girls who usually original skin care products famous brands ordinary rosh posey foreign brands please if trusted pages websites sell original products tell meeee ill much thankful i know yestyle needs visa card im looking algerian pages websites sell original products i can pay delivery,381
1sawv3z,MRI price in Algerian clinics?,"السلام عليكم 

I wanted to ask about the average price of an MRI (IRM) scan in private clinics in Algeria.

If anyone has experience or recently did one, how much did it cost you? And does the price change depending on the body part or the clinic?

thank you in advance. ",food,6,2,2026-04-03 00:10:44,marian-05,2026,algeria,2026-04-11 22:25:43.453418,mri algerian clinics,i wanted ask about average mri irm scan private clinics algeria if anyone experience recently one how much cost change depending body part clinic thank advance,mri algerian clinics i wanted ask about average mri irm scan private clinics algeria if anyone experience recently one how much cost change depending body part clinic thank advance,159
1satfib,Are we really a racist country?,"Hey r/Algeria,

I'm a university student, and I've started noticing clear racism in my university and social circle against Blacks and Africans (like Nigerian or Senegalese students) and some other nationalities, even against Algerians from the South (Sahrawis). People avoid them in class, mock their skin color or accent, or refuse to interact with them.

I'm really surprised by Algerians complaining about Western racism (France, Europe) against us, while we act the exact same way towards others here in Algeria!

I've started doubting and convincing myself that we're a more racist people than we imagine. What do you think?",appliances,154,278,2026-04-02 21:54:08,benyaknadal,2026,algeria,2026-04-11 22:25:47.174410,really racist country,hey r algeria i university student i ve started noticing clear racism my university social circle against blacks africans nigerian senegalese students nationalities even against algerians south sahrawis people avoid class mock their skin color accent refuse interact i really surprised algerians complaining about western racism france europe against us while act exact way towards others algeria i ve started doubting convincing myself re racist people imagine what think,really racist country hey r algeria i university student i ve started noticing clear racism my university social circle against blacks africans nigerian senegalese students nationalities even against algerians south sahrawis people avoid class mock their skin color accent refuse interact i really surprised algerians complaining about western racism france europe against us while act exact way towards others algeria i ve started doubting convincing myself re racist people imagine what think,472
1sat47z,People with strong Algerian/Arabic names in Europe.,"I’m Algerian and about to go to Europe soon for studies and work and all that. One thing i fear tho is racial discrimination because of my name and by that i mean job opportunities and general interactions with strangers and administrations etc. 

I’m aware that racism is something to be expected, however i’m quite white passing so the only thing that could possibly be worse than getting directly racially profiled because of looking stereotypically ethnic, is engaging with potential racists unknowingly on both ends then have them switch up or pull up some crazy shit on you once your name/identity is announced. This is a concern because it’s happened to people i know.  

So my question is to people in situations like this how’s your experience like and how do you deal? aside from answers like be proud of your culture and what not.",appliances,8,27,2026-04-02 21:41:58,moonchildsilver,2026,algeria,2026-04-11 22:25:47.174614,people strong algerian arabic names europe,i algerian about go europe soon studies work one thing i fear tho racial discrimination because my name i mean job opportunities general interactions strangers administrations etc i aware racism something expected however i quite white passing thing possibly worse getting directly racially profiled because looking stereotypically ethnic engaging potential racists unknowingly ends switch pull crazy shit your name identity announced concern because happened people i know my question people situations how your experience how deal aside answers proud your culture what,people strong algerian arabic names europe i algerian about go europe soon studies work one thing i fear tho racial discrimination because my name i mean job opportunities general interactions strangers administrations etc i aware racism something expected however i quite white passing thing possibly worse getting directly racially profiled because looking stereotypically ethnic engaging potential racists unknowingly ends switch pull crazy shit your name identity announced concern because happened people i know my question people situations how your experience how deal aside answers proud your culture what,570
1sasofw,my experience with the algerian train,"hello there as you read in the title i just wanted to share my experience and mention the pros and cons when you travel by train  
for me i did couple times and i can say that the cons and surely more than pros  
for the pros i would say the price (795da for adult) and you pay 400da for kids from oran to alger   
and for the cons the noise of the kids crying and running around fighting will make you insane  
you also gotta fight to get a seat cuz its not garanted to actually sit and you can spend 6 hours just standing there  
also ppl would occasionally ask for your seat or the kid next to you and get mad when you say no  
the seats are mid nothing fancy and for some reason first class seats are now given by ma3rifa   
  
i would like to hear about you guys stories and what do you think of it ",food,7,7,2026-04-02 21:25:26,Ayhamer_gamer,2026,algeria,2026-04-11 22:25:47.174661,my experience algerian train,hello read title i wanted share my experience mention pros cons when travel train me i couple times i can say cons surely pros pros i say 795da adult pay 400da kids oran alger cons noise kids crying running around fighting make insane also gotta fight get seat cuz its garanted actually sit can spend 6 hours standing also ppl occasionally ask your seat kid next get mad when say seats mid nothing fancy reason first class seats now given ma3rifa i hear about guys stories what think,my experience algerian train hello read title i wanted share my experience mention pros cons when travel train me i couple times i can say cons surely pros pros i say 795da adult pay 400da kids oran alger cons noise kids crying running around fighting make insane also gotta fight get seat cuz its garanted actually sit can spend 6 hours standing also ppl occasionally ask your seat kid next get mad when say seats mid nothing fancy reason first class seats now given ma3rifa i hear about guys stories what think,483
1saredb,Tunisian moving to Annaba for 1.5 or 2 months and looking to understand rent prices,"Hey guys. I’m Tunisian, a going to move to Annaba for work/training ( 2 months ).

I’m looking to rent an apartment and as someone who never visited Algeria I got confused by the prices. 

Can someone maybe tell me how much is rent for an apartment f1/f2 in Annaba is?

I’m looking for something nice ( hautstanding as we say in Tunisia not sure if you guys use that term) 

ChatGPT pretty much started saying the rent is weird there because an f3 usually costs less than an f2 even if it’s the same quality of furniture/same area. Also he started giving crazy prices like 900-1300$ ( yes that usd I was chocked tbh that’s the monthly rent of a villa with a pool in some of the biggest cities in Tunisia ) 

Sure I asked for something furnished and per night but isn’t that still too much ?

And Facebook wasn’t any better I’m not sure if I’m not understanding how the prices are written but the prices are either very low or very high.

Can someone who has experience in renting there help me. Thanks guy ",food,5,20,2026-04-02 20:37:25,someguy70039472,2026,algeria,2026-04-11 22:25:47.174732,tunisian moving annaba 1 5 2 months looking understand rent prices,hey guys i tunisian going move annaba work training 2 months i looking rent apartment someone who never visited algeria i got confused prices can someone maybe tell me how much rent apartment f1 f2 annaba i looking something hautstanding say tunisia sure if guys use term chatgpt pretty much started saying rent weird because f3 usually costs less f2 even if furniture area also started giving crazy prices 900 1300 yes usd i chocked tbh monthly rent villa pool biggest cities tunisia sure i asked something furnished per night isn still much facebook wasn better i sure if i understanding how prices written prices either low high can someone who experience renting help me thanks guy,tunisian moving annaba 1 5 2 months looking understand rent prices hey guys i tunisian going move annaba work training 2 months i looking rent apartment someone who never visited algeria i got confused prices can someone maybe tell me how much rent apartment f1 f2 annaba i looking something hautstanding say tunisia sure if guys use term chatgpt pretty much started saying rent weird because f3 usually costs less f2 even if furniture area also started giving crazy prices 900 1300 yes usd i chocked tbh monthly rent villa pool biggest cities tunisia sure i asked something furnished per night isn still much facebook wasn better i sure if i understanding how prices written prices either low high can someone who experience renting help me thanks guy,685
1sapr5u,Where taxes are gone in this country,"I feel like we Algerians pay lot of taxes but we can't see it realy in education system or health care system, its true we have basic education and health care system( حمد الله)  but its very basic, lot of schools lack of infrastructures ( equipments, good food for children, transportation), health care system is very basic( where all doctors get same salary even if they had no patient in days, this system can't boost performance and productivity) also lack of digitalisation, 

in communities we lack lot of facilities, there is no such events in every community? 

is it corruption , or government who dont invest well to improve everyday life of people

let know your opinions",appliances,8,15,2026-04-02 19:36:46,Powerful_Feeling1211,2026,algeria,2026-04-11 22:25:47.174874,where taxes gone country,i feel algerians pay lot taxes can see realy education system health care system its true basic education health care system its basic lot schools lack infrastructures equipments food children transportation health care system basic where doctors get salary even if patient days system can boost performance productivity also lack digitalisation communities lack lot facilities events every community corruption government who dont invest improve everyday life people let know your opinions,where taxes gone country i feel algerians pay lot taxes can see realy education system health care system its true basic education health care system its basic lot schools lack infrastructures equipments food children transportation health care system basic where doctors get salary even if patient days system can boost performance productivity also lack digitalisation communities lack lot facilities events every community corruption government who dont invest improve everyday life people let know your opinions,490
1sapipq,Are cotton candy machines in Algeria profitable?,"For people with experience, is buying one as an investment worthy? what are the factors of success? what could hinder the sales? this project was in my head for a while. as a second income source. ",appliances,3,2,2026-04-02 19:28:18,Prestigious_Phone942,2026,algeria,2026-04-11 22:25:47.174926,cotton candy machines algeria profitable,people experience buying one investment worthy what factors success what hinder sales project my head while second income source,cotton candy machines algeria profitable people experience buying one investment worthy what factors success what hinder sales project my head while second income source,128
1sap5bs,Best place to live in Algeria?,"Hey! My wife and I are thinking of moving somewhere new. We know Oran and Algiers, but they’re too noisy and crowded for us.

We’d love a quiet, beautiful place with nature, maybe a garden, and a nice climate. Housing should be affordable, and fast internet is a must since I work from home.

Where do you live? Would you say it’s like that?",appliances,17,52,2026-04-02 19:14:35,Responsible-Fig-7532,2026,algeria,2026-04-11 22:25:47.175001,best place live algeria,hey my wife i thinking moving somewhere new know oran algiers re noisy crowded us d love quiet beautiful place nature maybe garden climate housing affordable fast internet must since i work home where live say,best place live algeria hey my wife i thinking moving somewhere new know oran algiers re noisy crowded us d love quiet beautiful place nature maybe garden climate housing affordable fast internet must since i work home where live say,209
1salf3s,"St. Augustine Church in Annaba, the first picture I'm posting on my social media.","The Basilica of Saint Augustine is a Roman Catholic basilica dedicated to Saint Augustine. Located in Annaba, Algeria, it falls under the jurisdiction of the Archdiocese of Constantine. Construction began in 1881 and was completed on March 29, 1900, although the church was consecrated on April 24, 1914.

\-Roman ruins opposite the church, known as the historical ruins of Hippo.

\-This photo was taken about two years ago, and it was my last visit to Annaba.",appliances,102,32,2026-04-02 17:00:24,imedhassainia,2026,algeria,2026-04-11 22:25:47.175089,st augustine church annaba first picture i posting my social media,basilica saint augustine roman catholic basilica dedicated saint augustine located annaba algeria falls jurisdiction archdiocese constantine construction began 1881 completed march 29 1900 although church consecrated april 24 1914 roman ruins opposite church known historical ruins hippo photo taken about two years ago my last visit annaba,st augustine church annaba first picture i posting my social media basilica saint augustine roman catholic basilica dedicated saint augustine located annaba algeria falls jurisdiction archdiocese constantine construction began 1881 completed march 29 1900 although church consecrated april 24 1914 roman ruins opposite church known historical ruins hippo photo taken about two years ago my last visit annaba,340
1sal571,Can anyone recommend an affordable Algerian skincare brand ?,"I just saw the prices of skincare from international brands and I’m so depressed they’re so expensive

Doesn’t anyone know a good Algerian brand that you’ve actually tried? I’m looking for

Niacinamide 

Vitamin C 

BHA/AHA 

Retinol 

Hyaluronic acid 

Basically any affordable Algerian skincare that contains these ingredients and other",food,2,4,2026-04-02 16:50:01,kagura_kagura,2026,algeria,2026-04-11 22:25:47.175124,can anyone recommend affordable algerian skincare brand,i saw prices skincare international brands i depressed re expensive doesn anyone know algerian brand ve actually tried i looking niacinamide vitamin c bha aha retinol hyaluronic acid basically affordable algerian skincare contains ingredients,can anyone recommend affordable algerian skincare brand i saw prices skincare international brands i depressed re expensive doesn anyone know algerian brand ve actually tried i looking niacinamide vitamin c bha aha retinol hyaluronic acid basically affordable algerian skincare contains ingredients,242
1sakc5u,Payer un abonnement en france depuis l'Algérie,"Salam mes frères,

Je suis étudiante et je souhaite payer un abonnement sur une plateforme française qui propose des cours. Le problème, c’est que le paiement se fait en euros et je ne sais pas du tout comment faire, je n’y connais rien dans ce domaine.

J’espère que vous pourrez m’aider à comprendre les démarches à suivre pour faire ça de manière officielle et sécurisée.

Merci d’avance pour vos réponses",appliances,2,5,2026-04-02 16:20:36,Shadow_heart19,2026,algeria,2026-04-11 22:25:47.175207,payer abonnement en france depuis l alg rie,salam mes fr res je suis tudiante je souhaite payer abonnement plateforme fran aise qui propose cours probl me c que paiement se en euros je ne sais pas tout comment je n y connais rien domaine j esp re que pourrez aider comprendre d marches suivre mani re officielle curis e merci d avance vos r ponses,payer abonnement en france depuis l alg rie salam mes fr res je suis tudiante je souhaite payer abonnement plateforme fran aise qui propose cours probl me c que paiement se en euros je ne sais pas tout comment je n y connais rien domaine j esp re que pourrez aider comprendre d marches suivre mani re officielle curis e merci d avance vos r ponses,303
1sajuvu,How much money will i approximately need for the following:,"1- Fridge

2-Washing machine

3-Oven

4-air con 

  
Not too bothered about top of the line items, just anything thats mid range. 

  
Please and thank you for the help. ",appliances,2,23,2026-04-02 16:03:01,Anxious_Place2208,2026,algeria,2026-04-11 22:25:47.204599,how much money i approximately need following,1 fridge 2 washing machine 3 oven 4 air con bothered about top line items anything thats mid range please thank help,how much money i approximately need following 1 fridge 2 washing machine 3 oven 4 air con bothered about top line items anything thats mid range please thank help,116
1safhqt,British students who used to live in Algerian and moved back to the uk,"Hello im looking for university students who have the British passport but studied in algeria and moved to the uk, did the university considered you as a home student or international, is it possible to have a loan from the government to finance your university? ",appliances,3,7,2026-04-02 13:04:07,imane1608,2026,algeria,2026-04-11 22:25:47.204673,british students who used live algerian moved back uk,hello im looking university students who british passport studied algeria moved uk university considered home student international possible loan government finance your university,british students who used live algerian moved back uk hello im looking university students who british passport studied algeria moved uk university considered home student international possible loan government finance your university,180
1saeka4,I saw a camping photo from the Algerian Sahara… and it made me think: why wasn’t Dune filmed there?,"I saw a picture recently of someone camping in our great Algerian desert. Right after that, I also saw the announcement that Dune 3 will be released in December 2026.

It made me think about something interesting.

When you look at the Algerian Sahara, it really feels like the closest thing to Arrakis in real life. The scale, the dunes, the rocky landscapes… it already looks like a sci-fi world.

\&gt;\_ I made a quick search because I really don't know :

\- Yet most of the Dune movies were filmed in places like Jordan and the UAE. Hollywood usually chooses locations based on three main things: incentives, infrastructure, and imagery. ( i wonder how they could finish part 3 in this anarchy of mr.orange, middle east conflit :) . )

\- Countries like Jordan and the UAE offer huge financial rebates to film productions. They also already have full film infrastructure: experienced desert crews, equipment, transport, and ready-made film camps.

\- Algeria only recently started building similar incentives with the new cinema law passed in 2024, so the system is still developing. (I hnew it recently to be honest)

\* But when it comes to landscape, the Algerian Sahara is incredible.

\- Places like Tassili n'Ajjer and the Ahaggar mountains have rock formations and volcanic landscapes that look almost alien. Huge dune seas like the Grand Erg Occidental give that endless desert feeling that Arrakis is known for.

\- In the Dune universe, Tanzerouft is a region of the deep desert on Arrakis. It appears in the novel Children of Dune.  Tanezrouft region in southern Algeria  also known as the “Land of Thirst.” (I'm surprised)

So in terms of atmosphere and authenticity, Algeria might actually be one of the most perfect real-world Arrakis locations.

So:

The main challenge is in the logistics. Big productions need hundreds of trucks, equipment teams, and technical support, which is currently easier to organize in established film hubs.

What do you think ? does the Algerian desert look more like Arrakis than the locations used in the movies?",appliances,2,44,2026-04-02 12:18:19,el_houssem,2026,algeria,2026-04-11 22:25:47.205278,i saw camping photo algerian sahara made me think why wasn dune filmed,i saw picture recently someone camping our algerian desert right after i also saw announcement dune 3 released december 2026 made me think about something interesting when look algerian sahara really feels closest thing arrakis real life scale dunes rocky landscapes already looks sci fi world gt i made quick search because i really don know yet dune movies filmed places jordan uae hollywood usually chooses locations based three main things incentives infrastructure imagery i wonder how finish part 3 anarchy mr orange middle east conflit countries jordan uae offer huge financial rebates film productions also already full film infrastructure experienced desert crews equipment transport ready made film camps algeria recently started building similar incentives new cinema law passed 2024 system still developing i hnew recently honest when comes landscape algerian sahara incredible places tassili n ajjer ahaggar mountains rock formations volcanic landscapes look almost alien huge dune seas grand erg occidental give endless desert feeling arrakis known dune universe tanzerouft region deep desert arrakis appears novel children dune tanezrouft region southern algeria also known land thirst i surprised terms atmosphere authenticity algeria might actually one perfect real world arrakis locations main challenge logistics big productions need hundreds trucks equipment teams technical support which currently easier organize established film hubs what think algerian desert look arrakis locations used movies,i saw camping photo algerian sahara made me think why wasn dune filmed i saw picture recently someone camping our algerian desert right after i also saw announcement dune 3 released december 2026 made me think about something interesting when look algerian sahara really feels closest thing arrakis real life scale dunes rocky landscapes already looks sci fi world gt i made quick search because i really don know yet dune movies filmed places jordan uae hollywood usually chooses locations based three main things incentives infrastructure imagery i wonder how finish part 3 anarchy mr orange middle east conflit countries jordan uae offer huge financial rebates film productions also already full film infrastructure experienced desert crews equipment transport ready made film camps algeria recently started building similar incentives new cinema law passed 2024 system still developing i hnew recently honest when comes landscape algerian sahara incredible places tassili n ajjer ahaggar mountains rock formations volcanic landscapes look almost alien huge dune seas grand erg occidental give endless desert feeling arrakis known dune universe tanzerouft region deep desert arrakis appears novel children dune tanezrouft region southern algeria also known land thirst i surprised terms atmosphere authenticity algeria might actually one perfect real world arrakis locations main challenge logistics big productions need hundreds trucks equipment teams technical support which currently easier organize established film hubs what think algerian desert look arrakis locations used movies,1518
1saedyf,"My iPhone stolen in Italy just popped up in Ain-El-Bey, Algeria (Ritaj Mall area). Any info on this place?","Hi everyone,



I’m reaching out because my iPhone, which was stolen in Italy back in March, has just updated its location in Ain-El-Bey, Constantine, Algeria.



Specifically, it’s showing up right near the ""Centre Commercial Ritaj Mall."" I’ve attached a screenshot of the Find My map for reference.



I’m curious about this specific area. Is the Ritaj Mall or the surrounding neighborhood known for second-hand electronics shops or markets where stolen goods might be sold? I’m based in South Korea, so I know there isn't much I can do physically, but I’d like to understand the situation better.



Has anyone else tracked their stolen devices to this part of Algeria? Any advice or insights would be greatly appreciated!



Thank you!",food,172,123,2026-04-02 12:09:12,DevelopmentUpper874,2026,algeria,2026-04-11 22:25:47.205361,my iphone stolen italy popped ain el bey algeria ritaj mall area info place,hi everyone i reaching because my iphone which stolen italy back march updated its location ain el bey constantine algeria specifically showing right near centre commercial ritaj mall i ve attached screenshot find my map reference i curious about specific area ritaj mall surrounding neighborhood known second hand electronics shops markets where stolen goods might sold i based south korea i know isn much i can physically i d understand situation better anyone else tracked their stolen devices part algeria advice insights greatly appreciated thank,my iphone stolen italy popped ain el bey algeria ritaj mall area info place hi everyone i reaching because my iphone which stolen italy back march updated its location ain el bey constantine algeria specifically showing right near centre commercial ritaj mall i ve attached screenshot find my map reference i curious about specific area ritaj mall surrounding neighborhood known second hand electronics shops markets where stolen goods might sold i based south korea i know isn much i can physically i d understand situation better anyone else tracked their stolen devices part algeria advice insights greatly appreciated thank,551
1sad2ok,Any ideas where to find high quality Kaftan in or near Constantine?,I am so happy to be back in my favorite city in Algeria. ☺️🇩🇿❤️ Do you have good insider tips where to find high quality Kaftans? Thank you very much and have a great day!,appliances,11,15,2026-04-02 10:57:20,[deleted],2026,algeria,2026-04-11 22:25:47.205632,ideas where find high kaftan near constantine,i am happy back my favorite city algeria insider tips where find high kaftans thank much day,ideas where find high kaftan near constantine i am happy back my favorite city algeria insider tips where find high kaftans thank much day,92
1sa9bqu,What are some 2000's to 2010's names in Algeria?,"I'm writing a story about an art school and in this story there's an Algerian female character. Originally I just picked a common Algerian name but I'm wondering about contemporary names. And yes, I know some names are timeless and classic, but idk any website or source to see which names are more common on which year for Algeria.

Also, this character is a mid-2000's baby and the story takes place in 2030.  Also she's Kabyle and Arab. ",appliances,1,9,2026-04-02 07:06:45,AndIrememberthinking,2026,algeria,2026-04-11 22:25:47.205764,what 2000 2010 names algeria,i writing story about art school story algerian female character originally i picked common algerian name i wondering about contemporary names yes i know names timeless classic idk website source see which names common which year algeria also character mid 2000 baby story takes place 2030 also kabyle arab,what 2000 2010 names algeria i writing story about art school story algerian female character originally i picked common algerian name i wondering about contemporary names yes i know names timeless classic idk website source see which names common which year algeria also character mid 2000 baby story takes place 2030 also kabyle arab,306
1sa2rw0,Mention an Under-rated algerian trait.,"what i noticed about us compared to other nations, that despite  low standards of living and a relatively weak  purchasing power we are not stingy and we can be genrous, and epicurean. ",appliances,3,4,2026-04-02 01:46:17,Unusual_Push_9611,2026,algeria,2026-04-11 22:25:47.205913,mention rated algerian trait,what i noticed about us compared nations despite low standards living relatively weak purchasing power stingy can genrous epicurean,mention rated algerian trait what i noticed about us compared nations despite low standards living relatively weak purchasing power stingy can genrous epicurean,131
1s9yk2x,"Recherche ancien orphelinat à Alger (El Biar / Châteauneuf, années 60, enfants de chouhada)","Bonjour,

Je recherche des photos (ou l’adresse) de l’orphelinat d’el bihar surnommé « chateauneuf » ou « pères blancs » - je n’ai pas réussi à localiser le bâtiment sur internet malgré les différentes recherches et pas moyen d’avoir accès à Google street view pour vérifier si le bâtiment existe toujours.

Cela compte beaucoup pour mon grand-père de voir l’endroit où il a été envoyé en tant que fils de martyr de la guerre. Si vous avez une photo ou une idée d’où cet orphelinat se localise exactement ce serait une belle surprise pour ma famille…

Merci beaucoup d’avance à tous mes frères et sœurs sur cette communauté. ",appliances,3,3,2026-04-01 22:48:35,CupcakeSpecialist149,2026,algeria,2026-04-11 22:25:47.206193,recherche ancien orphelinat alger el biar ch teauneuf ann es 60 enfants chouhada,bonjour je recherche photos l adresse l orphelinat d el bihar surnomm chateauneuf p res blancs je n ai pas r ussi localiser b timent internet malgr diff rentes recherches pas moyen d acc google street view v rifier si b timent existe toujours cela compte mon grand p re voir l endroit o envoy en tant que fils martyr guerre si avez photo id e d o cet orphelinat se localise exactement serait belle surprise ma famille merci d avance tous mes fr res urs communaut,recherche ancien orphelinat alger el biar ch teauneuf ann es 60 enfants chouhada bonjour je recherche photos l adresse l orphelinat d el bihar surnomm chateauneuf p res blancs je n ai pas r ussi localiser b timent internet malgr diff rentes recherches pas moyen d acc google street view v rifier si b timent existe toujours cela compte mon grand p re voir l endroit o envoy en tant que fils martyr guerre si avez photo id e d o cet orphelinat se localise exactement serait belle surprise ma famille merci d avance tous mes fr res urs communaut,462
1s9yc1y,I need a good psychiatrist around Algiers (please urgent),"Hello, I hope you’re all doing well. This is my first time posting here, and I’m reaching out because I truly need help with a difficult situation.

For context, I’m a 24M. Due to circumstances I experienced during my childhood and teenage years, I’ve developed severe mental health symptoms that make it extremely difficult for me to carry out daily tasks or maintain a job. The situation has become quite serious and requires consistent professional support.

I would really appreciate any recommendations for a good psychiatrist in Algiers. It would mean a lot to me.

Thank you very much",appliances,9,2,2026-04-01 22:40:02,ahmedduh,2026,algeria,2026-04-11 22:25:47.206386,i need psychiatrist around algiers please urgent,hello i hope re my first time posting i reaching because i truly need help difficult situation context i 24m due circumstances i experienced during my childhood teenage years i ve developed severe mental health symptoms make extremely difficult me carry daily tasks maintain job situation become quite serious requires consistent professional support i really appreciate recommendations psychiatrist algiers mean lot me thank much,i need psychiatrist around algiers please urgent hello i hope re my first time posting i reaching because i truly need help difficult situation context i 24m due circumstances i experienced during my childhood teenage years i ve developed severe mental health symptoms make extremely difficult me carry daily tasks maintain job situation become quite serious requires consistent professional support i really appreciate recommendations psychiatrist algiers mean lot me thank much,430
1s9y0c3,Thoughts on becoming a Gendarmerie officer in Algeria?,"1. I’ve always dreamed about joining the Gendarmerie as an officer, but honestly it’s really hard to find info  about it.
2.  Do officers actually have more freedom than soldiers/sergeants? Like after you finish your shift by 5pm , can you just go home to your سكن الوظيفي with your family or is it more strict than that? Do you still get some kind of normal life {حياة مدنية} outside the job? And overall, is it worth it… or just a really tough life you choose for yourself?",appliances,8,35,2026-04-01 22:27:31,Mjhool_l,2026,algeria,2026-04-11 22:25:47.206541,thoughts becoming gendarmerie officer algeria,1 i ve always dreamed about joining gendarmerie officer honestly really hard find info about 2 officers actually freedom soldiers sergeants after finish your shift 5pm can go home your your family strict still get kind normal life outside job overall worth really tough life choose yourself,thoughts becoming gendarmerie officer algeria 1 i ve always dreamed about joining gendarmerie officer honestly really hard find info about 2 officers actually freedom soldiers sergeants after finish your shift 5pm can go home your your family strict still get kind normal life outside job overall worth really tough life choose yourself,290
1s9w5gl,Selling Art in Algeria - Tips and Ideas,"(NOTE: The pics are to have an idea NOT for selling and THIS IS NOT a self promotion) 

I am an artist, i have spent years opposing the idea of selling Art… but now I want to make it my career so I can quit my JOB. At least I get to suffer doing sth I love. 

But i have no idea what painting styles/concepts do they prefer! I have been making surrealistic Dystopian paintings but these were too dark for the majority.. so any advice!!  ",appliances,44,28,2026-04-01 21:19:38,Marouaa-,2026,algeria,2026-04-11 22:25:47.206646,selling art algeria tips ideas,note pics idea selling self promotion i am artist i spent years opposing idea selling art now i want make my career i can quit my job least i get suffer sth i love i idea what painting styles concepts prefer i making surrealistic dystopian paintings dark majority advice,selling art algeria tips ideas note pics idea selling self promotion i am artist i spent years opposing idea selling art now i want make my career i can quit my job least i get suffer sth i love i idea what painting styles concepts prefer i making surrealistic dystopian paintings dark majority advice,270
1s9tfjx,is ai really a threat for cs graduates,I think we all know what ai can do now especially in the cs field and I wonder willit affect cs graduate in algeria in a negative ? and is cs the right path to follow now ?,appliances,8,37,2026-04-01 19:43:32,_nameless_18,2026,algeria,2026-04-11 22:25:47.206699,ai really threat cs graduates,i think know what ai can now especially cs field i wonder willit affect cs graduate algeria negative cs right path follow now,ai really threat cs graduates i think know what ai can now especially cs field i wonder willit affect cs graduate algeria negative cs right path follow now,125
1s9tbbo,Tourette in Algeria and work life,"I got my first job ( my job had a direct contact with client  And some of my tics are screaming this is the issue )and Sometimes I have u know small tics

But am scared when I’ll have my severe tics (everytime I go to my neurologist I get tic attack that last sometimes a week sometimes more)

I don’t know what to do in this situation",appliances,3,8,2026-04-01 19:39:39,Every-Lengthiness952,2026,algeria,2026-04-11 22:25:47.206788,tourette algeria work life,i got my first job my job direct contact client my tics screaming issue sometimes i u know small tics am scared when i ll my severe tics everytime i go my neurologist i get tic attack last sometimes week sometimes i don know what situation,tourette algeria work life i got my first job my job direct contact client my tics screaming issue sometimes i u know small tics am scared when i ll my severe tics everytime i go my neurologist i get tic attack last sometimes week sometimes i don know what situation,239
1s9nva2,The concept of not declaring employees in Algeria am I the only one who feels concerned ?,"I feel like this is very prevalent in Algeria, even in legitimate businesses. Isn't it concerning? It feels illegal and shows a lack of respect for workers' rights. Or am I not seeing the full picture? Also, doesn't it take away the worker's right to retirement? I know some hair stylists who weren't declared and they don't have a pension, so they are basically stuck working for the rest of their lives. ",appliances,4,34,2026-04-01 16:30:59,kagura_kagura,2026,algeria,2026-04-11 22:25:47.207270,concept declaring employees algeria am i one who feels concerned,i feel prevalent algeria even legitimate businesses isn concerning feels illegal shows lack respect workers rights am i seeing full picture also doesn take away worker right retirement i know hair stylists who weren declared don pension basically stuck working rest their lives,concept declaring employees algeria am i one who feels concerned i feel prevalent algeria even legitimate businesses isn concerning feels illegal shows lack respect workers rights am i seeing full picture also doesn take away worker right retirement i know hair stylists who weren declared don pension basically stuck working rest their lives,277
1s9kdlo,I wonder what Algerians think of Franz Fanon.,"I just finished reading the Wretched of the earth for the thousandth time and it's always a pleasure. It made me wonder what Algerian people think of the work of Fanon. In Morocco we had a very different colonial history but it still resonates very well with our own experience as well. 

I also saw the movie ""Fanon"" at a festival last December and did not like it at all. The movie shows the time Fanon spent in  lBlida and depicts Algerian detainees/ patients at the hospital in a very caricature-like/ crazy way with 0 depth, while Fanon himself links the so-called psychosis amongst them to colonial dynamics, and at times it was just an excuse to discipline resistance.The Director is Carribbean and still fell into this horrible trap.

I would love to know if there are Algerian movies or non-fiction works on Fanon. ",appliances,19,12,2026-04-01 14:19:59,nihalast5,2026,algeria,2026-04-11 22:25:47.207729,i wonder what algerians think franz fanon,i finished reading wretched earth thousandth time always pleasure made me wonder what algerian people think work fanon morocco different colonial history still resonates our experience i also saw movie fanon festival last december movie shows time fanon spent lblida depicts algerian detainees patients hospital caricature crazy way 0 depth while fanon himself links called psychosis amongst colonial dynamics times excuse discipline resistance director carribbean still fell into horrible trap i love know if algerian movies non fiction works fanon,i wonder what algerians think franz fanon i finished reading wretched earth thousandth time always pleasure made me wonder what algerian people think work fanon morocco different colonial history still resonates our experience i also saw movie fanon festival last december movie shows time fanon spent lblida depicts algerian detainees patients hospital caricature crazy way 0 depth while fanon himself links called psychosis amongst colonial dynamics times excuse discipline resistance director carribbean still fell into horrible trap i love know if algerian movies non fiction works fanon,549
1s9js9n,Are dentistry prices in Algeria getting out of control?,"I’ve been checking around lately for basic dental care (cleaning, fillings, even simple consultations), and the prices seem way higher than what I remember or expected. Some clinics charge drastically different rates for the same procedure, and it’s hard to tell what’s reasonable anymore. Is this normal now due to inflation, imported materials, or just lack of regulation? For those who’ve had recent dental work done in Algeria, do you feel like prices are justified or are they getting seriously inflated?",food,15,13,2026-04-01 13:57:07,salah_salah_go,2026,algeria,2026-04-11 22:25:47.207823,dentistry prices algeria getting control,i ve checking around lately basic dental care cleaning fillings even simple consultations prices seem way higher what i remember expected clinics charge drastically different rates procedure hard tell what reasonable anymore normal now due inflation imported materials lack regulation who ve recent dental work done algeria feel prices justified getting seriously inflated,dentistry prices algeria getting control i ve checking around lately basic dental care cleaning fillings even simple consultations prices seem way higher what i remember expected clinics charge drastically different rates procedure hard tell what reasonable anymore normal now due inflation imported materials lack regulation who ve recent dental work done algeria feel prices justified getting seriously inflated,372
1s9g63v,Any Good Family Hotels in Béjaïa?,"Salam, I’m looking for a nice, family-friendly hotel in Béjaïa with a good price.
",food,2,1,2026-04-01 11:00:19,Immediate_Date_3390,2026,algeria,2026-04-11 22:25:47.207983,family hotels b ja,salam i looking family friendly hotel b ja,family hotels b ja salam i looking family friendly hotel b ja,42
1s9erzb,Motorcyle Travel Through Algerian Sahara Late April - Early May,"Hello, I want to do a motorcycle trip through the desert this summer. Ideally all the way from Algiers to Tassili N'Ajjer National Park. I would be mostly camping unless I find a town with a hotel. Does anyone from there knoe if this is a especially bad Idea considering heat at that time of year? Or any other considerations I might be missing? Thank you very much.",appliances,5,2,2026-04-01 09:39:11,luudahuman,2026,algeria,2026-04-11 22:25:47.208082,motorcyle travel through algerian sahara late april early may,hello i want motorcycle trip through desert summer ideally way algiers tassili n ajjer national park i mostly camping unless i find town hotel anyone knoe if especially idea considering heat time year considerations i might missing thank much,motorcyle travel through algerian sahara late april early may hello i want motorcycle trip through desert summer ideally way algiers tassili n ajjer national park i mostly camping unless i find town hotel anyone knoe if especially idea considering heat time year considerations i might missing thank much,242
1s9cum7,Should/could I start a solar buisness in Algeria?,"I’m a Lebanese diaspora born in Canada. As far as I’m concerned I don’t see myself living here in 5-10 years. I’m a solar panel technician, I install solar panels, wiring, all that good stuff. My best friend since childhood is Algerian from Algeria , I was at his house very often and his family is my family. I love Algerians the best hospitality I’ve received has been from Algerians and I would like to give back to the country whose children helped raise me.  My question is a Canadian starting a solar company in Algeria feasible? Any and all advice is appreciated. What’s Algeria like? I would plan on hiring Algerians",appliances,15,30,2026-04-01 07:42:28,Narrow-Maize-3821,2026,algeria,2026-04-11 22:25:47.208398,i start solar buisness algeria,i lebanese diaspora born canada far i concerned i don see myself living 5 10 years i solar panel technician i install solar panels wiring stuff my best friend since childhood algerian algeria i his house often his family my family i love algerians best hospitality i ve received algerians i give back country whose children helped raise me my question canadian starting solar company algeria feasible advice appreciated what algeria i plan hiring algerians,i start solar buisness algeria i lebanese diaspora born canada far i concerned i don see myself living 5 10 years i solar panel technician i install solar panels wiring stuff my best friend since childhood algerian algeria i his house often his family my family i love algerians best hospitality i ve received algerians i give back country whose children helped raise me my question canadian starting solar company algeria feasible advice appreciated what algeria i plan hiring algerians,456
1s9bq1o,Looking for business events in Algeria,"Hello, is there any interesting business events in Algeria related to investment in general around June/July 2026?

Thank you",appliances,2,1,2026-04-01 06:36:45,justwatchthefire,2026,algeria,2026-04-11 22:25:47.208452,looking business events algeria,hello interesting business events algeria related investment general around june july 2026 thank,looking business events algeria hello interesting business events algeria related investment general around june july 2026 thank,96
1s9aqoz,Idoom fibre internet issue latency,"  
hi, So after using the default plan for the idoom fibre net (the 15mb/s option) i have noticed that the ping across video games, is painfully unstable, like 1600ms at times, i just wanted to ask, is this only to that plan? Or do the 60 and above plans fix this issue?   
also any tips on fixing the ping? Chatgpt says its a local wifi router related issue, but im pretty sure its good, since ive followed most tutorials on how to keep it stable yet it didnt work, which made me think it might be an AT issues",electronics,1,7,2026-04-01 05:44:00,Excellent_Lie_3246,2026,algeria,2026-04-11 22:25:47.208548,idoom fibre internet issue latency,hi after using default plan idoom fibre net 15mb option i noticed ping across video games painfully unstable 1600ms times i wanted ask plan 60 above plans fix issue also tips fixing ping chatgpt says its local wifi router related issue im pretty sure its since ive followed tutorials how keep stable yet didnt work which made me think might issues,idoom fibre internet issue latency hi after using default plan idoom fibre net 15mb option i noticed ping across video games painfully unstable 1600ms times i wanted ask plan 60 above plans fix issue also tips fixing ping chatgpt says its local wifi router related issue im pretty sure its since ive followed tutorials how keep stable yet didnt work which made me think might issues,347
1s99iqx,Workong online and travelling in Algeria,"Hello everyone, does any one have any experience working online and travelling around Algeria? I am Algerian born and raised in the UK and I have been working online and travelling for the past 8 years and want to do the same in Algeria but I have a few questions since I haven't visited in 15 years 

1.Are there any other websites apart from Airbnb where I can find short term (3-6 months) apartment rentals with decent internet? 

2. How good is the internet in Algeria?

I teach online so I need a good connection",appliances,2,8,2026-04-01 04:43:11,Educational-Bat-8832,2026,algeria,2026-04-11 22:25:47.208644,workong online travelling algeria,hello everyone one experience working online travelling around algeria i am algerian born raised uk i working online travelling past 8 years want algeria i questions since i haven visited 15 years 1 websites apart airbnb where i can find short term 3 6 months apartment rentals decent internet 2 how internet algeria i teach online i need connection,workong online travelling algeria hello everyone one experience working online travelling around algeria i am algerian born raised uk i working online travelling past 8 years want algeria i questions since i haven visited 15 years 1 websites apart airbnb where i can find short term 3 6 months apartment rentals decent internet 2 how internet algeria i teach online i need connection,349
1s9983x,Should i move out to setif or no.,"So im about to be in arranged marriage , i loved my whole life in alger centre by the sea and this man who came to me lives in setif ( العلمة) so i want to know how is life in setif because i never visited there and im actually scared to go there",appliances,5,7,2026-04-01 04:28:57,South_Phrase_9869,2026,algeria,2026-04-11 22:25:47.208702,i move setif,im about arranged marriage i loved my whole life alger centre sea man who came me lives setif i want know how life setif because i never visited im actually scared go,i move setif im about arranged marriage i loved my whole life alger centre sea man who came me lives setif i want know how life setif because i never visited im actually scared go,166
1s947ek,Hi everyone! I’m planning to move to Algeria from the UK and I’m looking for long-term apartments to rent (not short-term / nightly stays) in Constantine or Algiers.,"1. Which neighborhoods are affordable and safe?

2.	Trusted local agencies or landlords that deal with foreigners?

3.	Typical monthly rent prices for apartments around 1–3 bedrooms?

4. How to find reliable agencies from abroad as can’t see much from here.",food,4,12,2026-04-01 00:46:52,Wonderful_Compote327,2026,algeria,2026-04-11 22:25:47.208935,hi everyone i planning move algeria uk i looking long term apartments rent short term nightly stays constantine algiers,1 which neighborhoods affordable safe 2 trusted local agencies landlords deal foreigners 3 typical monthly rent prices apartments around 1 3 bedrooms 4 how find reliable agencies abroad can see much,hi everyone i planning move algeria uk i looking long term apartments rent short term nightly stays constantine algiers 1 which neighborhoods affordable safe 2 trusted local agencies landlords deal foreigners 3 typical monthly rent prices apartments around 1 3 bedrooms 4 how find reliable agencies abroad can see much,198
1s944cv,Etude en Algérie et bac algérien,Salam aleykoum je suis d'origine algérienne de mes deux parents je compte rentrer vivre en Algérie j'ai obtenu le bac français est ce que je dois repasser le bac algérien ou je peux m'inscrire aux études supérieure en Algérie avec le bac français ? Je peux repasser le bac dz a plus de 20 ans et m’inscrire dans un Lycee. Aidez moi svp répondez vite. ,appliances,2,8,2026-04-01 00:43:22,[deleted],2026,algeria,2026-04-11 22:25:47.244072,etude en alg rie bac alg rien,salam aleykoum je suis d origine alg rienne mes deux parents je compte rentrer vivre en alg rie j ai obtenu bac fran ais que je dois repasser bac alg rien je peux inscrire aux tudes sup rieure en alg rie bac fran ais je peux repasser bac dz plus 20 ans inscrire lycee aidez moi svp r pondez vite,etude en alg rie bac alg rien salam aleykoum je suis d origine alg rienne mes deux parents je compte rentrer vivre en alg rie j ai obtenu bac fran ais que je dois repasser bac alg rien je peux inscrire aux tudes sup rieure en alg rie bac fran ais je peux repasser bac dz plus 20 ans inscrire lycee aidez moi svp r pondez vite,295
1s93gt8,life as a farmer in algeria is it good or no...,"الحياة فالريف عامة من تجربتي الشبه مؤقتة نعتبرها من احسن اشكال المعيشة فالجزائر لعدة اسباب رح نذكرهم مي قبلها نحكيلكم كيفاه تجوز نهارك الطبيعي 

\-ننوض كل يوم على 7 تع الصباح هكاك عندي كيما فالفوطو الاولى هاذوك الخرفان نحكمهم باه يدورو فالزرع شغل مفيد ليهم باه منتعمقش فتفاصيل تافهة مور وحد الزوج سوايع هكاك نعاود نرجعهم للدار نغلق عليهم نطيب الغدا تاعي(عايش فالاغلب وحدي) نرقد فالقايلة نرتاح العشية نزيد نعاود نخرج الخرفان كيما الصباح فالليل باينة كشما ناكل ول نروح للمدينة نتقهوا

هاذي بالنسبة للفوطو الاولى 

\-الفوطو الدوزيام كيما راه يبانلكم كي يوجد الزرع فالصيف عندي شهر نروح فيه انا وصاحبي نريحو شهر مع الماشينة نلايمو الزرع فالشكاير محسوب مكاش عفسة تستحق الذكر ياسر بالاك غير الصيادة ساعات نحب نصيد

هاذا الروتين فاغلب الايام مي العفسة المليحة فهاذي بالاخص كيتكون وحدك مش معاك العيباد ياسر وكذا تريح في عقلك تبغي تقرا كش كتاب تقراه تبغي تريح مع روحك تدير سبور منعرف اي عفسة تنمي نفسك بيها بالنسبة ليا كنت نقرا وحد الوقت المانهوات تسما ساعدتني الاجواء هكا واهم عفسة مليحة الريف هي ماعندك كونيكسيون ماتخمم فالتيليفون تسما فرصة مليحة باه تتخلص من اي ادمان عندك

المشكلة الوحيدة لي واجهتني هي كي نكمل مثلا المدة تاعي تع الخدمة ونولي للدار فالمدينة نولي نقلق والاصوات والضوء ونولي منبغيش نسمع حتى صوت الهدرة تع العيباد

(انا نعتبره حلم من احلامي اني نروح لسويسرا ول النرويج الاماكن لي تعتبر فيها الطبيعة من الاماكن المقدسة مي كي محققتهاش عندي الريف يعوضني)

فيها ساعات مغامرات شابين مين تكون فالليل تدور قادر تتصادف مع ضبع ول ذيب ول اي عفسة ",appliances,136,32,2026-04-01 00:16:42,napzolog,2026,algeria,2026-04-11 22:25:47.244405,life farmer algeria,7,life farmer algeria 7,1
1s91hwg,"I want to learn tamazight, what can i do","I live abroad but want to move to Algeria when im older and I want to learn tamazight to fit in even better and because i love berber culture, im from the west but want to eventually visit the whole of Algeria so im thinking about learning kabyle tamazight, i started learning the alphabet because i want to be able to read but then idk how i can learn more. Also i dont plan on knowing everything but just casual conversations and be able to read and write",appliances,6,7,2026-03-31 22:57:26,Then-Confidence778,2026,algeria,2026-04-11 22:25:47.244632,i want learn tamazight what can i,i live abroad want move algeria when im older i want learn tamazight fit even better because i love berber culture im west want eventually visit whole algeria im thinking about learning kabyle tamazight i started learning alphabet because i want able read idk how i can learn also i dont plan knowing everything casual conversations able read write,i want learn tamazight what can i i live abroad want move algeria when im older i want learn tamazight fit even better because i love berber culture im west want eventually visit whole algeria im thinking about learning kabyle tamazight i started learning alphabet because i want able read idk how i can learn also i dont plan knowing everything casual conversations able read write,348
1s8xhoz,Not that it matters just curious but in Algeria from the mid 70s to late 90s maybe even early 2000s were Fleetwood Mac/stevie nicks legendary (in terms of fame)?,I mean they/their music have been in shows/movies big on every continent and I believe they had viewership contributions to shows or movies big on every continent.,appliances,1,1,2026-03-31 20:30:41,ZealousidealArm160,2026,algeria,2026-04-11 22:25:47.244795,matters curious algeria mid 70s late 90s maybe even early 2000s fleetwood mac stevie nicks legendary terms fame,i mean their music shows movies big every continent i believe viewership contributions shows movies big every continent,matters curious algeria mid 70s late 90s maybe even early 2000s fleetwood mac stevie nicks legendary terms fame i mean their music shows movies big every continent i believe viewership contributions shows movies big every continent,119
1s8wrfl,the current state of algerian cinema,"Is it just me, or is Algerian cinema (if you can even call it that now) basically just Ramadan series using talentless influencers and nepo babies as actors?

Everything feels bland and basic — from the directing to camera work, sound design, atmosphere, costumes, even the soundtracks. All the shows look the same, like one person made every single Algerian work. No one has a unique style or creative touch anymore.

And the plots? It’s always one of two things 

A comedy that tries way too hard to be funny because the story itself is weak, so it throws in a lame joke every two seconds 

Or a drama with the same recycled plot: poor guy falls in love with a rich girl, or some equally basic storyline, with predictable twists like “everyone is secretly adopted” or “the villain is actually the protagonist’s long-lost brother”

It all feels heavily inspired by Turkish dramas, but without what actually makes those shows work.

I can’t remember the last time I watched a real GOOD Algerian movie. Now it’s just bland series that bring nothing new or artistic — just “Ramadan slop content” with no soul.

And the indie scene is even worse… it basically feels like it doesn’t exist.

What do you guys think?",appliances,5,16,2026-03-31 20:05:01,Ancient_Hearing_9501,2026,algeria,2026-04-11 22:25:47.245050,current state algerian cinema,me algerian cinema if can even call now basically ramadan series using talentless influencers nepo babies actors everything feels bland basic directing camera work sound design atmosphere costumes even soundtracks shows look one person made every single algerian work one unique style creative touch anymore plots always one two things comedy tries way hard funny because story itself weak throws lame joke every two seconds drama recycled plot poor guy falls love rich girl equally basic storyline predictable twists everyone secretly adopted villain actually protagonist long lost brother feels heavily inspired turkish dramas what actually makes shows work i can remember last time i watched real algerian movie now bland series bring nothing new artistic ramadan slop content soul indie scene even worse basically feels doesn exist what guys think,current state algerian cinema me algerian cinema if can even call now basically ramadan series using talentless influencers nepo babies actors everything feels bland basic directing camera work sound design atmosphere costumes even soundtracks shows look one person made every single algerian work one unique style creative touch anymore plots always one two things comedy tries way hard funny because story itself weak throws lame joke every two seconds drama recycled plot poor guy falls love rich girl equally basic storyline predictable twists everyone secretly adopted villain actually protagonist long lost brother feels heavily inspired turkish dramas what actually makes shows work i can remember last time i watched real algerian movie now bland series bring nothing new artistic ramadan slop content soul indie scene even worse basically feels doesn exist what guys think,851
1s8w6g9,Who said Algeria punishes performance ?,"Sometimes we say Algeriam customs  punish performance , for high performance, but not affordable performance, these two   e32 328i and 325i are somehow a statement of it , aftermarket rims , buckets seats , rollcage , they are even ready , but Algeria doesn't have tracks , so gotta take the nationals and be aware of popos",appliances,19,6,2026-03-31 19:44:26,Federal_Air9969,2026,algeria,2026-04-11 22:25:47.245123,who said algeria punishes performance,sometimes say algeriam customs punish performance high performance affordable performance two e32 328i 325i somehow statement aftermarket rims buckets seats rollcage even ready algeria doesn tracks gotta take nationals aware popos,who said algeria punishes performance sometimes say algeriam customs punish performance high performance affordable performance two e32 328i 325i somehow statement aftermarket rims buckets seats rollcage even ready algeria doesn tracks gotta take nationals aware popos,230
1s8ty80,Algerians! what is your current read?,"&amp;#x200B;

i deleted social media and let myself get bored and now im finishing the books i left. currently reading this and it's a good one, do you have any other suggestions for me i want something fun that get me hooked until i finish and educative. Thank you all.",appliances,27,40,2026-03-31 18:26:08,softspoken_storm23,2026,algeria,2026-04-11 22:25:47.245186,algerians what your current read,amp i deleted social media let myself get bored now im finishing books i left currently reading one suggestions me i want something fun get me hooked until i finish educative thank,algerians what your current read amp i deleted social media let myself get bored now im finishing books i left currently reading one suggestions me i want something fun get me hooked until i finish educative thank,180
1s8omvw,"Car owners, how much does your car cost to maintain?","I'm currently trying to educate myself more about the cost of owning and maintaining a car in algeria, and i'm sure info here would be much more reliable than facebook where someone who doesn't even have a bike would talk about how much it costs to maintain a bmw,

so, if you own a car, let us know the model, the year, and how much it costs you to maintain it monthly or yearly",appliances,8,25,2026-03-31 15:15:02,Samiedits,2026,algeria,2026-04-11 22:25:47.245268,owners how much your cost maintain,i currently trying educate myself about cost owning maintaining algeria i sure info much reliable facebook where someone who doesn even bike talk about how much costs maintain bmw if let us know model year how much costs maintain monthly yearly,owners how much your cost maintain i currently trying educate myself about cost owning maintaining algeria i sure info much reliable facebook where someone who doesn even bike talk about how much costs maintain bmw if let us know model year how much costs maintain monthly yearly,244
1s8mlo2,"Advice for moving out to Algiers solo (apartment, rent..etc)","Hey everyone, 23M here, I've been wanting to move out of my parents house for too long and only recently felt financially capable of doing so, I do have my own car and I work from home, I know nothing about algiers, but I've been told that it's the best place to live as a solo digital nomad. I don't wanna spend a fortune on rent, 6M/mo is max I can spend on rent alone.  
I want a place that is a bit vibrant I hate isolated places, I don't need much except a good gym and good people.  
How do prices look like? how much should I expect to spend on bills/food? 

Is it better to move alone or with a friend? ",food,8,19,2026-03-31 13:54:20,Ok-Hurry5329,2026,algeria,2026-04-11 22:25:47.245318,advice moving algiers solo apartment rent etc,hey everyone 23m i ve wanting move my parents house long recently felt financially capable i my i work home i know nothing about algiers i ve told best place live solo digital nomad i don wanna spend fortune rent 6m mo max i can spend rent alone i want place bit vibrant i hate isolated places i don need much except gym people how prices look how much i expect spend bills food better move alone friend,advice moving algiers solo apartment rent etc hey everyone 23m i ve wanting move my parents house long recently felt financially capable i my i work home i know nothing about algiers i ve told best place live solo digital nomad i don wanna spend fortune rent 6m mo max i can spend rent alone i want place bit vibrant i hate isolated places i don need much except gym people how prices look how much i expect spend bills food better move alone friend,403
1s8m0xq,Importing vehicle from USA to algeria,"those who imported a car to algeria, was it worth it? how much did custom and fees come to be?

where can I find more information?

I am aware of those who claim they can help and end up scamming people. ",appliances,2,4,2026-03-31 13:28:54,ZestycloseAd3266,2026,algeria,2026-04-11 22:25:47.245373,importing vehicle usa algeria,who imported algeria worth how much custom fees come where can i find information i am aware who claim can help end scamming people,importing vehicle usa algeria who imported algeria worth how much custom fees come where can i find information i am aware who claim can help end scamming people,131
1s8lyfu,imported food products in Algiers,"Where can I find imported food products in Algiers, especially soft drinks? ",appliances,1,0,2026-03-31 13:25:44,Slow_Acadia_8084,2026,algeria,2026-04-11 22:25:47.245411,imported food products algiers,where can i find imported food products algiers especially soft drinks,imported food products algiers where can i find imported food products algiers especially soft drinks,70
1s8kmlo,people who graduated uni i need your help,ani ndir fl memoir ta3i w theme ta3i houwa le role des banques algériennes dans le financement des start ups if you did a similar subject wla anything related could you please share with me where you get your info and stuff cause idk what to do ngl i need to submit in mai and i haven't even started 😔,appliances,3,7,2026-03-31 12:21:37,ArachnidSensitive551,2026,algeria,2026-04-11 22:25:47.245526,people who graduated uni i need your help,ani ndir fl memoir ta3i w theme ta3i houwa role banques alg riennes financement start ups if similar subject wla anything related please share me where get your info stuff cause idk what ngl i need submit mai i haven even started,people who graduated uni i need your help ani ndir fl memoir ta3i w theme ta3i houwa role banques alg riennes financement start ups if similar subject wla anything related please share me where get your info stuff cause idk what ngl i need submit mai i haven even started,229
1s8keub,confused about how i should pay my fine,"I recently got a parking ticket in alger centre, the police officer didn't bother explaining anything to me and just told me to retrieve my license once i'd paid the fine

for anyone that has been through this before, where exactly do i pay the fine? the ticket itself doesn't mention anything about payment methods, do i need to go to la poste or something?

thanks for the help",appliances,8,3,2026-03-31 12:10:02,Sad-Time6062,2026,algeria,2026-04-11 22:25:47.245633,confused about how i pay my fine,i recently got parking ticket alger centre police officer didn bother explaining anything me told me retrieve my license i d paid fine anyone through before where exactly i pay fine ticket itself doesn mention anything about payment methods i need go poste something thanks help,confused about how i pay my fine i recently got parking ticket alger centre police officer didn bother explaining anything me told me retrieve my license i d paid fine anyone through before where exactly i pay fine ticket itself doesn mention anything about payment methods i need go poste something thanks help,278
1s8jrl9,"""the threat from terrorism is higher in some parts of the country"" Kayen mnha?","* Kount nchouf la météo w 9rit ""ppl also ask"": is it safe to go to Algeria now?"" Le problem mchi f la question, mais la réponse.",appliances,0,7,2026-03-31 11:35:44,Soggy-Winter-4638,2026,algeria,2026-04-11 22:25:47.246065,threat terrorism higher parts country kayen mnha,kount nchouf o w 9rit ppl also ask safe go algeria now problem mchi f question r ponse,threat terrorism higher parts country kayen mnha kount nchouf o w 9rit ppl also ask safe go algeria now problem mchi f question r ponse,86
1s8iyf1,Need help to find something here in algeria,"Guys can someone tell me where i can find coca cola mexico 

Basically it a coke made with cane sugar its so delicious and healthy i found it on ubuy but its literally so expensive (because of the shipping)",appliances,1,1,2026-03-31 10:50:13,Slow_Acadia_8084,2026,algeria,2026-04-11 22:25:47.246189,need help find something algeria,guys can someone tell me where i can find coca cola mexico basically coke made cane sugar its delicious healthy i found ubuy its literally expensive because shipping,need help find something algeria guys can someone tell me where i can find coca cola mexico basically coke made cane sugar its delicious healthy i found ubuy its literally expensive because shipping,165
1s8ge45,Proposed linguistic model for Algeria,"I'm aware I'm speaking in terms of ideals here but I've been thinking and this seems to be the best possible model to begin building a truly Algerian identity for the 21st century.

The most important point would be the official standardisation of Darja in as universal of a form as possible (though regionalist opposition/frustration would be unavoidable and justified) in both Arabic and Latin orthography and naming it simply ""Algerian."" This would then be elevated to the status of a full national language and heavily deployed across all media and sectors of society alongside an expansion of Tamazight media and communication to the same level. 

The next would be a clear line that asserts that Algeria has two sets of native languages, the varieties of Darja/Algerian which are to Arabic what the Romance languages are to Latin, and equally the Tamazight/Berber languages which are the oldest LIVING languages of Algeria and the basis upon which Algerian civilisation was first configured (Numidia positioned as the first Algeria). 

Darja should be respected as its own set of internally consistent varieties with as much validity as any other language.

Fusha Arabic would remain upheld as the high classical language of Islamic civilisation in the way Latin was in pre-modern Europe.  French should be acknowledged for its practical value and the undeniable reality of its nativisation in Algeria (« Le français est notre butin de guerre »). This isn't a submission to France or la Francophonie but an appropriation of the French language to Algerian ends. 

This would provide a linguistic basis for a truly universal Algerian identity that doesn't rely on the outside for its affirmation (especially since the political failure of pan-arabism) and would act as a bulwark against the hostile soft power of the Gulf. 

If implemented across education, the media, and so on you could have a population that is truly consistently at the very least trilingual and fully comfortable in their national identity as Algerians.


Just an idea, open to as much pushback as possible. Obviously this would be insanely difficult to implement but think of it more as an ideal model to make work as best as realistically possible.",appliances,0,8,2026-03-31 08:12:10,thisismypostingacc,2026,algeria,2026-04-11 22:25:47.246923,proposed linguistic model algeria,i aware i speaking terms ideals i ve thinking seems best possible model begin building truly algerian identity 21st century important point official standardisation darja universal form possible though regionalist opposition frustration unavoidable justified arabic latin orthography naming simply algerian elevated status full national language heavily deployed across media sectors society alongside expansion tamazight media communication level next clear line asserts algeria two sets native languages varieties darja algerian which arabic what romance languages latin equally tamazight berber languages which oldest living languages algeria basis upon which algerian civilisation first configured numidia positioned first algeria darja respected its set internally consistent varieties much validity language fusha arabic remain upheld high classical language islamic civilisation way latin pre modern europe french acknowledged its practical value undeniable reality its nativisation algeria fran ais notre butin guerre isn submission france francophonie appropriation french language algerian ends provide linguistic basis truly universal algerian identity doesn rely outside its affirmation especially since political failure pan arabism act bulwark against hostile soft power gulf if implemented across education media population truly consistently least trilingual fully comfortable their national identity algerians idea open much pushback possible obviously insanely difficult implement think ideal model make work best realistically possible,proposed linguistic model algeria i aware i speaking terms ideals i ve thinking seems best possible model begin building truly algerian identity 21st century important point official standardisation darja universal form possible though regionalist opposition frustration unavoidable justified arabic latin orthography naming simply algerian elevated status full national language heavily deployed across media sectors society alongside expansion tamazight media communication level next clear line asserts algeria two sets native languages varieties darja algerian which arabic what romance languages latin equally tamazight berber languages which oldest living languages algeria basis upon which algerian civilisation first configured numidia positioned first algeria darja respected its set internally consistent varieties much validity language fusha arabic remain upheld high classical language islamic civilisation way latin pre modern europe french acknowledged its practical value undeniable reality its nativisation algeria fran ais notre butin guerre isn submission france francophonie appropriation french language algerian ends provide linguistic basis truly universal algerian identity doesn rely outside its affirmation especially since political failure pan arabism act bulwark against hostile soft power gulf if implemented across education media population truly consistently least trilingual fully comfortable their national identity algerians idea open much pushback possible obviously insanely difficult implement think ideal model make work best realistically possible,1554
1s8fvw3,I used to speak Kabyle as a kid and a bit of Arabic but now I can’t even understand anything,"I moved to Germany when I was 8-9 years old that was about almost 10 years ago I’m 17

I always spoke more French than Arabic as I used to watch YouTube in French and French cartoons etc so I mostly spoke French to everyone in my family except my grandma who only spoke Kabyle not even Arabic

I’m not gonna claim I was some scholar of Kabyle and Arab but like I could at least speak about like very basic things like my day and food etc

Does anyone have experience with people like this I think I want to learn Kabyle and Arabic but how does one even like start Arabic is one thing but like for Kabyle am I just supposed to ask my mom to teach me

Kinda feels weird as if I stopped being Algerian even though my best memories are there namely the ones with family etc

TLDR my French is too good and my Arabic and Kabyle are at the level of a first grader

Thanks for reading btw",appliances,15,16,2026-03-31 07:41:28,Leather-Strength-294,2026,algeria,2026-04-11 22:25:47.247233,i used speak kabyle kid bit arabic now i can even understand anything,i moved germany when i 8 9 years old about almost 10 years ago i 17 i always spoke french arabic i used watch youtube french french cartoons etc i mostly spoke french everyone my family except my grandma who spoke kabyle even arabic i gonna claim i scholar kabyle arab i least speak about basic things my day food etc anyone experience people i think i want learn kabyle arabic how one even start arabic one thing kabyle am i supposed ask my mom teach me kinda feels weird if i stopped algerian even though my best memories namely ones family etc tldr my french my arabic kabyle level first grader thanks reading btw,i used speak kabyle kid bit arabic now i can even understand anything i moved germany when i 8 9 years old about almost 10 years ago i 17 i always spoke french arabic i used watch youtube french french cartoons etc i mostly spoke french everyone my family except my grandma who spoke kabyle even arabic i gonna claim i scholar kabyle arab i least speak about basic things my day food etc anyone experience people i think i want learn kabyle arabic how one even start arabic one thing kabyle am i supposed ask my mom teach me kinda feels weird if i stopped algerian even though my best memories namely ones family etc tldr my french my arabic kabyle level first grader thanks reading btw,616
1s8eukx,I am Representing Algeria in a Model United Nations Conference (UNSC),"I’m representing Algeria in an MUN.

What are Algeria’s main foreign policy priorities / strong opinions?

Like:

* who are Algeria’s allies and rivals?
* what conflicts does Algeria care about the most?
* Algeria’s stance on terrorism / intervention / Palestine / Western Sahara?

Anything important I should mention in speeches would help 🙏",appliances,14,36,2026-03-31 06:41:12,ProgrammingSimplfied,2026,algeria,2026-04-11 22:25:47.247413,i am representing algeria model united nations conference unsc,i representing algeria mun what algeria main foreign policy priorities strong opinions who algeria allies rivals what conflicts algeria care about algeria stance terrorism intervention palestine western sahara anything important i mention speeches help,i am representing algeria model united nations conference unsc i representing algeria mun what algeria main foreign policy priorities strong opinions who algeria allies rivals what conflicts algeria care about algeria stance terrorism intervention palestine western sahara anything important i mention speeches help,252
1s88of9,How come nobody herés about reddit in algeria,"How come most of algeria don’t even hear about reddit and we see a huge community in here where the hell do you live guys.

It’s like nobody exists from you in the outside world although it’s one of the best communities in algeria.",appliances,23,53,2026-03-31 01:44:25,_Med_br_,2026,algeria,2026-04-11 22:25:47.247791,how come nobody about reddit algeria,how come algeria don even hear about reddit see huge community where hell live guys nobody exists outside world although one best communities algeria,how come nobody about reddit algeria how come algeria don even hear about reddit see huge community where hell live guys nobody exists outside world although one best communities algeria,149
1s868d3,Best Store for best comfy baggy grey jogger,"guys can i ask you what's the best place (near algeris) or even an online store that sells this kind of baggy jogger with good price, thank you",food,0,14,2026-03-30 23:59:15,Tough-Grape-687,2026,algeria,2026-04-11 22:25:47.247929,best store best comfy baggy grey jogger,guys can i ask what best place near algeris even online store sells kind baggy jogger thank,best store best comfy baggy grey jogger guys can i ask what best place near algeris even online store sells kind baggy jogger thank,91
1s85q2m,Solo travel in Algeria - lots of questions,"I'm planning a trip to Algeria mid-may on my own to enjoy the weather and explore some of your country (Belgian male, no relation to Algeria). I have some experience travelling (mostly work-related) in the Middle East (Lebanon, Jordan, Iran, Palestine) but haven't been to North Africa with the exception of Morocco. I'm a professor of contemporary Middle East history but I've recently started reading also on Algeria (which I only had a very superficial knowledge of). My spoken Arabic is horrible (although I'll be able to read street signs for example), but I speak French.

It's not easy to find good info on travelling in Algeria, so I'm wondering if my plan seems good to you. I have +-10 days.

  
I'm flying in and out of Alger and would spend 2-3 days there exploring the city and chilling in some coffeeshops and such. Then I'd want to rent a car and drive East towards Tizi Ouzou, Bejaia, and maybe even as far as Constantine. Along the way I plan to do some hiking in Djurdjura and Gouraya, plus visit Djemila.

  
1. Is it feasible for a foreigner to drive along these regions in a rental car? I'm used to driving in the countries listed above. What about night driving?

2. I like to drive on secondary roads rather than highway if I think the scenery looks cool. Is it safe to take random roads in rural areas e.g. around Tizi Ouzou? Are smaller towns ok for me to go?

3. Any recommendations for car rental companies?

4. Do you have any recommendations for good hiking in these areas ? Or other areas I should prioritize?

5. I'm interested to visit places that have to do with the Algerian revolution (like the martyr's memorial). I initially planned to visit Frantz Fanon's grave in Ain Kerma but it's a bit too far for a short trip. Any other recommendations that are closer?

6. Any other recommendations or advice obviously welcome!!

Please excuse me for the many questions, but I'm excited to go and staying up way too late researching all this so though I might as well ask here!



",food,5,7,2026-03-30 23:38:20,Superb_Cut7283,2026,algeria,2026-04-11 22:25:47.248134,solo travel algeria lots questions,i planning trip algeria mid may my enjoy weather explore your country belgian male relation algeria i experience travelling mostly work related middle east lebanon jordan iran palestine haven north africa exception morocco i professor contemporary middle east history i ve recently started reading also algeria which i superficial knowledge my spoken arabic horrible although i ll able read street signs example i speak french easy find info travelling algeria i wondering if my plan seems i 10 days i flying alger spend 2 3 days exploring city chilling coffeeshops i d want rent drive east towards tizi ouzou bejaia maybe even far constantine along way i plan hiking djurdjura gouraya plus visit djemila 1 feasible foreigner drive along regions rental i used driving countries listed above what about night driving 2 i drive secondary roads rather highway if i think scenery looks cool safe take random roads rural areas e g around tizi ouzou smaller towns ok me go 3 recommendations rental companies 4 recommendations hiking areas areas i prioritize 5 i interested visit places algerian revolution martyr memorial i initially planned visit frantz fanon grave ain kerma bit far short trip recommendations closer 6 recommendations advice obviously welcome please excuse me many questions i excited go staying way late researching though i might ask,solo travel algeria lots questions i planning trip algeria mid may my enjoy weather explore your country belgian male relation algeria i experience travelling mostly work related middle east lebanon jordan iran palestine haven north africa exception morocco i professor contemporary middle east history i ve recently started reading also algeria which i superficial knowledge my spoken arabic horrible although i ll able read street signs example i speak french easy find info travelling algeria i wondering if my plan seems i 10 days i flying alger spend 2 3 days exploring city chilling coffeeshops i d want rent drive east towards tizi ouzou bejaia maybe even far constantine along way i plan hiking djurdjura gouraya plus visit djemila 1 feasible foreigner drive along regions rental i used driving countries listed above what about night driving 2 i drive secondary roads rather highway if i think scenery looks cool safe take random roads rural areas e g around tizi ouzou smaller towns ok me go 3 recommendations rental companies 4 recommendations hiking areas areas i prioritize 5 i interested visit places algerian revolution martyr memorial i initially planned visit frantz fanon grave ain kerma bit far short trip recommendations closer 6 recommendations advice obviously welcome please excuse me many questions i excited go staying way late researching though i might ask,1348
1s84f28,For Algerians How did you find your first job after graduation? 400 resumes submitted still no response,"Hello everyone, I hope you're doing well.

I graduated last year with a Master’s degree in Electromechanics. I know I don’t have a lot of internships (only two), but I started university in 2020 during the COVID pandemic, which made it very difficult to secure opportunities in the first couple of years.

I graduated as valedictorian and received several awards during my academic journey:

- Business Incubator Participation Certificate (Oct 2025) – for presenting a prototype at the university incubator exhibition
- Economic Enterprise Project Certificate (Oct 2025) – for preparing and defending a university enterprise project
- Shield of Excellence (Oct 2025) – awarded for outstanding academic and project achievements
- Honorary Certificate – Master’s Program (July 2025) – valedictorian of my class
- University Excellence Award (July 2023) – ranked first in my Bachelor’s cohort

Some of my key projects include:

- Stepper Motor Automation Retrofit System (Nov 2025): Designed a custom electromechanical system to automate a manual machine using a stepper motor, with an HMI (keypad + LCD)
- Final Year Project: PV-powered automatic drip irrigation system (19.75/20): Arduino-based system with sensors, HMI, and mobile app, plus a 3D-printed water tank
- 3-stage Gearbox Design (2024): Full mechanical design, gear ratio calculations, efficiency analysis, and 3D simulation in SolidWorks

Recently, I also started working as an assistant lecturer at my university, mentoring bachelor students on their graduation projects.

Despite all this, I’ve sent nearly 400 applications over the past months and haven’t received any responses.

I’d really appreciate any advice, feedback, or guidance on what I might be doing wrong or what I could improve.

Thank you.",appliances,11,16,2026-03-30 22:46:09,ibrahimfaci,2026,algeria,2026-04-11 22:25:47.248784,algerians how find your first job after graduation 400 resumes submitted still response,hello everyone i hope re i graduated last year master degree electromechanics i know i don lot internships two i started university 2020 during covid pandemic which made difficult secure opportunities first couple years i graduated valedictorian received several awards during my academic journey business incubator participation certificate oct 2025 presenting prototype university incubator exhibition economic enterprise project certificate oct 2025 preparing defending university enterprise project shield excellence oct 2025 awarded outstanding academic project achievements honorary certificate master program july 2025 valedictorian my class university excellence award july 2023 ranked first my bachelor cohort my key projects include stepper motor automation retrofit system nov 2025 designed custom electromechanical system automate manual machine using stepper motor hmi keypad lcd final year project pv powered automatic drip irrigation system 19 75 20 arduino based system sensors hmi mobile app plus 3d printed water tank 3 stage gearbox design 2024 full mechanical design gear ratio calculations efficiency analysis 3d simulation solidworks recently i also started working assistant lecturer my university mentoring bachelor students their graduation projects despite i ve sent nearly 400 applications past months haven received responses i d really appreciate advice feedback guidance what i might wrong what i improve thank,algerians how find your first job after graduation 400 resumes submitted still response hello everyone i hope re i graduated last year master degree electromechanics i know i don lot internships two i started university 2020 during covid pandemic which made difficult secure opportunities first couple years i graduated valedictorian received several awards during my academic journey business incubator participation certificate oct 2025 presenting prototype university incubator exhibition economic enterprise project certificate oct 2025 preparing defending university enterprise project shield excellence oct 2025 awarded outstanding academic project achievements honorary certificate master program july 2025 valedictorian my class university excellence award july 2023 ranked first my bachelor cohort my key projects include stepper motor automation retrofit system nov 2025 designed custom electromechanical system automate manual machine using stepper motor hmi keypad lcd final year project pv powered automatic drip irrigation system 19 75 20 arduino based system sensors hmi mobile app plus 3d printed water tank 3 stage gearbox design 2024 full mechanical design gear ratio calculations efficiency analysis 3d simulation solidworks recently i also started working assistant lecturer my university mentoring bachelor students their graduation projects despite i ve sent nearly 400 applications past months haven received responses i d really appreciate advice feedback guidance what i might wrong what i improve thank,1440
1s82dib,Cute cat I photographed in the capital of Algeria,"Im trying to get some karma points and I thought a good way was to post cute cat pictures? Atleast that’s what was recommended to me. Anyways found this adorable cat on the front steps of a mosque in Algiers, it was so tiny I barely even noticed it!! ",appliances,38,4,2026-03-30 21:30:22,Shdyxx,2026,algeria,2026-04-11 22:25:47.248858,cute cat i photographed capital algeria,im trying get karma points i thought way post cute cat pictures atleast what recommended me anyways found adorable cat front steps mosque algiers tiny i barely even noticed,cute cat i photographed capital algeria im trying get karma points i thought way post cute cat pictures atleast what recommended me anyways found adorable cat front steps mosque algiers tiny i barely even noticed,172
1s81m23,Looking for Motivated People from algeria to Learn German Together,"Hey everyone,

I’m from Algiers (Algeria) 🇩🇿 and I’m currently learning German. I’m looking for people who are also planning to do an Ausbildung, a Dual Studium, or a volunteer experience in Germany 🇩🇪.

I’m looking for a small group to practice with. We can either meet in real life (if you’re in Algiers) or practice online — both are fine. I’m looking for motivated and serious people who want to work hard for a better future.

We can chat, practice speaking, and help each other improve. All levels are welcome, just bring motivation 🙂

If you’re interested, let me know! And feel free to share any ideas or suggestions for how we can organize the group.",appliances,4,24,2026-03-30 21:03:00,Sea-Champion-4573,2026,algeria,2026-04-11 22:25:47.249041,looking motivated people algeria learn german together,hey everyone i algiers algeria i currently learning german i looking people who also planning ausbildung dual studium volunteer experience germany i looking small group practice can either meet real life if re algiers practice online fine i looking motivated serious people who want work hard better future can chat practice speaking help improve levels welcome bring motivation if re interested let me know feel free share ideas suggestions how can organize group,looking motivated people algeria learn german together hey everyone i algiers algeria i currently learning german i looking people who also planning ausbildung dual studium volunteer experience germany i looking small group practice can either meet real life if re algiers practice online fine i looking motivated serious people who want work hard better future can chat practice speaking help improve levels welcome bring motivation if re interested let me know feel free share ideas suggestions how can organize group,464
1s80qhs,About Algeria apps and applications,"Hello, I’d like to know which Algerian apps and websites are the most popular and widely used ,  What would you recommend?",appliances,31,77,2026-03-30 20:31:29,Odd_Childhood_2213,2026,algeria,2026-04-11 22:25:47.276743,about algeria apps applications,hello i d know which algerian apps websites popular widely used what recommend,about algeria apps applications hello i d know which algerian apps websites popular widely used what recommend,78
1s7ztt9,Gaiden the film producer got hijacked.,"The algerian film producer the gaiden got hijacked probably through unsafe links, and malicious videos are posted on his channel.",appliances,1,12,2026-03-30 19:59:42,Similar-Ad451,2026,algeria,2026-04-11 22:25:47.276950,gaiden film producer got hijacked,algerian film producer gaiden got hijacked probably through unsafe links malicious videos posted his channel,gaiden film producer got hijacked algerian film producer gaiden got hijacked probably through unsafe links malicious videos posted his channel,108
1s7wrka,Is Algeria Secular? A Brief Intro.,"Someone, under a post related to the black decade, unabashedly mentioned how Algeria is currently 'Secular,' because it does not 'jail non-Muslims' for the very fact of existing. I was frankly shocked, even though every now and then, people tend to mistake secularism for prejudice against all religion, I never thought they'd beoaden their definition to 'a country that tolerates different religions to simply exist without risking jail-time.'

To reduce all of Secularism to a single type is not only ill-informed, but disingenuous. Surely, there's a difference to be made between the (in-principle) American Secularism and its French model, between the Soviet one and the Japanese/Korean one. Certainly then, there's a difference between the one we ""have"" in Algeria and the one they have in Tunisia.

So I thought I'd do us all a favour (but particularly that one person) and debunk this nonsense for once and for all.

First, I need not mention a) the very obvious cultural conditioning that invites a fair majority of Muslims to shun non-Muslims (religious or irreligious) from their social cricles (this does not necessarily stem from bigotry, but due to fear/discomfort/judgement), b) the exclusive governmently-authorised celebration of Islamic holidays alone, and c) the fact that proselytizing about a different religion other than Islam is legally considered a form of breach on 'the spiritual unison of its people.' Algeria, being a Muslim-majority country, has an ecosystem that is tailored to fit the rights, obligations, and preferences of a Muslim majority before the non-Muslim minorities. 

With that being said, here are a few other things.

1. Our law states that 'discrimination based on religion is prohibited,' and guarantees state protection for non-Muslims and for the ""toleration and respect of different religions."" However, it does not prescribe penalties for religious discrimination, and does not take them seriously unless Muslims were the victims.

2. The constitution prohibits non-Muslims from running for the presidency. Non-Muslims may hold other public offices and work within the government, so long as they do not 'publicly discuss' religion. Muslims, on the other hand, can.

3. The government does not register religious affiliations of the citizenry and does not print religious affiliations on documents such as national identification cards, however, ""شعب الجزائر مسلم"" is frequently heard whenever identity is discursively brought up.

4. The family code prohibits Muslim women from marrying non-Muslim men unless the man converts to Islam. The code does not prohibit Muslim men from marrying non-Muslim women.

5. By law, individuals who have converted from Islam to another religion are ineligible to receive an inheritance via succession.

Sure, there may be degrees to applying ""the principle of separating state affairs from religious institutions, ensuring government neutrality in matters of belief and promoting a public sphere free from religious dogma, and guarantee[ing] freedom of religion and equality for all citizens, regardless of their faith or lack thereof,"" but to think of Algeria as both an in-principle and a de-facto Secular country is so out of touch with reality, that it genuinely always confuses me. Do these people not know what Secularism is, and what it looks like in countries other than France and the DPRK to name a few 'bad Secularisms'?

PS: you can check each of the laws (constitutional or not) by yourself. And do correct me if I'm wrong. Just please do your research first.",appliances,0,11,2026-03-30 18:12:54,Recent-Bandicoot-977,2026,algeria,2026-04-11 22:25:47.277674,algeria secular brief intro,someone post related black decade unabashedly mentioned how algeria currently secular because jail non muslims fact existing i frankly shocked even though every now people tend mistake secularism prejudice against religion i never thought d beoaden their definition country tolerates different religions simply exist risking jail time reduce secularism single type ill informed disingenuous surely difference made between principle american secularism its french model between soviet one japanese korean one certainly difference between one algeria one tunisia i thought i d us favour particularly one person debunk nonsense first i need mention obvious cultural conditioning invites fair majority muslims shun non muslims religious irreligious their social cricles necessarily stem bigotry due fear discomfort judgement b exclusive governmently authorised celebration islamic holidays alone c fact proselytizing about different religion islam legally considered form breach spiritual unison its people algeria muslim majority country ecosystem tailored fit rights obligations preferences muslim majority before non muslim minorities said things 1 our law states discrimination based religion prohibited guarantees state protection non muslims toleration respect different religions however prescribe penalties religious discrimination take seriously unless muslims victims 2 constitution prohibits non muslims running presidency non muslims may hold public offices work within government long publicly discuss religion muslims hand can 3 government register religious affiliations citizenry print religious affiliations documents national identification cards however frequently heard whenever identity discursively brought 4 family code prohibits muslim women marrying non muslim men unless man converts islam code prohibit muslim men marrying non muslim women 5 law individuals who converted islam another religion ineligible receive inheritance via succession sure may degrees applying principle separating state affairs religious institutions ensuring government neutrality matters belief promoting public sphere free religious dogma guarantee ing freedom religion equality citizens regardless their faith lack thereof think algeria principle facto secular country touch reality genuinely always confuses me people know what secularism what looks countries france dprk name secularisms ps can check laws constitutional yourself correct me if i wrong please your research first,algeria secular brief intro someone post related black decade unabashedly mentioned how algeria currently secular because jail non muslims fact existing i frankly shocked even though every now people tend mistake secularism prejudice against religion i never thought d beoaden their definition country tolerates different religions simply exist risking jail time reduce secularism single type ill informed disingenuous surely difference made between principle american secularism its french model between soviet one japanese korean one certainly difference between one algeria one tunisia i thought i d us favour particularly one person debunk nonsense first i need mention obvious cultural conditioning invites fair majority muslims shun non muslims religious irreligious their social cricles necessarily stem bigotry due fear discomfort judgement b exclusive governmently authorised celebration islamic holidays alone c fact proselytizing about different religion islam legally considered form breach spiritual unison its people algeria muslim majority country ecosystem tailored fit rights obligations preferences muslim majority before non muslim minorities said things 1 our law states discrimination based religion prohibited guarantees state protection non muslims toleration respect different religions however prescribe penalties religious discrimination take seriously unless muslims victims 2 constitution prohibits non muslims running presidency non muslims may hold public offices work within government long publicly discuss religion muslims hand can 3 government register religious affiliations citizenry print religious affiliations documents national identification cards however frequently heard whenever identity discursively brought 4 family code prohibits muslim women marrying non muslim men unless man converts islam code prohibit muslim men marrying non muslim women 5 law individuals who converted islam another religion ineligible receive inheritance via succession sure may degrees applying principle separating state affairs religious institutions ensuring government neutrality matters belief promoting public sphere free religious dogma guarantee ing freedom religion equality citizens regardless their faith lack thereof think algeria principle facto secular country touch reality genuinely always confuses me people know what secularism what looks countries france dprk name secularisms ps can check laws constitutional yourself correct me if i wrong please your research first,2481
1s7rghm,"The Monastery of Tibhirine, Medea.","The Monastery of Tibhirine (officially the Abbey of Our Lady of Atlas) is a historic Trappist monastery located in the Atlas Mountains near Médéa, Algeria. Established on March 7, 1938, the monastery served as a center for Catholic life and a place of interfaith friendship between monks and the local Muslim community..

Have you been there before? ",appliances,102,33,2026-03-30 15:02:24,Miss-Kija,2026,algeria,2026-04-11 22:25:47.278160,monastery tibhirine medea,monastery tibhirine officially abbey our lady atlas historic trappist monastery located atlas mountains near d algeria established march 7 1938 monastery served center catholic life place interfaith friendship between monks local muslim community before,monastery tibhirine medea monastery tibhirine officially abbey our lady atlas historic trappist monastery located atlas mountains near d algeria established march 7 1938 monastery served center catholic life place interfaith friendship between monks local muslim community before,253
1s7qed7,Algeria organised “Global Africa Tech 2026” and its bigger than I expected,"I just found out that Algeria is hosting something called Global Africa Tech 2026 and it looks massive, like national and international speakers, startups, investment talks, space tech… the whole thing, I was amazed.

I don’t usually say this, but something feels different lately.

Throughout 2025-26 I couldn’t help but notice a shift in Algeria, a lot of ministries are actually working together, pushing initiatives, creating opportunities…

I know we still have a long way to go but this is one of the few times that I’ve felt this much of optimism about where things might be going.

Change doesn’t happen all at once, this is how it starts.

For anyone who attended the Global Africa Tech 2026, please share with us your experience!",electronics,3,2,2026-03-30 14:20:30,Ornery_Ad_8483,2026,algeria,2026-04-11 22:25:56.772986,algeria organised global africa tech 2026 its bigger i expected,i found algeria hosting something called global africa tech 2026 looks massive national international speakers startups investment talks space tech whole thing i amazed i don usually say something feels different lately throughout 2025 26 i couldn help notice shift algeria lot ministries actually working together pushing initiatives creating opportunities i know still long way go one times i ve felt much optimism about where things might going change doesn happen how starts anyone who attended global africa tech 2026 please share us your experience,algeria organised global africa tech 2026 its bigger i expected i found algeria hosting something called global africa tech 2026 looks massive national international speakers startups investment talks space tech whole thing i amazed i don usually say something feels different lately throughout 2025 26 i couldn help notice shift algeria lot ministries actually working together pushing initiatives creating opportunities i know still long way go one times i ve felt much optimism about where things might going change doesn happen how starts anyone who attended global africa tech 2026 please share us your experience,554
1s7nxei,Khaled Nezzar and Abbassi Madani,"It’s really alarming that ""some"" people in Algeria actually want the black decade to return thinking it’s the right thing and yeah, they really do exist... One thing I'm genuinely thankful for is that the government didn't let any foreign interference happen back then. Can't imagine the mess it would've been if they did",appliances,45,104,2026-03-30 12:30:45,miraleye,2026,algeria,2026-04-11 22:25:56.773307,khaled nezzar abbassi madani,really alarming people algeria actually want black decade return thinking right thing yeah really exist one thing i genuinely thankful government didn let foreign interference happen back can imagine mess ve if,khaled nezzar abbassi madani really alarming people algeria actually want black decade return thinking right thing yeah really exist one thing i genuinely thankful government didn let foreign interference happen back can imagine mess ve if,210
1s7nmz5,To people who have e-commerce business,"I want to know when you get an order do you confirm each order manually? and what methods do you use to confirm? And does it actually help reduce returns?


also what are the popular e-commerce platforms used here in Algeria (are you using something like Shopify or are there local platforms?)",appliances,3,9,2026-03-30 12:15:26,mimib00,2026,algeria,2026-04-11 22:25:56.773377,people who e commerce business,i want know when get order confirm order manually what methods use confirm actually help reduce returns also what popular e commerce platforms used algeria using something shopify local platforms,people who e commerce business i want know when get order confirm order manually what methods use confirm actually help reduce returns also what popular e commerce platforms used algeria using something shopify local platforms,195
1s7n8p9,"Building a small tech circle in Algeria AI, startups, eCommerce","Hey everyone,

I’m based in Algeria and currently part of Global Africa Tech. I’m looking to connect with people who are genuinely interested in building, not just consuming.

I’m into:

\- AI  

\- E-commerce  

\- Databases  

\- Tech/startup ideas  

I’m not an expert, but I enjoy going deep, learning, and discussing real ideas.

Right now, I’m starting a small circle of like-minded people — builders, curious minds, people who want to grow and maybe even work on projects together.

We’re keeping it simple at first (Telegram group), then moving to something more structured.

If you’re in Algeria (or Africa in general) and this sounds like your kind of space, drop a comment or DM me.

Let’s build something real",appliances,6,3,2026-03-30 11:55:49,Ali1tech,2026,algeria,2026-04-11 22:25:56.773539,building small tech circle algeria ai startups ecommerce,hey everyone i based algeria currently part global africa tech i looking connect people who genuinely interested building consuming i into ai e commerce databases tech startup ideas i expert i enjoy going deep learning discussing real ideas right now i starting small circle minded people builders curious minds people who want grow maybe even work projects together re keeping simple first telegram group moving something structured if re algeria africa general sounds your kind space drop comment dm me let build something real,building small tech circle algeria ai startups ecommerce hey everyone i based algeria currently part global africa tech i looking connect people who genuinely interested building consuming i into ai e commerce databases tech startup ideas i expert i enjoy going deep learning discussing real ideas right now i starting small circle minded people builders curious minds people who want grow maybe even work projects together re keeping simple first telegram group moving something structured if re algeria africa general sounds your kind space drop comment dm me let build something real,529
1s7lu7u,موضوع للنقاش باحترام أتقبل وجهات نظر جميع,"I have noticed a new trend related to trapking 

Where in his songs he is talking about women and how most of us are 97 and we are not worth marrying Algeria men and how women and men are not equal while in his video clips he  literally bring female dancers and he has a lot of women in his environment other then females he also talk about Islam and how is the perfect Muslim but he drinks alcohol and he goes to night clubs and his whole career is literally haram cuz he does music 

I know we are not perfect but he is so fake and the best word I can use is  **يستشرف**  

Anyway I don’t give any f about him but i noticed a lot of 9ahwin now they found there safe space to give there opinions and they found **الأب** **الروحي**  for this shitty behaviour 

And he is literally brain washing them and he is making a conflict between the two genders (I didn’t know how to explain my point but I hope u got it ) ",appliances,51,105,2026-03-30 10:34:19,yourR_G77,2026,algeria,2026-04-11 22:25:56.773842,,i noticed new trend related trapking where his songs talking about women how us 97 worth marrying algeria men how women men equal while his video clips literally bring female dancers lot women his environment females also talk about islam how perfect muslim drinks alcohol goes night clubs his whole career literally haram cuz music i know perfect fake best word i can use anyway i don give f about him i noticed lot 9ahwin now found safe space give opinions found shitty behaviour literally brain washing making conflict between two genders i didn know how explain my point i hope u got, i noticed new trend related trapking where his songs talking about women how us 97 worth marrying algeria men how women men equal while his video clips literally bring female dancers lot women his environment females also talk about islam how perfect muslim drinks alcohol goes night clubs his whole career literally haram cuz music i know perfect fake best word i can use anyway i don give f about him i noticed lot 9ahwin now found safe space give opinions found shitty behaviour literally brain washing making conflict between two genders i didn know how explain my point i hope u got,587
1s7l6bp,renouvellement serveur forever,"Bonjour, je cherche un fournisseur fiable sur Ali express pour renouveler mon server forever charing et un abonnement iptv merci à vous.",electronics,1,1,2026-03-30 09:53:02,Electrical_Elk_5279,2026,algeria,2026-04-11 22:25:56.773903,renouvellement serveur forever,bonjour je cherche fournisseur fiable ali express renouveler mon server forever charing abonnement iptv merci,renouvellement serveur forever bonjour je cherche fournisseur fiable ali express renouveler mon server forever charing abonnement iptv merci,109
1s7hki2,looking for a gaming laptop.(help),"i been wondering if anyone here knows a place that sells gaming laptops with fair price ,i been looking everywhere but only finding a i5 13 w 4060 for 24+ which is unreasonable price tbh.",food,2,2,2026-03-30 06:13:32,Chemical-Performer72,2026,algeria,2026-04-11 22:25:56.774094,looking gaming laptop help,i wondering if anyone knows place sells gaming laptops fair i looking everywhere finding i5 13 w 4060 24 which unreasonable tbh,looking gaming laptop help i wondering if anyone knows place sells gaming laptops fair i looking everywhere finding i5 13 w 4060 24 which unreasonable tbh,127
1s7ff98,Systems/software engineer opertunity,"Role Description

We are looking for a Systems Engineer to design, build, and optimize high-performance backend systems for AI inference and media processing pipelines. This hybrid role is based in Algiers, with flexibility for partial remote work.

In this position, you will:

Architect and implement robust, scalable, and efficient systems for AI inference and media pipelines.

Optimize performance and concurrency across Linux-based servers and distributed systems.

Develop backend services with a focus on Rust, with C/C++ as a plus.

Manage and optimize databases and SQL queries for high-throughput workloads.

Collaborate closely with AI/ML and embedded teams to ensure seamless integration of models and pipelines.

Troubleshoot complex system issues and ensure high reliability, uptime, and data integrity.

Contribute to system design decisions, CI/CD pipelines, and deployment strategies for edge devices.

QualificationsRequired:

Strong expertise in systems engineering, system design, and backend architecture.

Proficiency in Rust, Linux system programming, and concurrent programming.

Solid understanding of databases, SQL, and high-throughput data pipelines.

Deep knowledge of operating systems, networking, and performance optimization.

Excellent problem-solving skills and critical thinking.

Preferred / Plus:

Experience with C/C++, NixOS or other Linux distributions.

Familiarity with embedded AI, edge computing, or IoT systems.

Knowledge of real-time media processing and AI inference pipelines.

Education:

Bachelor’s or Master’s degree in Computer Science, Computer Engineering, or related field, or equivalent hands-on experience.

Why Join Qareeb?

Work on cutting-edge AI and media systems at the edge.

Collaborate with an innovative, cross-functional team.

Opportunity to shape system architecture and optimize performance at scale.

Hybrid work model with flexible hours.",electronics,4,5,2026-03-30 04:19:31,Dx_Ur,2026,algeria,2026-04-11 22:25:56.774396,systems software engineer opertunity,role description looking systems engineer design build optimize high performance backend systems ai inference media processing pipelines hybrid role based algiers flexibility partial remote work position architect implement robust scalable efficient systems ai inference media pipelines optimize performance concurrency across linux based servers distributed systems develop backend services focus rust c c plus manage optimize databases sql queries high throughput workloads collaborate closely ai ml embedded teams ensure seamless integration models pipelines troubleshoot complex system issues ensure high reliability uptime data integrity contribute system design decisions ci cd pipelines deployment strategies edge devices qualificationsrequired strong expertise systems engineering system design backend architecture proficiency rust linux system programming concurrent programming solid understanding databases sql high throughput data pipelines deep knowledge operating systems networking performance optimization excellent problem solving skills critical thinking preferred plus experience c c nixos linux distributions familiarity embedded ai edge computing iot systems knowledge real time media processing ai inference pipelines education bachelor master degree computer science computer engineering related field equivalent hands experience why join qareeb work cutting edge ai media systems edge collaborate innovative cross functional team opportunity shape system architecture optimize performance scale hybrid work model flexible hours,systems software engineer opertunity role description looking systems engineer design build optimize high performance backend systems ai inference media processing pipelines hybrid role based algiers flexibility partial remote work position architect implement robust scalable efficient systems ai inference media pipelines optimize performance concurrency across linux based servers distributed systems develop backend services focus rust c c plus manage optimize databases sql queries high throughput workloads collaborate closely ai ml embedded teams ensure seamless integration models pipelines troubleshoot complex system issues ensure high reliability uptime data integrity contribute system design decisions ci cd pipelines deployment strategies edge devices qualificationsrequired strong expertise systems engineering system design backend architecture proficiency rust linux system programming concurrent programming solid understanding databases sql high throughput data pipelines deep knowledge operating systems networking performance optimization excellent problem solving skills critical thinking preferred plus experience c c nixos linux distributions familiarity embedded ai edge computing iot systems knowledge real time media processing ai inference pipelines education bachelor master degree computer science computer engineering related field equivalent hands experience why join qareeb work cutting edge ai media systems edge collaborate innovative cross functional team opportunity shape system architecture optimize performance scale hybrid work model flexible hours,1552
1s7cp9n,tourist attractions Algiers/Oran,"I just got a tourist visa to visit Algeria, unfortunately I'll only be there for 7 days as I have limited vacation time. Can you recommend places to visit in the capital and Oran? I know it's not a touristy country, so I'm not expecting recommendations for attractions; I want to see landscapes! I'll also be visiting a friend in the capital.",appliances,1,1,2026-03-30 02:08:54,Known_Problem_9492,2026,algeria,2026-04-11 22:25:56.774576,tourist attractions algiers oran,i got tourist visa visit algeria unfortunately i ll 7 days i limited vacation time can recommend places visit capital oran i know touristy country i expecting recommendations attractions i want see landscapes i ll also visiting friend capital,tourist attractions algiers oran i got tourist visa visit algeria unfortunately i ll 7 days i limited vacation time can recommend places visit capital oran i know touristy country i expecting recommendations attractions i want see landscapes i ll also visiting friend capital,242
1s7clik,About cooking in a foreign country,"Hello everyone,

My name is Naïla I was born in France but my parents are from Algeria and Tunisia.

I am an MA student in Art History working on research around food by the north African diaspora in France.

Hopefully this helps me connect more to my cultures.

If anyone here is living in France or from the diaspora in general I would be super interested in talking!

Thank you!!",appliances,2,0,2026-03-30 02:04:16,Interesting_Berry175,2026,algeria,2026-04-11 22:25:56.774660,about cooking foreign country,hello everyone my name na i born france my parents algeria tunisia i am ma student art history working research around food north african diaspora france hopefully helps me connect my cultures if anyone living france diaspora general i super interested talking thank,about cooking foreign country hello everyone my name na i born france my parents algeria tunisia i am ma student art history working research around food north african diaspora france hopefully helps me connect my cultures if anyone living france diaspora general i super interested talking thank,266
1s78t4a,I’m trying to find an old Algerian TV movie,"The story was about a child being kidnapped by a mentally unstable man. I don’t remember many details, but the ending really stuck with me: it takes place near train tracks, and the kidnapper gets hit and killed by a train.",electronics,3,3,2026-03-29 23:18:01,Homelss_Emperor,2026,algeria,2026-04-11 22:25:56.774868,i trying find old algerian tv movie,story about child kidnapped mentally unstable man i don remember many details ending really stuck me takes place near train tracks kidnapper gets hit killed train,i trying find old algerian tv movie story about child kidnapped mentally unstable man i don remember many details ending really stuck me takes place near train tracks kidnapper gets hit killed train,162
1s780m6,Visiting Algeria in 2027 for the eclipse,"Hi everyone, I am a dual US-EU citizen who would like to visit Algiers and Oran for the 2 August, 2027 eclipse. I was wondering what I could expect in terms of visas and similar things.

\- Would you recommend I use the US or EU passport to apply for the visa?

\- I like traveling in hostels. Would they be able to provide me with the necessary invitation letter?

\- Are prices expected to go up significantly as they do in other countries for the solar eclipse? Or are the strict visa requirements known to dissuade travelers enough to go somewhere else (i.e. Egypt)?

\- How long would processing time be for such a visa, and how soon before departure would you recommend I get it?

\- Anything else you think is useful to know?

Thank you so much!",food,2,5,2026-03-29 22:45:59,i_am_matei,2026,algeria,2026-04-11 22:25:56.774915,visiting algeria 2027 eclipse,hi everyone i am dual us eu citizen who visit algiers oran 2 august 2027 eclipse i wondering what i expect terms visas similar things recommend i use us eu passport apply visa i traveling hostels able provide me necessary invitation letter prices expected go significantly countries solar eclipse strict visa requirements known dissuade travelers enough go somewhere else i e egypt how long processing time visa how soon before departure recommend i get anything else think useful know thank much,visiting algeria 2027 eclipse hi everyone i am dual us eu citizen who visit algiers oran 2 august 2027 eclipse i wondering what i expect terms visas similar things recommend i use us eu passport apply visa i traveling hostels able provide me necessary invitation letter prices expected go significantly countries solar eclipse strict visa requirements known dissuade travelers enough go somewhere else i e egypt how long processing time visa how soon before departure recommend i get anything else think useful know thank much,496
1s76ajp,Do you think the government sometimes uses the Morocco conflict to strengthen internal unity?,"First I’m not Algerian or Moroccan. I am tunisian and I’ve been thinking about something from a political science perspective and I’m curious what Algerians think.

There’s a concept called the “rally around the flag” effect where governments emphasize an external threat or rival country to create national unity and strengthen their legitimacy internally.

Given the long tensions between Algeria and Morocco, sometimes it feels like the conflict is constantly present in state narratives and media. That made me wonder whether part of it could also be political strategy, not necessarily to start a war, but to maintain a sense of national mobilization and unity.

The conflict around Western Sahara often dominates the narrative, but when you step back, the territory has around 600,000 inhabitants and its economic viability as a completely independent state is still debated. Yet the issue seems to overshadow many other challenges facing the region.

North Africa and the broader Muslim world face huge problems that arguably deserve much more attention:

– the situation in Palestine

– instability in Libya

– slavery allegations in Mauritania

– Sudan

– corruption

– many economic and development challenges across the region

This isn’t something unique to Algeria by the way; a lot of governments around the world do similar things when relations with a neighboring country are tense;

(Vladimir Putin and Ukraine)

(Xi Jinping and Taiwan)

(Kim Jong Un and South Korea)

(Ali Khamenei and Israel)

( Erdogan and Kurds)

I genuinely wonder:

Do you really believe Moroccans are bad people? And do you think Algeria is actually better off maintaining this tension with Morocco rather than pursuing peaceful relations and cooperation? Do you think the Algeria–Morocco rivalry is mainly genuine geopolitical conflict, or do you think internal politics sometimes amplify it?

Tl;Dr: i think that teboune is trying to emphasize an external enemy so the algerians worry more abt that than care about the militarism, the corruption, the authoritarianism etc.. ",appliances,9,82,2026-03-29 21:38:54,ennouri,2026,algeria,2026-04-11 22:25:56.775636,think government sometimes uses morocco conflict strengthen internal unity,first i algerian moroccan i am tunisian i ve thinking about something political science perspective i curious what algerians think concept called rally around flag effect where governments emphasize external threat rival country create national unity strengthen their legitimacy internally given long tensions between algeria morocco sometimes feels conflict constantly present state narratives media made me wonder whether part also political strategy necessarily start war maintain sense national mobilization unity conflict around western sahara often dominates narrative when step back territory around 600 000 inhabitants its economic viability completely independent state still debated yet issue seems overshadow many challenges facing region north africa broader muslim world face huge problems arguably deserve much attention situation palestine instability libya slavery allegations mauritania sudan corruption many economic development challenges across region isn something unique algeria way lot governments around world similar things when relations neighboring country tense vladimir putin ukraine xi jinping taiwan kim jong south korea ali khamenei israel erdogan kurds i genuinely wonder really believe moroccans people think algeria actually better maintaining tension morocco rather pursuing peaceful relations cooperation think algeria morocco rivalry mainly genuine geopolitical conflict think internal politics sometimes amplify tl dr i think teboune trying emphasize external enemy algerians worry abt care about militarism corruption authoritarianism etc,think government sometimes uses morocco conflict strengthen internal unity first i algerian moroccan i am tunisian i ve thinking about something political science perspective i curious what algerians think concept called rally around flag effect where governments emphasize external threat rival country create national unity strengthen their legitimacy internally given long tensions between algeria morocco sometimes feels conflict constantly present state narratives media made me wonder whether part also political strategy necessarily start war maintain sense national mobilization unity conflict around western sahara often dominates narrative when step back territory around 600 000 inhabitants its economic viability completely independent state still debated yet issue seems overshadow many challenges facing region north africa broader muslim world face huge problems arguably deserve much attention situation palestine instability libya slavery allegations mauritania sudan corruption many economic development challenges across region isn something unique algeria way lot governments around world similar things when relations neighboring country tense vladimir putin ukraine xi jinping taiwan kim jong south korea ali khamenei israel erdogan kurds i genuinely wonder really believe moroccans people think algeria actually better maintaining tension morocco rather pursuing peaceful relations cooperation think algeria morocco rivalry mainly genuine geopolitical conflict think internal politics sometimes amplify tl dr i think teboune trying emphasize external enemy algerians worry abt care about militarism corruption authoritarianism etc,1578
1s75jx9,I’m 20 and I need honest opinions about a situation with a family job that’s stressing me out a lot.,"
Last summer, I worked for my uncle for about 3 months. The job was intense: 8+ hours a day, 6 days a week, very physical (lifting heavy boxes all day). I’m already underweight, so it was exhausting, but I pushed through it.

The bigger problem wasn’t just the work — it was him.

He gets mad very quickly over small things, constantly criticizes me, judges me, and makes negative comments no matter how hard I work. It got to the point where:

- he would lecture me almost every day after work
- we would argue because I don’t agree with the way he talks to me
- he would comment on personal things like my weight
- he even once argued with me about my phone wallpaper (which felt insane to me)

He also disrespected me in front of clients sometimes, which really affected my dignity.

On top of that, the payment situation was bad. I wasn’t paid monthly. Instead, I’d just get small amounts here and there when I asked, and then after 3 months I got everything at once. I never agreed to that system, and it felt like I had no control , like I couldn’t even ask for my own money.

By the third month, I was completely drained:

- physically exhausted
- mentally stressed all the time
- anxious even during my time off, barely enjoying it.
- I lost about 5 kg, (bc of hard work obviously,anxiety and lost of appetite)
- I didn’t enjoy my summer at all

(Edit) / Additional context:
I also want to add that the job takes almost all of my time and energy. Because of the long hours and physical exhaustion, I barely have energy left for anything else. I can’t consistently work out, my daily routines (including prayers) are often delayed, and I don’t have the mental capacity to learn or work on anything on the side.
On some days I even struggle to eat properly because I’m too exhausted.

When I finally quit, I felt relieved instantly.

I told myself I’d never go back.

Now recently, he called me again because he has no workers, and I agreed to help for a short period. But just being back there is bringing all the same feelings again stress, anxiety, and frustration.

BTW I'm already working that it's been like 6 days now and i can already see the same patterns starting again, i still got a couple of days and I’m sure I don’t want to continue later, especially not for the whole summer.

My problem is:

- it’s family, so there’s a lot of pressure
- I don’t want to be seen as ungrateful or lazy
- but at the same time, I feel like staying would mess me up mentally and physically again

So I’m asking:

1. Am I overreacting, or is this actually a toxic situation?
2. Is it reasonable to refuse working with a family member like this?
3. How would you handle saying no without creating unnecessary drama?

I just want honest opinions, not judgment. ",electronics,3,38,2026-03-29 21:09:59,whatsoeverr888,2026,algeria,2026-04-11 22:25:56.776260,i 20 i need honest opinions about situation family job stressing me lot,last summer i worked my uncle about 3 months job intense 8 hours day 6 days week physical lifting heavy boxes day i already underweight exhausting i pushed through bigger problem wasn work him gets mad quickly small things constantly criticizes me judges me makes negative comments matter how hard i work got point where lecture me almost every day after work argue because i don agree way talks me comment personal things my weight even argued me about my phone wallpaper which felt insane me also disrespected me front clients sometimes which really affected my dignity top payment situation i wasn paid monthly instead i d get small amounts when i asked after 3 months i got everything i never agreed system felt i control i couldn even ask my money third month i completely drained physically exhausted mentally stressed time anxious even during my time barely enjoying i lost about 5 kg bc hard work obviously anxiety lost appetite i didn enjoy my summer edit additional context i also want add job takes almost my time energy because long hours physical exhaustion i barely energy left anything else i can consistently work my daily routines including prayers often delayed i don mental capacity learn work anything side days i even struggle eat properly because i exhausted when i finally quit i felt relieved instantly i told myself i d never go back now recently called me again because workers i agreed help short period back bringing feelings again stress anxiety frustration btw i already working 6 days now i can already see patterns starting again i still got couple days i sure i don want continue later especially whole summer my problem family lot pressure i don want seen ungrateful lazy time i feel staying mess me mentally physically again i asking 1 am i overreacting actually toxic situation 2 reasonable refuse working family member 3 how handle saying creating unnecessary drama i want honest opinions judgment,i 20 i need honest opinions about situation family job stressing me lot last summer i worked my uncle about 3 months job intense 8 hours day 6 days week physical lifting heavy boxes day i already underweight exhausting i pushed through bigger problem wasn work him gets mad quickly small things constantly criticizes me judges me makes negative comments matter how hard i work got point where lecture me almost every day after work argue because i don agree way talks me comment personal things my weight even argued me about my phone wallpaper which felt insane me also disrespected me front clients sometimes which really affected my dignity top payment situation i wasn paid monthly instead i d get small amounts when i asked after 3 months i got everything i never agreed system felt i control i couldn even ask my money third month i completely drained physically exhausted mentally stressed time anxious even during my time barely enjoying i lost about 5 kg bc hard work obviously anxiety lost appetite i didn enjoy my summer edit additional context i also want add job takes almost my time energy because long hours physical exhaustion i barely energy left anything else i can consistently work my daily routines including prayers often delayed i don mental capacity learn work anything side days i even struggle eat properly because i exhausted when i finally quit i felt relieved instantly i told myself i d never go back now recently called me again because workers i agreed help short period back bringing feelings again stress anxiety frustration btw i already working 6 days now i can already see patterns starting again i still got couple days i sure i don want continue later especially whole summer my problem family lot pressure i don want seen ungrateful lazy time i feel staying mess me mentally physically again i asking 1 am i overreacting actually toxic situation 2 reasonable refuse working family member 3 how handle saying creating unnecessary drama i want honest opinions judgment,1934
1s75a3g,Best restaurant in algiers for a young couple date,"Hi guys i'm looking for a god restaurant for me and my fiance, and i honestly don't have any idea 😅 please help me",food,6,16,2026-03-29 20:59:38,Illustrious_Crew5077,2026,algeria,2026-04-11 22:25:56.776317,best restaurant algiers young couple date,hi guys i looking god restaurant me my fiance i honestly don idea please help me,best restaurant algiers young couple date hi guys i looking god restaurant me my fiance i honestly don idea please help me,80
1s7582o,HP i5 8th Gen – Can it handle light architecture work &amp; editing?,"Hey everyone! 👋

I'm considering an HP desktop/laptop with Intel Core i5 8th Gen for my student work, and I want to make sure it’s enough for:

Light Photoshop work (just posters and simple edits for architecture projects)

AutoCAD (2D drawings mostly)

SketchUp (small/medium 3D models)

I’m not doing heavy rendering or huge projects.

Can anyone share their experience? Does it handle these tasks smoothly without lag

Thanks in advance! 🙏in algeria",electronics,4,21,2026-03-29 20:57:30,IcePsychological2495,2026,algeria,2026-04-11 22:25:56.776408,hp i5 8th gen can handle light architecture work amp editing,hey everyone i considering hp desktop laptop intel core i5 8th gen my student work i want make sure enough light photoshop work posters simple edits architecture projects autocad 2d drawings mostly sketchup small medium 3d models i heavy rendering huge projects can anyone share their experience handle tasks smoothly lag thanks advance algeria,hp i5 8th gen can handle light architecture work amp editing hey everyone i considering hp desktop laptop intel core i5 8th gen my student work i want make sure enough light photoshop work posters simple edits architecture projects autocad 2d drawings mostly sketchup small medium 3d models i heavy rendering huge projects can anyone share their experience handle tasks smoothly lag thanks advance algeria,344
1s71rks,What is the best uber-like job in algeria,"Hello im a 19yo male student at usthb(idk why i felt like i had to mention it lmao) and im inquiring about uber-like jobs in algeria or algiers specifically? I really dont know if that would make any difference. But in any case what i meant by uber-like i didnt solely mean driving people but also delivery jobs and anything of the sort; i hear about a lot of apps and such like yassir, indrive, yalidine...etc but idk which one is best especially for a university student with a relatively tight schedule, so any help would be welcome. And also, i would appreciate any advice even outside of this field, i mentioned this fields just because Ive heard it works well with tight schedules but anything that works well is fine by me",appliances,3,11,2026-03-29 18:48:01,as-if-_-i-care,2026,algeria,2026-04-11 22:25:56.776738,what best uber job algeria,hello im 19yo male student usthb idk why i felt i mention lmao im inquiring about uber jobs algeria algiers specifically i really dont know if make difference case what i meant uber i didnt solely mean driving people also delivery jobs anything sort i hear about lot apps yassir indrive yalidine etc idk which one best especially university student relatively tight schedule help welcome also i appreciate advice even outside field i mentioned fields because ive heard works tight schedules anything works fine me,what best uber job algeria hello im 19yo male student usthb idk why i felt i mention lmao im inquiring about uber jobs algeria algiers specifically i really dont know if make difference case what i meant uber i didnt solely mean driving people also delivery jobs anything sort i hear about lot apps yassir indrive yalidine etc idk which one best especially university student relatively tight schedule help welcome also i appreciate advice even outside field i mentioned fields because ive heard works tight schedules anything works fine me,513
1s71cjp,Looking for a psychiayatrist to get tested for bipolar disorder in Algeria,"Hello, I’m looking for a good and trusted psychiatrist preferably in oran or mostaganem. If anyone has recommendations based on personal experience or knows a reliable professional, I would really appreciate your help. Thank you.",appliances,2,0,2026-03-29 18:32:02,Dull_Revolution_9952,2026,algeria,2026-04-11 22:25:56.777094,looking psychiayatrist get tested bipolar disorder algeria,hello i looking trusted psychiatrist preferably oran mostaganem if anyone recommendations based personal experience knows reliable professional i really appreciate your help thank,looking psychiayatrist get tested bipolar disorder algeria hello i looking trusted psychiatrist preferably oran mostaganem if anyone recommendations based personal experience knows reliable professional i really appreciate your help thank,179
1s6z4f3,Touristic Visa for Spain (summer of 2026).,"Hi everyone , I just wanted some advices and feedbacks on my situation , i'll be getting a touristic visa for Spain this summer (alongside with my mother) for like a month or a bit more , i have decided to do un dossier on my own , my brother wants to help us with the financial stuff , he has a good job (he lives in France) and enough money to borrow us . 

As for me , i'm a M1 student in computer science , and i'm 22 years old. I never travelled anywhere outside of Algeria , so i'm afraid that this will mess up mon dossier de visa (if i ever get a refusal) , on top of that , they can also think i'm planning to go there and make a living , and not come back. which will increase the chances of the decline.

We have good ressources to stay for a month as i said , but i'm afraid they will refuse the visa for me , since i'm very young and that i can manage to find a job and decide to stay ect .. As for my mom she has good chances , but for me i have no clue if they'll accept or not

Has anyone made a first touristic visa application as a young student (preferably in Spain or in an European country) and got accepted with a solid record (financial stability ect..) regardless of the fact they're young?

Thanks in advance for the advices! 



",electronics,1,7,2026-03-29 17:07:10,Affectionate_Alarm25,2026,algeria,2026-04-11 22:25:56.777457,touristic visa spain summer 2026,hi everyone i wanted advices feedbacks my situation i ll getting touristic visa spain summer alongside my mother month bit i decided dossier my my brother wants help us financial stuff job lives france enough money borrow us me i m1 student computer science i 22 years old i never travelled anywhere outside algeria i afraid mess mon dossier visa if i ever get refusal top can also think i planning go make living come back which increase chances decline ressources stay month i said i afraid refuse visa me since i young i can manage find job decide stay ect my mom chances me i clue if ll accept anyone made first touristic visa application young student preferably spain european country got accepted solid record financial stability ect regardless fact re young thanks advance advices,touristic visa spain summer 2026 hi everyone i wanted advices feedbacks my situation i ll getting touristic visa spain summer alongside my mother month bit i decided dossier my my brother wants help us financial stuff job lives france enough money borrow us me i m1 student computer science i 22 years old i never travelled anywhere outside algeria i afraid mess mon dossier visa if i ever get refusal top can also think i planning go make living come back which increase chances decline ressources stay month i said i afraid refuse visa me since i young i can manage find job decide stay ect my mom chances me i clue if ll accept anyone made first touristic visa application young student preferably spain european country got accepted solid record financial stability ect regardless fact re young thanks advance advices,788
1s6z1q1,"If you could delete ONE trait from the Algerian DNA, what would it be? And what would you replace it with?","Salam alaykom 
Let’s talk about our collective psychology. We have massive resilience (نصبروا بزاف), we are not hypocrits (when we love we love , when we hate we hate) but we also have ""L'anarchie"" (الفوضى) and ""L'hasad"" (الحسد). If you were the architect of a ""New Algerian Character,"" what are the strengths we should double down on, and what are the psychological weaknesses that keep us stuck in the same loop since the 90s?",appliances,4,30,2026-03-29 17:04:18,Bizm94,2026,algeria,2026-04-11 22:25:56.777573,if delete one trait algerian dna what what replace,salam alaykom let talk about our collective psychology massive resilience hypocrits when love love when hate hate also l anarchie l hasad if architect new algerian character what strengths double what psychological weaknesses keep us stuck loop since 90s,if delete one trait algerian dna what what replace salam alaykom let talk about our collective psychology massive resilience hypocrits when love love when hate hate also l anarchie l hasad if architect new algerian character what strengths double what psychological weaknesses keep us stuck loop since 90s,254
1s6uzal,China-only phones for use in Algeria,"I’m planning to upgrade my phone and I’m considering a Chinese model like Vivo, Xiaomi, or OnePlus China editions. I have the buying part figured out since I have seen many local sellers in Algeria offering these China-only phones. As you know, buying in person is much easier than ordering from import sites like AliExpress or Alibaba because I can see the phone, pay directly, and avoid long shipping times.

My main concern is that I have read about issues with these models such as region locks, delayed notifications, and Play Store apps not always working properly.

I would really appreciate advice from anyone in Algeria who has used a China-only phone. Is it worth taking the risk or should I stick with global versions?",electronics,3,4,2026-03-29 14:22:55,I__Am_No_One,2026,algeria,2026-04-11 22:25:56.777775,china phones use algeria,i planning upgrade my phone i considering chinese model vivo xiaomi oneplus china editions i buying part figured since i seen many local sellers algeria offering china phones know buying person much easier ordering import sites aliexpress alibaba because i can see phone pay directly avoid long shipping times my main concern i read about issues models region locks delayed notifications play store apps always working properly i really appreciate advice anyone algeria who used china phone worth taking risk i stick global versions,china phones use algeria i planning upgrade my phone i considering chinese model vivo xiaomi oneplus china editions i buying part figured since i seen many local sellers algeria offering china phones know buying person much easier ordering import sites aliexpress alibaba because i can see phone pay directly avoid long shipping times my main concern i read about issues models region locks delayed notifications play store apps always working properly i really appreciate advice anyone algeria who used china phone worth taking risk i stick global versions,532
1s6u6hu,Where can i find such bookshelves?,"also, if you know someone who can make them (trustworthy) around Algiers/boumerdes please tell me ",appliances,10,0,2026-03-29 13:47:25,confessions_by_,2026,algeria,2026-04-11 22:25:56.816071,where can i find bookshelves,also if know someone who can make trustworthy around algiers boumerdes please tell me,where can i find bookshelves also if know someone who can make trustworthy around algiers boumerdes please tell me,85
1s6szdw,spring this year in algeria is different,i mean we usually have snow every year here in east algeria (mila) but in april that's new and rare ,appliances,9,8,2026-03-29 12:48:23,Upstairs_Law_130,2026,algeria,2026-04-11 22:25:56.816151,spring year algeria different,i mean usually snow every year east algeria mila april new rare,spring year algeria different i mean usually snow every year east algeria mila april new rare,63
1s6sfc5,Anyone in Algeria actually serious about tech?,"I’m looking to connect with people in Algeria who are genuinely into tech — not just scrolling, but actually thinking, building, and going deep.

I’m interested in:

\- AI  

\- Databases  

\- E-commerce  

\- Digital projects / online business  

Not claiming to be an expert. I just like going deep, figuring things out, and having real conversations about this stuff.

I already know people running tech/electronics stores, but that’s not the same mindset I’m looking for.

I want people who:

\- Think long-term  

\- Like building things  

\- Are curious and not passive  

If you’re in Algeria and you’re on the same wavelength, let’s connect.

Maybe we can meet up, bring laptops, sit in a café, and actually talk ideas.

Drop a comment or DM.",electronics,15,41,2026-03-29 12:18:30,Ali1tech,2026,algeria,2026-04-11 22:25:56.816553,anyone algeria actually serious about tech,i looking connect people algeria who genuinely into tech scrolling actually thinking building going deep i interested ai databases e commerce digital projects online business claiming expert i going deep figuring things real conversations about stuff i already know people running tech electronics stores mindset i looking i want people who think long term building things curious passive if re algeria re wavelength let connect maybe can meet bring laptops sit caf actually talk ideas drop comment dm,anyone algeria actually serious about tech i looking connect people algeria who genuinely into tech scrolling actually thinking building going deep i interested ai databases e commerce digital projects online business claiming expert i going deep figuring things real conversations about stuff i already know people running tech electronics stores mindset i looking i want people who think long term building things curious passive if re algeria re wavelength let connect maybe can meet bring laptops sit caf actually talk ideas drop comment dm,501
1s6s05c,"I don’t usually post like this, but this is coming from the heart.","If you’re in Algeria (especially Algiers), broke, still studying, just finished school, or can’t find a job — listen.

Start with delivery.

I know it doesn’t sound like a “dream job,” but right now it’s one of the easiest ways to start making your own money with almost zero barriers.

Apps like Yassir, Yalidine, and similar platforms are always looking for drivers. No boss over your head. You choose when to work.

Even globally, delivery/logistics jobs are among the fastest-growing sectors and are expected to keep growing strongly toward 2030, mainly because of e-commerce growth and platforms like Uber, DoorDash, etc. (sources: World Economic Forum – Future of Jobs Report, and McKinsey reports on last-mile delivery growth).

Now let me speak from real life, not theory.

I personally know someone who started with just a motorcycle working with Yalidine.  

They give you around 25 packages per day.  

Each delivery ≈ 250 DA → that’s about 4,500 DA/day if completed.

Today:

\- He makes around 110,000 DA/month  

\- He got married  

\- Bought a car  

\- And now he’s building his own income stream (planning his own business, like a shoe shop)

This is not fake motivation. This is الواقع.

And me?

I’ve worked hard jobs before — construction assistant from 8am to 6pm. Heavy work. Low pay. I didn’t realize how tough it was until later.

Then I spent almost 2 years without work.

Before delivery, I worked as a shop seller, even in a vegetable store. It wasn’t easy at all.

But everything changed when I bought a motorcycle.

My income increased. My opportunities increased.  

And most importantly — I got my time back.

Now I can:

\- Attend lectures  

\- Go to AI and e-commerce meetups  

\- Keep learning and building something bigger  

This job is not the نهاية — it’s a بداية.

I’ve seen شباب lose themselves because they stayed stuck:

\- Waiting for the “perfect job”

\- Falling into bad paths

\- Or risking their lives trying to reach Europe

Please don’t stay stuck.

Start small. Move. Try something.

If delivery apps don’t exist in your area, build your own:

\- Contact restaurants  

\- Use Facebook / Instagram  

\- Offer delivery services  

It’s easier than you think.

If you don’t know how to start, I can guide you with what I know.

Respect 🤝",food,128,87,2026-03-29 11:55:20,Ali1tech,2026,algeria,2026-04-11 22:25:56.816957,i don usually post coming heart,if re algeria especially algiers broke still studying finished school can find job listen start delivery i know doesn sound dream job right now one easiest ways start making your money almost zero barriers apps yassir yalidine similar platforms always looking drivers boss your head choose when work even globally delivery logistics jobs among fastest growing sectors expected keep growing strongly toward 2030 mainly because e commerce growth platforms uber doordash etc sources world economic forum future jobs report mckinsey reports last mile delivery growth now let me speak real life theory i personally know someone who started motorcycle working yalidine give around 25 packages per day delivery 250 da about 4 500 da day if completed today makes around 110 000 da month got married bought now building his income stream planning his business shoe shop fake motivation me i ve worked hard jobs before construction assistant 8am 6pm heavy work low pay i didn realize how tough until later i spent almost 2 years work before delivery i worked shop seller even vegetable store wasn easy everything changed when i bought motorcycle my income increased my opportunities increased importantly i got my time back now i can attend lectures go ai e commerce meetups keep learning building something bigger job i ve seen lose themselves because stayed stuck waiting perfect job falling into paths risking their lives trying reach europe please don stay stuck start small move try something if delivery apps don exist your area build your contact restaurants use facebook instagram offer delivery services easier think if don know how start i can guide what i know respect,i don usually post coming heart if re algeria especially algiers broke still studying finished school can find job listen start delivery i know doesn sound dream job right now one easiest ways start making your money almost zero barriers apps yassir yalidine similar platforms always looking drivers boss your head choose when work even globally delivery logistics jobs among fastest growing sectors expected keep growing strongly toward 2030 mainly because e commerce growth platforms uber doordash etc sources world economic forum future jobs report mckinsey reports last mile delivery growth now let me speak real life theory i personally know someone who started motorcycle working yalidine give around 25 packages per day delivery 250 da about 4 500 da day if completed today makes around 110 000 da month got married bought now building his income stream planning his business shoe shop fake motivation me i ve worked hard jobs before construction assistant 8am 6pm heavy work low pay i didn realize how tough until later i spent almost 2 years work before delivery i worked shop seller even vegetable store wasn easy everything changed when i bought motorcycle my income increased my opportunities increased importantly i got my time back now i can attend lectures go ai e commerce meetups keep learning building something bigger job i ve seen lose themselves because stayed stuck waiting perfect job falling into paths risking their lives trying reach europe please don stay stuck start small move try something if delivery apps don exist your area build your contact restaurants use facebook instagram offer delivery services easier think if don know how start i can guide what i know respect,1669
1s6quna,FIFA worldcup: are you guys still going?,"With the recent news (last week) of obligating the Algerian supporters to have 15k$ I wonder if It's still a good idea for me to go to this worldcup??

Btw, I already have my visa and my ticket booked for Algeria x Jordan.

IF YOU'RE NOT CONCERNED BY THIS: DO NOT ANSWER.",appliances,0,25,2026-03-29 10:45:17,Adorable_Ad_3315,2026,algeria,2026-04-11 22:25:56.817208,fifa worldcup guys still going,recent news last week obligating algerian supporters 15k i wonder if still idea me go worldcup btw i already my visa my ticket booked algeria x jordan if re concerned answer,fifa worldcup guys still going recent news last week obligating algerian supporters 15k i wonder if still idea me go worldcup btw i already my visa my ticket booked algeria x jordan if re concerned answer,173
1s6q3l3,Death of former president Liamine Zeroual (1994-1998). Three-day national mourning announced.,"Source : [Décès de l'ancien président de la République, le moudjahid Liamine Zeroual : trois jours de deuil national | Algérie Presse Service](https://www.aps.dz/fr/presidence-news/mnay7jcx-deces-de-l-ancien-president-de-la-republique-le-moudjahid-liamine-zeroual-trois-jours-de-deuil-national)

  
إنا لله و إنا إليه راجعون",appliances,99,15,2026-03-29 09:57:23,Ladder_Logical,2026,algeria,2026-04-11 22:25:56.817312,death former president liamine zeroual 1994 1998 three day national mourning announced,source d c l ancien pr sident r publique moudjahid liamine zeroual trois jours deuil national alg rie presse service,death former president liamine zeroual 1994 1998 three day national mourning announced source d c l ancien pr sident r publique moudjahid liamine zeroual trois jours deuil national alg rie presse service,116
1s6p64x,Question about medschool in algeria,"hello everyone i hope you're doing well, I'm a second year med student in algeria

and i wanted to ask about cursus, can anyone explain what is it?

and what are the benefits of having good grades in medschool here ",appliances,2,1,2026-03-29 08:58:42,Infinite-Ad-484,2026,algeria,2026-04-11 22:25:56.817374,question about medschool algeria,hello everyone i hope re i second year med student algeria i wanted ask about cursus can anyone explain what what benefits grades medschool,question about medschool algeria hello everyone i hope re i second year med student algeria i wanted ask about cursus can anyone explain what what benefits grades medschool,139
1s6p3m8,"Tasilli n'Ajjer, Algeria : the most scenic desert in the world.","Dear friends 

I had a great time in Algeria and I sincerely hope more tourists will visit your beautiful country. There are lots of misconceptions. Tuareg music and the music of North Africa now regularly play on my car stereo. These are just a few of the numerous ones I captured and many people have appreciated and shown an interest in travelling to Algeria. 

Ma'a Salama ♥️",appliances,97,12,2026-03-29 08:54:22,nomadchak,2026,algeria,2026-04-11 22:25:56.817502,tasilli n ajjer algeria scenic desert world,dear friends i time algeria i sincerely hope tourists visit your beautiful country lots misconceptions tuareg music music north africa now regularly play my stereo numerous ones i captured many people appreciated shown interest travelling algeria ma salama,tasilli n ajjer algeria scenic desert world dear friends i time algeria i sincerely hope tourists visit your beautiful country lots misconceptions tuareg music music north africa now regularly play my stereo numerous ones i captured many people appreciated shown interest travelling algeria ma salama,256
1s6ljcc,Mouloudia club of Algiers chanting,"its not about the club exactly but about the art that the three ultra do (ugc uttp aem) while they're chanting the words used and all this cool things like the big flags that makes the vibe warm and perfect 

the link for the original video :

https://www.instagram.com/reel/DWYwo2JkXa3/?igsh=MTl5bmx1a2x1Ynd6ag==",appliances,4,7,2026-03-29 05:24:25,Accomplished-Cut7933,2026,algeria,2026-04-11 22:25:56.817568,mouloudia club algiers chanting,its about club exactly about art three ultra ugc uttp aem while re chanting words used cool things big flags makes vibe warm perfect link original video,mouloudia club algiers chanting its about club exactly about art three ultra ugc uttp aem while re chanting words used cool things big flags makes vibe warm perfect link original video,152
1s6ivqh,Algerian books recommendations,"I am someone who holds a firm believe that reading books from a diverse scope of writers originating from the same environment is one of the best way to get to know it.

In the case of Algeria I think the ""راي"" music is one of the things that I would attribute my love and interest in the Algerian cultural scene.

Which is not the usual way I immerse myself in a new culture, so now I want to continue the immersion using my old way aka books.

I would appreciate any recommendations, I am looking for either really good writers or books that are so popular that I can't miss.

For context I am currently reading a biography of ""الأمير عبدالقادر"", it's written by a French guy but it's the only one I found about this guy.",appliances,4,5,2026-03-29 03:10:00,Still-Office-65,2026,algeria,2026-04-11 22:25:56.817725,algerian books recommendations,i am someone who holds firm believe reading books diverse scope writers originating environment one best way get know case algeria i think music one things i attribute my love interest algerian cultural scene which usual way i immerse myself new culture now i want continue immersion using my old way aka books i appreciate recommendations i am looking either really writers books popular i can miss context i am currently reading biography written french guy one i found about guy,algerian books recommendations i am someone who holds firm believe reading books diverse scope writers originating environment one best way get know case algeria i think music one things i attribute my love interest algerian cultural scene which usual way i immerse myself new culture now i want continue immersion using my old way aka books i appreciate recommendations i am looking either really writers books popular i can miss context i am currently reading biography written french guy one i found about guy,481
1s6fvqo,Looking for a women only gym in Algiers,"Hi everyone , I’m looking for a women only gym in Algiers, or a gym with women only hours, accessible by metro or tram.

Any recommendations?",appliances,3,7,2026-03-29 00:50:21,Left-Giraffe8040,2026,algeria,2026-04-11 22:25:56.817814,looking women gym algiers,hi everyone i looking women gym algiers gym women hours accessible metro tram recommendations,looking women gym algiers hi everyone i looking women gym algiers gym women hours accessible metro tram recommendations,93
1s6dcre,I pray for the day algerians get over the brick mindset,"It’s visually violent. 

the disorder, the unfinished facades, the incoherence, it can indirectly contribute to the uncivilised behaviour of people. 

There are some (affordable) alternatives, yet people don’t even see it as a problem they must deal with, really sad.",appliances,184,57,2026-03-28 23:00:57,Emotional-Mix-8425,2026,algeria,2026-04-11 22:25:56.817998,i pray day algerians get brick mindset,visually violent disorder unfinished facades incoherence can indirectly contribute uncivilised behaviour people affordable alternatives yet people don even see problem must deal really sad,i pray day algerians get brick mindset visually violent disorder unfinished facades incoherence can indirectly contribute uncivilised behaviour people affordable alternatives yet people don even see problem must deal really sad,188
1s6cxos,Asking for help ( buying from Temu),"Salam everyone, I hope y'all are doing well ! 

It's my first time bying stuff from temu w haba na3ref esq ki nchri it's for granted anou tawselni la commande ta3i ? Cuz i remember bkri khlas kanou ness ki ychrou mn ali express w hed l websites sois yeft7oulhoum le colier w ysr9olhoum 7wayej sois la commande matodkholch kaml l dzayer etc ...

 So please people who live in Algeria w mwalfin yechriw lrwa7houm mn temu tell me how is it going, and thank you so much !!",appliances,1,8,2026-03-28 22:43:36,[deleted],2026,algeria,2026-04-11 22:25:56.818236,asking help buying temu,salam everyone i hope y my first time bying stuff temu w haba na3ref esq ki nchri granted anou tawselni commande ta3i cuz i remember bkri khlas kanou ness ki ychrou mn ali express w hed l websites sois yeft7oulhoum colier w ysr9olhoum 7wayej sois commande matodkholch kaml l dzayer etc please people who live algeria w mwalfin yechriw lrwa7houm mn temu tell me how going thank much,asking help buying temu salam everyone i hope y my first time bying stuff temu w haba na3ref esq ki nchri granted anou tawselni commande ta3i cuz i remember bkri khlas kanou ness ki ychrou mn ali express w hed l websites sois yeft7oulhoum colier w ysr9olhoum 7wayej sois commande matodkholch kaml l dzayer etc please people who live algeria w mwalfin yechriw lrwa7houm mn temu tell me how going thank much,381
1s6cof5,"Born in Germany, roots in Algeria – thinking about starting a business","Selem everyone,

I’m from Germany (born and raised), but my parents are from Algeria. I’m currently studying medicine here, and for a long time I’ve also had a strong interest in building some kind of business connected to Algeria.

I also go to Algeria every summer, speak darija fluently, and I’m pretty familiar with how things work there on a day to day level so integration and communication shouldn’t really be an issue for me.

Lately I’ve been thinking about different ideas, but I’m not sure what actually makes sense on the ground there. One idea was around cars since I have a German passport, I was wondering if it could make sense to collaborate with garages in Algiers and maybe help source/transport cars from Germany to Algeria.

I’ve also considered e-commerce, (maybe supplements) since it seems like there’s still a lot of room to grow in that space in Algeria. Or even just finding a real problem in the Algerian market and trying to build a solution around it.

Another idea I’ve been thinking about (closer to what I study) is creating some kind of platform or service to help Algerian medical students come to Germany whether that’s guidance on applications, exams, paperwork, or just navigating the whole process. Or really anything at the intersection of medicine between Germany and Algeria.

The thing is, I don’t have direct experience doing business there yet, so I don’t want to go in blindly.

I’d really appreciate any advice and ideas.

Thanks a lot ",appliances,6,4,2026-03-28 22:32:54,Character-Choice-571,2026,algeria,2026-04-11 22:25:56.819111,born germany roots algeria thinking about starting business,selem everyone i germany born raised my parents algeria i currently studying medicine long time i ve also strong interest building kind business connected algeria i also go algeria every summer speak darija fluently i pretty familiar how things work day day level integration communication shouldn really issue me lately i ve thinking about different ideas i sure what actually makes sense ground one idea around cars since i german passport i wondering if make sense collaborate garages algiers maybe help source transport cars germany algeria i ve also considered e commerce maybe supplements since seems still lot room grow space algeria even finding real problem algerian market trying build solution around another idea i ve thinking about closer what i study creating kind platform service help algerian medical students come germany whether guidance applications exams paperwork navigating whole process really anything intersection medicine between germany algeria thing i don direct experience business yet i don want go blindly i d really appreciate advice ideas thanks lot,born germany roots algeria thinking about starting business selem everyone i germany born raised my parents algeria i currently studying medicine long time i ve also strong interest building kind business connected algeria i also go algeria every summer speak darija fluently i pretty familiar how things work day day level integration communication shouldn really issue me lately i ve thinking about different ideas i sure what actually makes sense ground one idea around cars since i german passport i wondering if make sense collaborate garages algiers maybe help source transport cars germany algeria i ve also considered e commerce maybe supplements since seems still lot room grow space algeria even finding real problem algerian market trying build solution around another idea i ve thinking about closer what i study creating kind platform service help algerian medical students come germany whether guidance applications exams paperwork navigating whole process really anything intersection medicine between germany algeria thing i don direct experience business yet i don want go blindly i d really appreciate advice ideas thanks lot,1083
1s6bmgx,"Hello :D what do yall think about this ? Got them from my dads cousin and i want your take from it, should i wear it ? Is it og ? This is a first for me and idk what should i do",added price tags cuz some people told me they are important ig ?,food,3,3,2026-03-28 21:49:48,ghalems_alg,2026,algeria,2026-04-11 22:25:56.819395,hello d what yall think about got my dads cousin i want your take i wear og first me idk what i,added tags cuz people told me important ig,hello d what yall think about got my dads cousin i want your take i wear og first me idk what i added tags cuz people told me important ig,42
1s6aica,"Moroccan wanting to settle the dust between the two communities, Ask me anything!","Amidst this keyboard war going on online I felt so freaking let down and so disappointed in both our communities and I was thinking of engaging with the Algerian community more just to see how it is in real life.

I talk with my buddies abroad and they have nothing to say about their experiences with Algerians abroad as well.

Didn't know how to but I love answering quetions so there's that lol.

I'm more than happy to answer any questions you throw at me and I hope this helps settling the dust quite a bit so feel se free asking me anything! :)",electronics,20,149,2026-03-28 21:05:42,Possible-Midnight842,2026,algeria,2026-04-11 22:25:56.819773,moroccan wanting settle dust between two communities ask me anything,amidst keyboard war going online i felt freaking let disappointed our communities i thinking engaging algerian community see how real life i talk my buddies abroad nothing say about their experiences algerians abroad didn know how i love answering quetions lol i happy answer questions throw me i hope helps settling dust quite bit feel se free asking me anything,moroccan wanting settle dust between two communities ask me anything amidst keyboard war going online i felt freaking let disappointed our communities i thinking engaging algerian community see how real life i talk my buddies abroad nothing say about their experiences algerians abroad didn know how i love answering quetions lol i happy answer questions throw me i hope helps settling dust quite bit feel se free asking me anything,363
1s69wpr,Algerian engineer student want to study aboard,"I am a third-year computer engineering student seeking to pursue master's level studies abroad, specifically in Poland or Austria. A significant challenge I face is the inability to obtain a license diploma in Algeria, which is typically required for international master's programs. The Algerian engineering education system does not issue such a diploma. I am inquiring if there are any alternative solutions or pathways to address this issue.",electronics,6,6,2026-03-28 20:41:42,AdSlight1867,2026,algeria,2026-04-11 22:25:56.819982,algerian engineer student want study aboard,i am third year computer engineering student seeking pursue master level studies abroad specifically poland austria significant challenge i face inability obtain license diploma algeria which typically required international master programs algerian engineering education system issue diploma i am inquiring if alternative solutions pathways address issue,algerian engineer student want study aboard i am third year computer engineering student seeking pursue master level studies abroad specifically poland austria significant challenge i face inability obtain license diploma algeria which typically required international master programs algerian engineering education system issue diploma i am inquiring if alternative solutions pathways address issue,355
1s690vw,Thinking of becoming a psychologist,"Thinking of becoming a psychologist

Is it good to become a psychologist in algeria
Is there any chance i could get a job that is decent
Should i study to become a speech therapist or clinical psychologist or a child psychologist 
Can a student of scientific STEM get a decent job over it
",appliances,2,2,2026-03-28 20:06:24,wilky_may789,2026,algeria,2026-04-11 22:25:56.820509,thinking becoming psychologist,thinking becoming psychologist become psychologist algeria chance i get job decent i study become speech therapist clinical psychologist child psychologist can student scientific stem get decent job,thinking becoming psychologist thinking becoming psychologist become psychologist algeria chance i get job decent i study become speech therapist clinical psychologist child psychologist can student scientific stem get decent job,198
1s633n6,Opinions on Lycée Alexandre Dumas in Algeria,"Lycée Alexandre Dumas is a French international school in Algeria, often associated with students from wealthier families. I’m curious to hear different opinions about it.",appliances,9,23,2026-03-28 16:18:24,Mjhool_l,2026,algeria,2026-04-11 22:25:56.820730,opinions lyc e alexandre dumas algeria,lyc e alexandre dumas french international school algeria often associated students wealthier families i curious hear different opinions about,opinions lyc e alexandre dumas algeria lyc e alexandre dumas french international school algeria often associated students wealthier families i curious hear different opinions about,142
1s5pg5f,I want to learn the Algerian dialect,"Hi everyone! I'm currently learning standard Arabic but also want to learn the Algerian dialect. I want to be able to talk to people naturally without having to use the overly formal MSA Arabic. Any help from y'all is appreciated, even teaching me simple greetings!

I am a native English speaker so if anyone needs help learning English I'm happy to do that too. ",electronics,2,16,2026-03-28 04:24:54,Suspicious_Quote_315,2026,algeria,2026-04-11 22:25:56.821377,i want learn algerian dialect,hi everyone i currently learning standard arabic also want learn algerian dialect i want able talk people naturally use overly formal msa arabic help y appreciated even teaching me simple greetings i am native english speaker if anyone needs help learning english i happy,i want learn algerian dialect hi everyone i currently learning standard arabic also want learn algerian dialect i want able talk people naturally use overly formal msa arabic help y appreciated even teaching me simple greetings i am native english speaker if anyone needs help learning english i happy,271
1s5kdmf,16f. is this normal in algeria,so my dad is algerian and came to the uk married my mum and had me. he always talks about how it was always his life long dream to be british and considers himself british just because he got the passport through marriage which he admits he only got married for ‘documents’ and basically never showed algerian culture in him if that makes sense like he’s completely fluent in french and arabic never taught it me or my sister never spoke to us in it i barely knew a thing about anything to do with algeria or anything until a few years ago he admitted he wanted us to ‘fully british’ like western or something which maybe isnt a big deal but you dont know how exhausting it is like if i want to ask him about a word in algerian that ive heard and want to make sure its correct im scared to ask him because he dismisses everything and somehow makes me feel weird like says things like teach me english for algerian as if hes not already at a good level he just forces it so badly. sorry if this doesnt make sense i obviously understand people move abroad for better opportunities or whatever and probably this doesnt seem like a big deal but i finally went algeria after like 8years last year and i loved it but i cant even communicate properly and its tiring i know some people will say im overreacting and maybe i am but let me know what you think im not trying to be rude btw just confused.,appliances,77,115,2026-03-28 00:33:32,unknown-snb,2026,algeria,2026-04-11 22:25:56.822041,16f normal algeria,my dad algerian came uk married my mum me always talks about how always his life long dream british considers himself british because got passport through marriage which admits got married documents basically never showed algerian culture him if makes sense completely fluent french arabic never taught me my sister never spoke us i barely knew thing about anything algeria anything until years ago admitted wanted us fully british western something which maybe isnt big deal dont know how exhausting if i want ask him about word algerian ive heard want make sure its correct im scared ask him because dismisses everything somehow makes me feel weird says things teach me english algerian if hes already level forces badly sorry if doesnt make sense i obviously understand people move abroad better opportunities whatever probably doesnt seem big deal i finally went algeria after 8years last year i loved i cant even communicate properly its tiring i know people say im overreacting maybe i am let me know what think im trying rude btw confused,16f normal algeria my dad algerian came uk married my mum me always talks about how always his life long dream british considers himself british because got passport through marriage which admits got married documents basically never showed algerian culture him if makes sense completely fluent french arabic never taught me my sister never spoke us i barely knew thing about anything algeria anything until years ago admitted wanted us fully british western something which maybe isnt big deal dont know how exhausting if i want ask him about word algerian ive heard want make sure its correct im scared ask him because dismisses everything somehow makes me feel weird says things teach me english algerian if hes already level forces badly sorry if doesnt make sense i obviously understand people move abroad better opportunities whatever probably doesnt seem big deal i finally went algeria after 8years last year i loved i cant even communicate properly its tiring i know people say im overreacting maybe i am let me know what think im trying rude btw confused,1045
1s5hkae,The Most Beautiful Algerian Palaces... Architectural Masterpieces,"&amp;#x200B;

1. El Bey Palace (Palais du Bey)

While there are a few Bey palaces in Algeria, this imagery closely reflects the majestic palaces built by regional governors during the Ottoman Regency, most notably the Palace of Ahmed Bey in Constantine (built in the 1830s). It is renowned for its expansive courtyards, beautiful Andalusian-style polychrome zellige tiles, and intricately painted wooden ceilings. It served as the seat of power and a symbol of the Bey's authority.

2. El Mechouar Palace

Located in Tlemcen, this palace was the royal residence and fortress of the Zayyanid dynasty, founded in the 13th century by Yaghmurasen Ibn Zyan. It is a masterpiece of Moorish-Andalusian architecture. The palace is highly celebrated for its exquisite, hand-carved stucco work, elegant horseshoe arches, and complex geometric zellige patterns that rival the palaces of Andalusia.

3. Raïs Palace (Bastion 23)

Situated right on the Mediterranean coast in Algiers, this complex was built and expanded during the Ottoman era (16th to 18th centuries) to fortify the lower Casbah. It served as the residence for the famed Algerian naval commanders, the Raïs (corsairs). It is one of the last surviving and most significant examples of Ottoman palatial architecture built directly on the seafront.

4. People's Palace (Palais du Peuple)

Originally built in the late 18th century as a luxurious summer villa for the Ottoman Deys in Algiers, it later became the official residence of the French governor during the colonial period. Today, this architectural gem, characterized by its stunning interior courtyards, twisted marble columns, and lush gardens, is used by the Algerian government to host official state ceremonies and visiting dignitaries.

5. Bardo Villa (Bardo National Museum)

Built in the late 18th century in the Fahs (the rural outskirts) of Algiers by a wealthy exiled prince, this villa is a prime example of a traditional Moorish country retreat. It perfectly captures the essence of the classic Algiers courtyard home. Today, it has been preserved and transformed into the Bardo National Museum of Prehistory and Ethnography.

6. Boulkine Villa

This represents the quintessential domestic architecture of the Algerian elite during the Ottoman era. Villas like this feature the classic 'wast eddar' (inner courtyard), twisted marble pillars, intricately carved wooden balustrades, and vibrant stained glass windows that bathe the interior in colored light. They were designed to provide privacy, cool temperatures, and a peaceful escape from the bustling city.

1. قصر الباي (El Bey Palace)

رغم أنو كاين شحال من قصر تاع الباي في الدزاير، هاد الصور تمثل القصور الفخمة لي بناوها الحكام المحليين في وقت الإيالة العثمانية، وأشهرهم قصر أحمد باي في قسنطينة (تبنى في ثلاثينيات القرن الـ19). هاد القصر معروف بالساحات الكبار تاعو، الزليج الملون المخدوم على الستيل الأندلسي، والأسقف تاع الحطب لي مزخرفة ومصبوغة بدقة. كان هو مركز السلطة والرمز تاع قوة الباي.

2. قصر المشور (El Mechouar Palace)

جاي في تلمسان وهادا كان المقر الملكي والقلعة تاع السلالة الزيانية لي أسسها يغمراسن بن زيان في القرن الـ13. يعتبر تحفة حقيقية في المعمار المغاربي-الأندلسي. القصر مشهور بالنقش المعقد على الجبس، الأقواس الدقيقة، والزليج الهندسي لي ينافس القصور تاع الأندلس.

3. قصر الرياس / حصن 23 (Raïs Palace)

جاي مباشرة على ساحل البحر في العاصمة. هاد المجمع التاريخي تبنى وتوسع في العهد العثماني (بين القرن الـ16 والـ18) باش يقوي الدفاعات تاع القصبة السفلى. كان سكنة لقادة البحرية الدزيريين المشهورين (الرياس). وهو من بين القصور العثمانية القليلة والمهمة بزاف لي بقات شادة روحها ومبنية مباشرة على البحر.

4. قصر الشعب (People's Palace)

في الأصل تبنى في أواخر القرن الـ18 كفيلا صيفية فخمة للدايات تاع العاصمة، ومبعد في وقت الاستعمار رجعوه المقر الرسمي للحاكم الفرنسي. اليوم هاد التحفة المعمارية لي تتميز بالساحات الداخلية الشابة و العرصات تاع الرخام المظفورين والجنانات الكبار، تستعملها الدولة باش تدير فيها المناسبات الرسمية وتستقبل كبار الشخصيات.

5. فيلا باردو (Bardo Villa)

تبنات في أواخر القرن الـ18 في ""الفحص"" (الضواحي الريفية تاع العاصمة بكري) من طرف أمير غني منفي. هاد الفيلا هي مثال رائع على الإقامات الصيفية المغاربية، وتمثل بامتياز العمارة الكلاسيكية لي فيها ""وسط الدار"". اليوم، حافظو عليها ورجعوها المتحف الوطني باردو لِما قبل التاريخ والإثنوغرافيا.

6. فيلا بولوغين (Boulkine Villa)

هادي تمثل المعمار الكلاسيكي تاع الديار لي كانو يسكنو فيهم الطبقة الراقية في الدزاير وقت العثمانيين. الفيلات لي كيما هادي تلقى فيهم ""وسط الدار"" التقليدي، العرصات تاع الرخام المظفورين، الطربوز تاع الحطب المنقوش، والزجاج الملون لي يخلي الضو يدخل للدار بألوان شابة. كانو يبنيوهم باش يوفرو الخصوصية و البرودة في الصيف والهدوء بعيد على الحس تاع المدينة.",appliances,87,12,2026-03-27 22:41:31,Miss-Kija,2026,algeria,2026-04-11 22:25:56.824665,beautiful algerian palaces architectural masterpieces,amp 1 el bey palace palais bey while bey palaces algeria imagery closely reflects majestic palaces built regional governors during ottoman regency notably palace ahmed bey constantine built 1830s renowned its expansive courtyards beautiful andalusian style polychrome zellige tiles intricately painted wooden ceilings served seat power symbol bey authority 2 el mechouar palace located tlemcen palace royal residence fortress zayyanid dynasty founded 13th century yaghmurasen ibn zyan masterpiece moorish andalusian architecture palace highly celebrated its exquisite hand carved stucco work elegant horseshoe arches complex geometric zellige patterns rival palaces andalusia 3 ra palace bastion 23 situated right mediterranean coast algiers complex built expanded during ottoman era 16th 18th centuries fortify lower casbah served residence famed algerian naval commanders ra corsairs one last surviving significant examples ottoman palatial architecture built directly seafront 4 people palace palais peuple originally built late 18th century luxurious summer villa ottoman deys algiers later became official residence french governor during colonial period today architectural gem characterized its stunning interior courtyards twisted marble columns lush gardens used algerian government host official state ceremonies visiting dignitaries 5 bardo villa bardo national museum built late 18th century fahs rural outskirts algiers wealthy exiled prince villa prime example traditional moorish country retreat perfectly captures essence classic algiers courtyard home today preserved transformed into bardo national museum prehistory ethnography 6 boulkine villa represents quintessential domestic architecture algerian elite during ottoman era villas feature classic wast eddar inner courtyard twisted marble pillars intricately carved wooden balustrades vibrant stained glass windows bathe interior colored light designed provide privacy cool temperatures peaceful escape bustling city 1 el bey palace 19 2 el mechouar palace 13 3 23 ra palace 16 18 4 people palace 18 5 bardo villa 18 6 boulkine villa,beautiful algerian palaces architectural masterpieces amp 1 el bey palace palais bey while bey palaces algeria imagery closely reflects majestic palaces built regional governors during ottoman regency notably palace ahmed bey constantine built 1830s renowned its expansive courtyards beautiful andalusian style polychrome zellige tiles intricately painted wooden ceilings served seat power symbol bey authority 2 el mechouar palace located tlemcen palace royal residence fortress zayyanid dynasty founded 13th century yaghmurasen ibn zyan masterpiece moorish andalusian architecture palace highly celebrated its exquisite hand carved stucco work elegant horseshoe arches complex geometric zellige patterns rival palaces andalusia 3 ra palace bastion 23 situated right mediterranean coast algiers complex built expanded during ottoman era 16th 18th centuries fortify lower casbah served residence famed algerian naval commanders ra corsairs one last surviving significant examples ottoman palatial architecture built directly seafront 4 people palace palais peuple originally built late 18th century luxurious summer villa ottoman deys algiers later became official residence french governor during colonial period today architectural gem characterized its stunning interior courtyards twisted marble columns lush gardens used algerian government host official state ceremonies visiting dignitaries 5 bardo villa bardo national museum built late 18th century fahs rural outskirts algiers wealthy exiled prince villa prime example traditional moorish country retreat perfectly captures essence classic algiers courtyard home today preserved transformed into bardo national museum prehistory ethnography 6 boulkine villa represents quintessential domestic architecture algerian elite during ottoman era villas feature classic wast eddar inner courtyard twisted marble pillars intricately carved wooden balustrades vibrant stained glass windows bathe interior colored light designed provide privacy cool temperatures peaceful escape bustling city 1 el bey palace 19 2 el mechouar palace 13 3 23 ra palace 16 18 4 people palace 18 5 bardo villa 18 6 boulkine villa,2105
1s5hcnr,Italy and Spain just made back-to-back visits to Algeria — and both posted about it. Why?,"Dear fellow Algerians,

Something interesting just happened diplomatically, and I’m curious what you all think.

Italy’s PM Giorgia Meloni visited Algeria, and it’s pretty clear the focus was on securing long-term gas deals. Then Spain’s Foreign Minister José Manuel Albares also showed up, and the friendship treaty was restored.

So far, that all makes sense given the current energy situation.

But what really caught my attention is this:

Both Meloni and Albares posted videos on their social media about their visits.

That’s not something we usually see for standard diplomatic trips. It felt more like coordinated public messaging than just protocol.

Do you think this is:

* Just modern diplomacy adapting to social media?
* Or a sign that Algeria is becoming more strategically important (and they want to show it publicly)?

Curious to hear your thoughts.

(P.S. I wrote a more details about these visits on [my site ](https://algerianewsgate.com/)if anyone’s interested, but happy to discuss everything here as well.)",appliances,7,10,2026-03-27 22:33:23,Exciting_Energy_9949,2026,algeria,2026-04-11 22:25:56.824870,italy spain made back back visits algeria posted about why,dear fellow algerians something interesting happened diplomatically i curious what think italy pm giorgia meloni visited algeria pretty clear focus securing long term gas deals spain foreign minister jos manuel albares also showed friendship treaty restored far makes sense given current energy situation what really caught my attention meloni albares posted videos their social media about their visits something usually see standard diplomatic trips felt coordinated public messaging protocol think modern diplomacy adapting social media sign algeria becoming strategically important want show publicly curious hear your thoughts p i wrote details about visits my site anyone interested happy discuss everything,italy spain made back back visits algeria posted about why dear fellow algerians something interesting happened diplomatically i curious what think italy pm giorgia meloni visited algeria pretty clear focus securing long term gas deals spain foreign minister jos manuel albares also showed friendship treaty restored far makes sense given current energy situation what really caught my attention meloni albares posted videos their social media about their visits something usually see standard diplomatic trips felt coordinated public messaging protocol think modern diplomacy adapting social media sign algeria becoming strategically important want show publicly curious hear your thoughts p i wrote details about visits my site anyone interested happy discuss everything,713
1s5g13e,Visa for a US citizen to Algeria,Whats the best way for an American to get visa through travel agency or better apply on their own and how long it takes ,appliances,1,9,2026-03-27 21:42:32,Foreign_Garbage6413,2026,algeria,2026-04-11 22:25:56.866050,visa us citizen algeria,whats best way american get visa through travel agency better apply their how long takes,visa us citizen algeria whats best way american get visa through travel agency better apply their how long takes,88
1s5dfyh,Gold buying options in Algiers,"Hello, I need some information about buying gold, I have some money saved up and I would like to buy multiple 5-10g ingots/coins

Are ingots even available in Algeria? or do they sell only jewelry? how can I ensure not getting scammed? would you recommend any specific stores in Algiers? any other details would be appreciated, and thanks",appliances,3,4,2026-03-27 20:05:50,KhaledG4,2026,algeria,2026-04-11 22:25:56.866943,gold buying options algiers,hello i need information about buying gold i money saved i multiple 5 10g ingots coins ingots even available algeria sell jewelry how can i ensure getting scammed recommend specific stores algiers details appreciated thanks,gold buying options algiers hello i need information about buying gold i money saved i multiple 5 10g ingots coins ingots even available algeria sell jewelry how can i ensure getting scammed recommend specific stores algiers details appreciated thanks,223
1s5denv,I was gone 3 months and my number got reassigned,"in Algeria if u don't use or recharge ur sim for 90 days the line can get blocked 

most ppl don't realize that by activating a sim they've effectively agreed to a policy letting the number be deactivated or reassigned after a short period of inactivity.

imagine waking up after three months in coma ur phone has no signal and now a stranger owns ur number.

three months isn't long people travel lose their phone, get sick, or just stop using sim temporarily. quick recycling creates real security risk.",electronics,6,4,2026-03-27 20:04:36,Silent_Tap9081,2026,algeria,2026-04-11 22:25:56.867098,i gone 3 months my number got reassigned,algeria if u don use recharge ur sim 90 days line can get blocked ppl don realize activating sim ve effectively agreed policy letting number deactivated reassigned after short period inactivity imagine waking after three months coma ur phone signal now stranger owns ur number three months isn long people travel lose their phone get sick stop using sim temporarily quick recycling creates real security risk,i gone 3 months my number got reassigned algeria if u don use recharge ur sim 90 days line can get blocked ppl don realize activating sim ve effectively agreed policy letting number deactivated reassigned after short period inactivity imagine waking after three months coma ur phone signal now stranger owns ur number three months isn long people travel lose their phone get sick stop using sim temporarily quick recycling creates real security risk,408
1s5b7sl,why algeria don't buy chinese and other fighter jets?,"i think the algerien air force should look at the chinese and pakistani fighter jets too. correct me if im wrong in something. i want to discus it im very curious 

",appliances,6,35,2026-03-27 18:44:50,Think-Argument7700,2026,algeria,2026-04-11 22:25:56.867150,why algeria don chinese fighter jets,i think algerien air force look chinese pakistani fighter jets correct me if im wrong something i want discus im curious,why algeria don chinese fighter jets i think algerien air force look chinese pakistani fighter jets correct me if im wrong something i want discus im curious,120
1s59uab,Any ideas/problems u wanna solve?,"So, I’ve been thinking of making money, and I was thinking of some actual ideas that have potential to succeed in Algeria, I first thought of a social media app, then an operating system, but at the end I need to know what I have to solve first, so, please, drop ur ideas here 👇",appliances,2,21,2026-03-27 17:56:44,gramdcat,2026,algeria,2026-04-11 22:25:56.867271,ideas problems u wanna solve,i ve thinking making money i thinking actual ideas potential succeed algeria i first thought social media app operating system end i need know what i solve first please drop ur ideas,ideas problems u wanna solve i ve thinking making money i thinking actual ideas potential succeed algeria i first thought social media app operating system end i need know what i solve first please drop ur ideas,182
1s59qyz,Studying in spain between all the other countries.,"why would an algerian student choose to study in spain not any other country.

what are the advantages of studying in spain especially to an Informatique student.

i personally like the country and the culture so i started considering it as a college destination.

i would appreciate any kind of information.",appliances,1,10,2026-03-27 17:53:30,n_zineb,2026,algeria,2026-04-11 22:25:56.867343,studying spain between countries,why algerian student choose study spain country what advantages studying spain especially informatique student i personally country culture i started considering college destination i appreciate kind information,studying spain between countries why algerian student choose study spain country what advantages studying spain especially informatique student i personally country culture i started considering college destination i appreciate kind information,211
1s57znv,Anyone noticed this year’s spring is really springing,"When i go outside, i cant help but notice how earth is blooming even the air is fresher than usual, not too warm nor too cold just perfect.

Algeria is different in the spring, Im even excited to wake up in the morning the sun rays are mesmerising. that’s all, have a good one guys :)",appliances,45,13,2026-03-27 16:51:47,Emotional-Mix-8425,2026,algeria,2026-04-11 22:25:56.867436,anyone noticed year spring really springing,when i go outside i cant help notice how earth blooming even air fresher usual warm cold perfect algeria different spring im even excited wake morning sun rays mesmerising one guys,anyone noticed year spring really springing when i go outside i cant help notice how earth blooming even air fresher usual warm cold perfect algeria different spring im even excited wake morning sun rays mesmerising one guys,180
1s56qul,Looking for trustworthy car dealership to import a car from China,"Hello everyone,

I’m thinking about importing a car from China, and I know a lot of people go through car dealerships or ""concessionnaires"" who handle everything (buying, shipping, paperwork, etc.), then you just deal with customs here (port fees + *dédouanement*).

The thing is… I don’t know who’s actually trustworthy 😅

If anyone here already went through this process:

* Which concessionnaire did you use?
* How was your experience (price, delays, honesty)?
* Any red flags or scams to avoid?

Ideally looking for someone based in Algiers or nearby.

Also curious:

* What car did you import and from where?
* Was it worth it compared to buying locally?

Thanks a lot 🙏",food,6,2,2026-03-27 16:06:58,Sensitive_Cancel9263,2026,algeria,2026-04-11 22:25:56.867849,looking trustworthy dealership import china,hello everyone i thinking about importing china i know lot people go through dealerships concessionnaires who handle everything buying shipping paperwork etc deal customs port fees d douanement thing i don know who actually trustworthy if anyone already went through process which concessionnaire use how your experience delays honesty red flags scams avoid ideally looking someone based algiers nearby also curious what import where worth compared buying locally thanks lot,looking trustworthy dealership import china hello everyone i thinking about importing china i know lot people go through dealerships concessionnaires who handle everything buying shipping paperwork etc deal customs port fees d douanement thing i don know who actually trustworthy if anyone already went through process which concessionnaire use how your experience delays honesty red flags scams avoid ideally looking someone based algiers nearby also curious what import where worth compared buying locally thanks lot,474
1s56fr7,Algerian reading community rare?,Been going around a few different countries subs and noticed their reading communities are much larger than ours. Do you think we don't read much or is it just a question of representation ,appliances,5,34,2026-03-27 15:55:51,Most--Ardently--,2026,algeria,2026-04-11 22:25:56.867899,algerian reading community rare,going around different countries subs noticed their reading communities much larger ours think don read much question representation,algerian reading community rare going around different countries subs noticed their reading communities much larger ours think don read much question representation,132
1s55s76,Les banques Algériennes - - - - -,"Je Cherchez une meilleure banque en termes de facilité d’octroi de 750 €, ainsi qu’en termes de faibles impôts, et investissements, ce qui signifie que la banque investit votre argent dans des projets réels tels que l’immobilier, le commerce, l’assurance, etc. ",appliances,2,1,2026-03-27 15:32:23,bigfoot_manhunter,2026,algeria,2026-04-11 22:25:56.867971,banques alg riennes,je cherchez meilleure banque en termes facilit d octroi 750 ainsi qu en termes faibles imp ts investissements qui signifie que banque investit votre argent projets r els tels que l immobilier commerce l assurance etc,banques alg riennes je cherchez meilleure banque en termes facilit d octroi 750 ainsi qu en termes faibles imp ts investissements qui signifie que banque investit votre argent projets r els tels que l immobilier commerce l assurance etc,216
1s53dln,Is this normal in other companies,"In my first time flying in a plane in air Algérie, I was expecting a safety instruction guide by flight attendants or atleast a video but we got nothing, so I had to read the little manual they have under the seats, is it just me or is this the norm, god I love this country, proud to be Algerian if we're crashing Ill just recite the shahada because we're all going to die anyways right?",appliances,6,12,2026-03-27 13:58:47,Longjumping_Put2457,2026,algeria,2026-04-11 22:25:56.868093,normal companies,my first time flying plane air alg rie i expecting safety instruction guide flight attendants atleast video got nothing i read little manual seats me norm god i love country proud algerian if re crashing ill recite shahada because re going die anyways right,normal companies my first time flying plane air alg rie i expecting safety instruction guide flight attendants atleast video got nothing i read little manual seats me norm god i love country proud algerian if re crashing ill recite shahada because re going die anyways right,257
1s5271y,"Today, commemorating the martyrdom of a great man and exceptional leader of the Algerian Revolution, Colonel Si Lotfi, killed in 27-03-1962 by the French colonialism.","Today, March 27th. Commemorating the martyrdom of a great man and exceptional leader of the Algerian Revolution, Colonel Martyr Si Lotfi, Commander of the Fifth Wilaya, who fell in the field of honor 66 years ago on this day in 1960 in Bechar...

Despite of his resistance and militantism and class, he let one of the greatest love letters to his wife, just days before his death in the Fifth Wilaya of Bechar, I share it with you and some of his pictures. ",appliances,28,4,2026-03-27 13:06:13,Elbougos,2026,algeria,2026-04-11 22:25:56.868233,today commemorating martyrdom man exceptional leader algerian revolution colonel si lotfi killed 27 03 1962 french colonialism,today march 27th commemorating martyrdom man exceptional leader algerian revolution colonel martyr si lotfi commander fifth wilaya who fell field honor 66 years ago day 1960 bechar despite his resistance militantism class let one greatest love letters his wife days before his death fifth wilaya bechar i share his pictures,today commemorating martyrdom man exceptional leader algerian revolution colonel si lotfi killed 27 03 1962 french colonialism today march 27th commemorating martyrdom man exceptional leader algerian revolution colonel martyr si lotfi commander fifth wilaya who fell field honor 66 years ago day 1960 bechar despite his resistance militantism class let one greatest love letters his wife days before his death fifth wilaya bechar i share his pictures,323
1s51xnk,Stop insulting the martyrs of Algeria,"It's literally getting out of control, im not just talking out of nowhere I’ve dealt with this from different nationalities and I just faced it again yesterday.

Look nobody is forcing you to love Algeria or its people that’s your business but there’s a line you just don't cross, when people sacrificed everything for the idea of freedom you owe them respect, Icons of struggle and liberation are sacred everywhere in the world regardless of culture or language. It’s genuinely sickening to see how dehumanized people have become just to ""prove a point"" in a petty online argument, seeing people insulting them is just tototal loss of humanity.",appliances,865,290,2026-03-27 12:54:04,miraleye,2026,algeria,2026-04-11 22:25:56.868363,stop insulting martyrs algeria,literally getting control im talking nowhere i ve dealt different nationalities i faced again yesterday look nobody forcing love algeria its people your business line don cross when people sacrificed everything idea freedom owe respect icons struggle liberation sacred everywhere world regardless culture language genuinely sickening see how dehumanized people become prove point petty online argument seeing people insulting tototal loss humanity,stop insulting martyrs algeria literally getting control im talking nowhere i ve dealt different nationalities i faced again yesterday look nobody forcing love algeria its people your business line don cross when people sacrificed everything idea freedom owe respect icons struggle liberation sacred everywhere world regardless culture language genuinely sickening see how dehumanized people become prove point petty online argument seeing people insulting tototal loss humanity,447
1s51hsb,where can i find this volume ?,I am looking for this volume (which is not popular in Algeria) so do you know any shop that sells it? or is there anyone among you willing to sell it to me? cuz i can't find it anywhere,appliances,3,9,2026-03-27 12:31:58,Evening_Phrase3723,2026,algeria,2026-04-11 22:26:05.677518,where can i find volume,i am looking volume which popular algeria know shop sells anyone among willing sell me cuz i can find anywhere,where can i find volume i am looking volume which popular algeria know shop sells anyone among willing sell me cuz i can find anywhere,110
1s50xpl,Seeking intermediate financial advice,"I am currently making a solid amount of money freelancing online, but my income is on thin air and i might go back to making $0 anytime

I would like to grow my capital / invest, and or start a business here in algeria, and i'm looking for advice or ideas from people who are or were in my position, would be greatly appreciated.

  
Note: please avoid replying here if you are going to ask me about what i do, i will not be able to help you, and also please avoid random replies, if you are not actually in my position or better i would appreciate it if you don't reply.",appliances,0,19,2026-03-27 12:03:00,Samiedits,2026,algeria,2026-04-11 22:26:05.677610,seeking intermediate financial advice,i am currently making solid amount money freelancing online my income thin air i might go back making 0 anytime i grow my capital invest start business algeria i looking advice ideas people who my position greatly appreciated note please avoid replying if going ask me about what i i able help also please avoid random replies if actually my position better i appreciate if don reply,seeking intermediate financial advice i am currently making solid amount money freelancing online my income thin air i might go back making 0 anytime i grow my capital invest start business algeria i looking advice ideas people who my position greatly appreciated note please avoid replying if going ask me about what i i able help also please avoid random replies if actually my position better i appreciate if don reply,383
1s4pbjc,Where do Algerians shop for self and home defense equipment ?,"As the title suggest, I'm wondering if USA has gun shops what's the equivalent here in Algeria for the citizens to protect themselves and their proprieties ?

PS : not interested in double barrel shotguns.",appliances,0,21,2026-03-27 01:42:14,sonicswink,2026,algeria,2026-04-11 22:26:05.677745,where algerians shop self home defense equipment,title suggest i wondering if usa gun shops what equivalent algeria citizens protect themselves their proprieties ps interested double barrel shotguns,where algerians shop self home defense equipment title suggest i wondering if usa gun shops what equivalent algeria citizens protect themselves their proprieties ps interested double barrel shotguns,149
1s4lk8q,Are Algerian Parents Overprotective Nowadays?,"Do you think the new generation of parents is more protective than the older generation parents (for some of us here, they're our parents)

Why?

And is it really more dangerous for children nowadays if they're not accompanied by an adult (when going to school or a park for example)??",appliances,4,6,2026-03-26 23:09:53,Miss-Kija,2026,algeria,2026-04-11 22:26:05.677837,algerian parents overprotective nowadays,think new generation parents protective older generation parents us re our parents why really dangerous children nowadays if re accompanied adult when going school park example,algerian parents overprotective nowadays think new generation parents protective older generation parents us re our parents why really dangerous children nowadays if re accompanied adult when going school park example,176
1s4koy0,Why would ppl say that Ramadan is no longer the same,"It’s pisses me off the common or the spread idea saying Ramadan is no longer the same. I keep thinking about the reasons and why people would think that, but until now you haven’t find answers why would anyone think that? Ana mafhmtch wchno li machi the same? A friend of mine kept mentioning government and prices and people behavior but how does that has anything to do with ramadan ",food,33,76,2026-03-26 22:36:38,SL_rania,2026,algeria,2026-04-11 22:26:05.677870,why ppl say ramadan longer,pisses me common spread idea saying ramadan longer i keep thinking about reasons why people think until now haven find answers why anyone think ana mafhmtch wchno li machi friend mine kept mentioning government prices people behavior how anything ramadan,why ppl say ramadan longer pisses me common spread idea saying ramadan longer i keep thinking about reasons why people think until now haven find answers why anyone think ana mafhmtch wchno li machi friend mine kept mentioning government prices people behavior how anything ramadan,254
1s4kmer,Donating clothes/shoes Oran and Algiers,Do you guys know places where i can give away clothes and shoes in Oran and Algiers please ? ,appliances,6,5,2026-03-26 22:33:53,Infamous-Giraffe-747,2026,algeria,2026-04-11 22:26:05.677898,donating clothes shoes oran algiers,guys know places where i can give away clothes shoes oran algiers please,donating clothes shoes oran algiers guys know places where i can give away clothes shoes oran algiers please,72
1s4kjns,i hate the fact that I love my country while i am living abroad,"Am i the only person who is happy living abroad but always feeling that it could be better if it was in Algeria and sometimes i just feel so homesick that it's drain me 
I hate you Algeria for making me falling in your love 😓❤️",appliances,8,26,2026-03-26 22:30:51,PackImaginary8227,2026,algeria,2026-04-11 22:26:05.677959,i hate fact i love my country while i am living abroad,am i person who happy living abroad always feeling better if algeria sometimes i feel homesick drain me i hate algeria making me falling your love,i hate fact i love my country while i am living abroad am i person who happy living abroad always feeling better if algeria sometimes i feel homesick drain me i hate algeria making me falling your love,146
1s4fwzs,Looking for working Cafes in Algiers,"Hello

So, I want some recommendations for Cafes in Algiers that are suitable for work.

I seen the working spaces and they seem to not really work out, as I want to change the monotonous nature of working from home and the working spaces (at least the ones I seen in ads) seem to just offer an office and that’s all.

 I wouldn’t mind either a calm or even slightly noisy ones, as I only want to use it once in a while for a change of place that’s all.

I only said Cafes because that’s what I usually see abroad, but if there are other useful spaces like this I would love to hear them!

Thanks in advance! ",appliances,1,2,2026-03-26 19:37:14,RarelySmile000,2026,algeria,2026-04-11 22:26:05.678071,looking working cafes algiers,hello i want recommendations cafes algiers suitable work i seen working spaces seem really work i want change monotonous nature working home working spaces least ones i seen ads seem offer office i wouldn mind either calm even slightly noisy ones i want use while change place i said cafes because what i usually see abroad if useful spaces i love hear thanks advance,looking working cafes algiers hello i want recommendations cafes algiers suitable work i seen working spaces seem really work i want change monotonous nature working home working spaces least ones i seen ads seem offer office i wouldn mind either calm even slightly noisy ones i want use while change place i said cafes because what i usually see abroad if useful spaces i love hear thanks advance,367
1s4f5e7,"got a reportage to do, any ideas?","heyo everyone, as u saw in the title, i got a report (or reportage) to do as a specialized work for my bachelor (travail spécialisé kima un mémoire), the topic is about the prices of food products during and after ramadan.
so my question is has anyone had and did this topic? 
and any ideas how to do it properly and make a professional work? (and yes i have some ideas)
and is there someone that can help me out doing it? im from Béjaïa, i have a mic and the editing is on me!
",food,1,1,2026-03-26 19:09:30,just_medamine21,2026,algeria,2026-04-11 22:26:05.678105,got reportage ideas,heyo everyone u saw title i got report reportage specialized work my bachelor travail sp cialis kima moire topic about prices food products during after ramadan my question anyone topic ideas how properly make professional work yes i ideas someone can help me im b ja i mic editing me,got reportage ideas heyo everyone u saw title i got report reportage specialized work my bachelor travail sp cialis kima moire topic about prices food products during after ramadan my question anyone topic ideas how properly make professional work yes i ideas someone can help me im b ja i mic editing me,284
1s4f12n,I need help to find how to get a medication (cream) from dubai(uae) shipped to algeria,"Hey guys i hope you’re doing well 
Does anyone of you know how i get a cream from dubai shipped to algeria for personal use  is there someone who can specialise in this unfortunately this is only available there in Europe it’s not available 
Pls anyone who can help contact me or advice me
",appliances,3,4,2026-03-26 19:05:13,Unknownsoul2001,2026,algeria,2026-04-11 22:26:05.678174,i need help find how get medication cream dubai uae shipped algeria,hey guys i hope re anyone know how i get cream dubai shipped algeria personal use someone who can specialise unfortunately available europe available pls anyone who can help contact me advice me,i need help find how get medication cream dubai uae shipped algeria hey guys i hope re anyone know how i get cream dubai shipped algeria personal use someone who can specialise unfortunately available europe available pls anyone who can help contact me advice me,194
